ID_Rendimiento;Tournament;Stage;Match Type;Player;Teams;Rounds Played;Rating;Average Combat Score;Kills:Deaths;Kill, Assist, Trade, Survive %;Average Damage Per Round;Kills Per Round;Assists Per Round;First Kills Per Round;First Deaths Per Round;Headshot %;Clutch Success %;Clutches (won/played);Maximum Kills in a Single Map;Kills;Deaths;Assists;First Kills;First Deaths;ID_Jugador;ID_Equipos;ID_Torneo;ID_Etapa;ID_TipoPartida
1;Valorant Champions 2025;Playoffs;Upper Quarterfinals;Boo;Team Heretics;19;46;98;4;0,42;55;32;26;5;26;0,37;0,33;1/3;6;6;15;5;1;5;1;1;1;1;1
2;Valorant Champions 2025;Playoffs;Upper Quarterfinals;Boo;Team Heretics;45;59;114;52;0,58;74;38;2;9;18;0,41;0,14;1/7;11;17;33;9;4;8;1;1;1;1;1
3;Valorant Champions 2025;Playoffs;Upper Quarterfinals;RieNs;Team Heretics;26;121;219;113;0,81;147;69;38;8;4;0,23;0,33;1/3;18;18;16;10;2;1;2;1;1;1;1
4;Valorant Champions 2025;Playoffs;Upper Quarterfinals;RieNs;Team Heretics;45;113;220;94;0,71;145;67;33;7;4;0,24;0,14;1/7;18;30;32;15;3;2;2;1;1;1;1
5;Valorant Champions 2025;Playoffs;Upper Quarterfinals;Wo0t;Team Heretics;45;77;187;69;0,67;124;6;13;13;9;0,28;0,29;2/7;16;27;39;6;6;4;3;1;1;1;1
6;Valorant Champions 2025;Playoffs;Upper Quarterfinals;benjyfishy;Team Heretics;45;72;154;62;0,62;99;51;24;2;2;0,3;0,13;1/8;12;23;37;11;1;1;4;1;1;1;1
7;Valorant Champions 2025;Playoffs;Upper Quarterfinals;MiniBoo;Team Heretics;45;72;154;74;0,47;115;58;4;11;24;0,34;0,67;2/3;18;26;35;2;5;11;5;1;1;1;1
8;Valorant Champions 2025;Playoffs;Upper Quarterfinals;westside;GIANTX;33;87;160;74;0,58;117;61;9;9;9;0,36;0,17;1/6;15;20;27;3;3;3;6;2;1;1;1
9;Valorant Champions 2025;Playoffs;Upper Quarterfinals;Cloud;GIANTX;19;114;217;108;0,89;135;74;37;11;5;0,23;0,2;1/5;14;14;13;7;2;1;7;2;1;1;1
10;Valorant Champions 2025;Playoffs;Upper Quarterfinals;Cloud;GIANTX;33;89;170;75;0,82;115;55;52;6;9;0,24;0,14;1/7;14;18;24;17;2;3;7;2;1;1;1
11;Valorant Champions 2025;Playoffs;Upper Quarterfinals;leaf;G2 Esports;52;11;228;111;0,73;154;79;25;17;2;0,2;0,11;1/9;22;41;37;13;9;1;8;3;1;1;1
107;Valorant Champions 2025;Playoffs;Lower Round 1;Boo;Team Heretics;22;108;176;114;0,77;111;73;32;5;5;0,37;0,29;2/7;16;16;14;7;1;1;1;1;1;1;5
108;Valorant Champions 2025;Playoffs;Lower Round 1;Boo;Team Heretics;55;86;126;75;0,67;84;49;51;4;7;0,29;0,2;2/10;16;27;36;28;2;4;1;1;1;1;5
112;Valorant Champions 2025;Playoffs;Lower Round 1;RieNs;Team Heretics;38;73;153;61;0,61;106;53;29;3;11;0,4;0,5;2/4;14;20;33;11;1;4;2;1;1;1;5
113;Valorant Champions 2025;Playoffs;Lower Round 1;RieNs;Team Heretics;17;184;350;288;0,88;224;135;24;18;0;0,32;1;1/1;23;23;8;4;3;0;2;1;1;1;5
114;Valorant Champions 2025;Playoffs;Lower Round 1;RieNs;Team Heretics;55;107;219;105;0,69;142;78;27;7;7;0,36;0,6;3/5;23;43;41;15;4;4;2;1;1;1;5
109;Valorant Champions 2025;Playoffs;Lower Round 1;benjyfishy;Team Heretics;17;106;170;138;0,94;109;65;24;6;0;0,26;0,5;1/2;11;11;8;4;1;0;4;1;1;1;5
110;Valorant Champions 2025;Playoffs;Lower Round 1;benjyfishy;Team Heretics;22;89;199;71;0,64;133;55;41;18;14;0,25;0,33;1/3;12;12;17;9;4;3;4;1;1;1;5
111;Valorant Champions 2025;Playoffs;Lower Round 1;benjyfishy;Team Heretics;55;87;174;8;0,73;115;58;27;9;5;0,26;0,22;2/9;12;32;40;15;5;3;4;1;1;1;5
91;Valorant Champions 2025;Playoffs;Lower Round 1;westside;GIANTX;33;104;196;118;0,73;120;79;21;6;12;0,36;0,2;1/5;16;26;22;7;2;4;6;2;1;1;5
92;Valorant Champions 2025;Playoffs;Lower Round 1;westside;GIANTX;55;112;211;124;0,69;128;84;25;7;11;0,35;0,14;1/7;20;46;37;14;4;6;6;2;1;1;5
133;Valorant Champions 2025;Playoffs;Lower Round 2;Boo;Team Heretics;22;88;176;76;0,77;119;59;41;9;14;0,39;0,5;1/2;13;13;17;9;2;3;1;1;1;1;6
134;Valorant Champions 2025;Playoffs;Lower Round 2;Boo;Team Heretics;63;85;173;71;0,7;114;56;41;6;1;0,33;0,09;1/11;13;35;49;26;4;6;1;1;1;1;6
141;Valorant Champions 2025;Playoffs;Lower Round 2;RieNs;Team Heretics;39;102;199;97;0,67;128;72;38;8;3;0,38;0,14;1/7;14;28;29;15;3;1;2;1;1;1;6
142;Valorant Champions 2025;Playoffs;Lower Round 2;RieNs;Team Heretics;63;107;207;102;0,7;138;75;35;1;5;0,41;0,1;1/10;19;47;46;22;6;3;2;1;1;1;6
135;Valorant Champions 2025;Playoffs;Lower Round 2;Wo0t;Team Heretics;17;73;130;67;0,47;98;47;24;18;12;0,47;0,33;1/3;8;8;12;4;3;2;3;1;1;1;6
136;Valorant Champions 2025;Playoffs;Lower Round 2;Wo0t;Team Heretics;24;127;282;126;0,67;181;10;13;21;17;0,3;0,25;1/4;24;24;19;3;5;4;3;1;1;1;6
137;Valorant Champions 2025;Playoffs;Lower Round 2;Wo0t;Team Heretics;22;155;292;156;0,86;169;114;18;18;9;0,4;0,5;2/4;25;25;16;4;4;2;3;1;1;1;6
138;Valorant Champions 2025;Playoffs;Lower Round 2;Wo0t;Team Heretics;63;122;235;121;0,68;155;9;17;19;13;0,35;0,36;4/11;25;57;47;11;12;8;3;1;1;1;6
139;Valorant Champions 2025;Playoffs;Lower Round 2;benjyfishy;Team Heretics;22;9;161;93;0,68;97;59;23;9;0;0,28;0,25;1/4;13;13;14;5;2;0;4;1;1;1;6
140;Valorant Champions 2025;Playoffs;Lower Round 2;benjyfishy;Team Heretics;63;83;153;75;0,73;99;52;22;6;3;0,28;0,13;1/8;13;33;44;14;4;2;4;1;1;1;6
157;Valorant Champions 2025;Group Stage;Opening (A);westside;GIANTX;39;103;191;129;0,69;127;69;18;3;1;0,49;1;1/1;15;27;21;7;1;4;6;2;1;2;9
158;Valorant Champions 2025;Group Stage;Opening (A);westside;GIANTX;58;94;181;10;0,59;118;64;12;5;7;0,49;0,17;1/6;15;37;37;7;3;4;6;2;1;2;9
175;Valorant Champions 2025;Group Stage;Winner's (A);westside;GIANTX;66;105;196;10;0,7;129;7;23;12;15;0,45;0,1;1/10;20;46;46;15;8;10;6;2;1;2;10
176;Valorant Champions 2025;Group Stage;Winner's (A);Cloud;GIANTX;23;88;149;69;0,61;102;48;35;0;4;0,24;0,33;1/3;11;11;16;8;0;1;7;2;1;2;10
177;Valorant Champions 2025;Group Stage;Winner's (A);Cloud;GIANTX;66;95;175;8;0,68;124;56;3;6;3;0,31;0,08;1/12;18;37;46;20;4;2;7;2;1;2;10
201;Valorant Champions 2025;Group Stage;Decider (A);Cloud;GIANTX;26;83;184;76;0,62;133;62;23;0;8;0,44;0,2;1/5;16;16;21;6;0;2;7;2;1;2;12
202;Valorant Champions 2025;Group Stage;Decider (A);Cloud;GIANTX;49;97;204;92;0,69;144;67;31;0;8;0,35;0,11;1/9;17;33;36;15;0;4;7;2;1;2;12
12;Valorant Champions 2025;Playoffs;Upper Quarterfinals;leaf;G2 Esports;76;126;273;127;0,75;181;93;21;22;7;0,21;0,11;1/9;30;71;56;16;17;5;8;3;1;1;1
13;Valorant Champions 2025;Playoffs;Upper Quarterfinals;trent;G2 Esports;24;97;156;87;0,71;106;54;25;4;4;0,15;0,2;1/5;13;13;15;6;1;1;9;3;1;1;1
14;Valorant Champions 2025;Playoffs;Upper Quarterfinals;trent;G2 Esports;52;8;150;78;0,65;105;54;19;2;8;0,29;0,25;2/8;21;28;36;10;1;4;9;3;1;1;1
15;Valorant Champions 2025;Playoffs;Upper Quarterfinals;trent;G2 Esports;76;85;152;8;0,67;105;54;21;3;7;0,24;0,23;3/13;21;41;51;16;2;5;9;3;1;1;1
102;Valorant Champions 2025;Playoffs;Lower Round 1;trent;G2 Esports;63;98;195;10;0,71;136;68;14;3;8;0,4;0,17;1/6;16;43;43;9;2;5;9;3;1;1;5
16;Valorant Champions 2025;Playoffs;Upper Quarterfinals;jawgemo;G2 Esports;76;97;205;95;0,67;132;7;11;17;9;0,25;0,27;3/11;25;53;56;8;13;7;10;3;1;1;1
17;Valorant Champions 2025;Playoffs;Upper Quarterfinals;artzin;MIBR;26;161;280;20;0,77;185;92;58;15;12;0,23;0,5;1/2;24;24;12;15;4;3;11;4;1;1;1
18;Valorant Champions 2025;Playoffs;Upper Quarterfinals;artzin;MIBR;45;143;262;163;0,8;171;87;56;18;7;0,22;0,5;1/2;24;39;24;25;8;3;11;4;1;1;1
230;Valorant Champions 2025;Group Stage;Winner's (B);artzin;MIBR;23;115;228;131;0,7;153;74;26;4;9;0,24;0,5;1/2;17;17;13;6;1;2;11;4;1;2;14
231;Valorant Champions 2025;Group Stage;Winner's (B);artzin;MIBR;61;91;193;98;0,66;120;64;3;8;2;0,27;0,2;1/5;17;39;40;18;5;12;11;4;1;2;14
246;Valorant Champions 2025;Group Stage;Decider (B);artzin;MIBR;36;128;256;136;0,72;156;83;58;22;14;0,23;1;1/1;21;30;22;21;8;5;11;4;1;2;16
19;Valorant Champions 2025;Playoffs;Upper Quarterfinals;aspas;MIBR;26;99;192;127;0,85;116;73;15;15;15;0,28;0,5;1/2;19;19;15;4;4;4;12;4;1;1;1
20;Valorant Champions 2025;Playoffs;Upper Quarterfinals;aspas;MIBR;45;119;238;152;0,87;145;84;2;18;9;0,26;0,33;1/3;19;38;25;9;8;4;12;4;1;1;1
244;Valorant Champions 2025;Group Stage;Decider (B);aspas;MIBR;18;151;262;238;0,94;165;106;11;22;0;0,32;1;1/1;19;19;8;2;4;0;12;4;1;2;16
245;Valorant Champions 2025;Group Stage;Decider (B);aspas;MIBR;36;147;254;257;0,89;163;10;11;19;3;0,29;0,5;1/2;19;36;14;4;7;1;12;4;1;2;16
21;Valorant Champions 2025;Playoffs;Upper Quarterfinals;Verno;MIBR;45;107;224;133;0,78;150;8;38;7;9;0,27;0,5;1/2;19;36;27;17;3;4;13;4;1;1;1
41;Valorant Champions 2025;Playoffs;Upper Semifinals;Verno;MIBR;77;103;198;109;0,79;126;61;34;17;4;0,27;0,17;1/6;22;47;43;26;13;3;13;4;1;1;2
221;Valorant Champions 2025;Group Stage;Opening (B);Verno;MIBR;37;144;244;219;0,86;156;95;27;14;5;0,23;0,5;1/2;18;35;16;10;5;2;13;4;1;2;13
228;Valorant Champions 2025;Group Stage;Winner's (B);Verno;MIBR;43;83;179;83;0,72;108;56;28;5;7;0,29;0,17;1/6;16;24;29;12;2;3;13;4;1;2;14
229;Valorant Champions 2025;Group Stage;Winner's (B);Verno;MIBR;61;92;190;93;0,77;115;61;34;5;7;0,25;0,17;1/6;16;37;40;21;3;4;13;4;1;2;14
22;Valorant Champions 2025;Playoffs;Upper Quarterfinals;free1ng;DRX;39;73;134;64;0,59;93;46;15;5;5;0,35;0,17;1/6;10;18;28;6;2;2;14;5;1;1;1
23;Valorant Champions 2025;Playoffs;Upper Quarterfinals;free1ng;DRX;63;68;134;64;0,57;92;48;14;3;8;0,36;0,11;1/9;12;30;47;9;2;5;14;5;1;1;1
125;Valorant Champions 2025;Playoffs;Lower Round 2;free1ng;DRX;23;98;175;93;0,65;115;61;13;4;13;0,38;0,2;1/5;14;14;15;3;1;3;14;5;1;1;6
126;Valorant Champions 2025;Playoffs;Lower Round 2;free1ng;DRX;74;98;193;106;0,68;128;69;2;12;14;0,31;0,1;1/10;23;51;48;15;9;10;14;5;1;1;6
152;Valorant Champions 2025;Playoffs;Lower Final;free1ng;DRX;45;129;226;96;0,69;150;56;18;13;7;0,4;0,29;2/7;15;25;26;8;6;3;14;5;1;1;8
153;Valorant Champions 2025;Playoffs;Lower Final;free1ng;DRX;16;57;123;58;0,5;77;44;6;0;13;0,39;0,33;1/3;7;7;12;1;0;2;14;5;1;1;8
154;Valorant Champions 2025;Playoffs;Lower Final;free1ng;DRX;78;10;180;75;0,62;122;51;15;1;9;0,34;0,21;3/14;15;40;53;12;8;7;14;5;1;1;8
24;Valorant Champions 2025;Playoffs;Upper Quarterfinals;BeYN;DRX;18;71;140;69;0,61;86;5;11;11;17;0,25;1;1/1;9;9;13;2;2;3;15;5;1;1;1
25;Valorant Champions 2025;Playoffs;Upper Quarterfinals;BeYN;DRX;45;111;178;104;0,73;130;58;31;4;0;0,21;0,67;4/6;15;26;25;14;2;0;15;5;1;1;1
26;Valorant Champions 2025;Playoffs;Upper Quarterfinals;BeYN;DRX;63;10;165;92;0,7;118;56;25;6;5;0,22;0,71;5/7;15;35;38;16;4;3;15;5;1;1;1
127;Valorant Champions 2025;Playoffs;Lower Round 2;BeYN;DRX;51;12;210;13;0,69;142;76;22;4;6;0,27;0,5;3/6;24;39;30;11;2;3;15;5;1;1;6
128;Valorant Champions 2025;Playoffs;Lower Round 2;BeYN;DRX;74;111;192;119;0,7;128;69;28;4;5;0,23;0,38;3/8;24;51;43;21;3;4;15;5;1;1;6
27;Valorant Champions 2025;Playoffs;Upper Quarterfinals;MaKo;DRX;63;94;175;93;0,7;114;59;27;1;14;0,22;0,1;1/10;16;37;40;17;6;9;16;5;1;1;1
103;Valorant Champions 2025;Playoffs;Lower Round 1;MaKo;DRX;20;16;261;21;0,85;160;105;55;15;0;0,23;0,33;1/3;21;21;10;11;3;0;16;5;1;1;5
104;Valorant Champions 2025;Playoffs;Lower Round 1;MaKo;DRX;43;113;228;12;0,67;132;84;33;14;16;0,29;0,33;2/6;18;36;30;14;6;7;16;5;1;1;5
105;Valorant Champions 2025;Playoffs;Lower Round 1;MaKo;DRX;63;128;239;143;0,73;141;9;4;14;11;0,27;0,33;3/9;21;57;40;25;9;7;16;5;1;1;5
123;Valorant Champions 2025;Playoffs;Lower Round 2;MaKo;DRX;23;103;162;10;0,83;112;48;35;0;13;0,19;0,5;1/2;11;11;11;8;0;3;16;5;1;1;6
124;Valorant Champions 2025;Playoffs;Lower Round 2;MaKo;DRX;74;9;152;82;0,7;102;5;34;3;8;0,2;0,07;1/14;13;37;45;25;2;6;16;5;1;1;6
28;Valorant Champions 2025;Playoffs;Upper Quarterfinals;crashies;FNATIC;45;86;145;86;0,64;105;53;2;2;2;0,21;0,5;1/2;16;24;28;9;1;1;17;6;1;1;1
29;Valorant Champions 2025;Playoffs;Upper Quarterfinals;crashies;FNATIC;63;92;158;95;0,67;106;59;21;5;3;0,26;0,25;1/4;16;37;39;13;3;2;17;6;1;1;1
42;Valorant Champions 2025;Playoffs;Upper Semifinals;crashies;FNATIC;45;79;138;77;0,78;93;51;31;4;9;0,26;0,2;1/5;14;23;30;14;2;4;17;6;1;1;2
43;Valorant Champions 2025;Playoffs;Upper Semifinals;crashies;FNATIC;17;13;171;171;0,71;117;71;0;6;12;0,33;0,67;2/3;12;12;7;0;1;2;17;6;1;1;2
44;Valorant Champions 2025;Playoffs;Upper Semifinals;crashies;FNATIC;62;93;149;95;0,76;99;56;23;5;1;0,28;0,38;3/8;14;35;37;14;3;6;17;6;1;1;2
77;Valorant Champions 2025;Playoffs;Grand Final;crashies;FNATIC;53;6;139;53;0,64;96;43;36;4;17;0,3;0,13;1/8;9;23;43;19;2;9;17;6;1;1;4
78;Valorant Champions 2025;Playoffs;Grand Final;crashies;FNATIC;102;9;168;8;0,66;116;58;35;6;14;0,28;0,06;1/16;22;59;74;36;6;14;17;6;1;1;4
150;Valorant Champions 2025;Playoffs;Lower Final;crashies;FNATIC;54;132;232;161;0,74;148;83;19;6;4;0,45;0,17;1/6;18;45;28;10;3;2;17;6;1;1;8
151;Valorant Champions 2025;Playoffs;Lower Final;crashies;FNATIC;78;122;225;167;0,77;146;83;19;6;3;0,46;0,14;1/7;20;65;39;15;5;2;17;6;1;1;8
211;Valorant Champions 2025;Group Stage;Opening (B);crashies;FNATIC;43;78;140;62;0,74;102;42;44;5;9;0,26;0,25;1/4;13;18;29;19;2;4;17;6;1;2;13
30;Valorant Champions 2025;Playoffs;Upper Quarterfinals;Alfajer;FNATIC;42;16;304;205;0,81;213;107;26;17;1;0,37;0,25;1/4;25;45;22;11;7;4;18;6;1;1;1
31;Valorant Champions 2025;Playoffs;Upper Quarterfinals;Alfajer;FNATIC;63;146;278;178;0,76;190;102;24;14;13;0,38;0,14;1/7;25;64;36;15;9;8;18;6;1;1;1
75;Valorant Champions 2025;Playoffs;Grand Final;Alfajer;FNATIC;18;104;253;107;0,72;160;89;28;17;22;0,19;0,33;1/3;16;16;15;5;3;4;18;6;1;1;4
76;Valorant Champions 2025;Playoffs;Grand Final;Alfajer;FNATIC;102;95;201;96;0,64;131;71;17;13;1;0,29;0,08;1/13;23;72;75;17;13;10;18;6;1;1;4
32;Valorant Champions 2025;Playoffs;Upper Quarterfinals;kaajak;FNATIC;18;139;203;20;0,78;128;78;28;11;11;0,27;1;1/1;14;14;7;5;2;2;19;6;1;1;1
33;Valorant Champions 2025;Playoffs;Upper Quarterfinals;kaajak;FNATIC;63;134;227;158;0,75;155;83;24;14;11;0,3;0,2;1/5;22;52;33;15;9;7;19;6;1;1;1
47;Valorant Champions 2025;Playoffs;Upper Semifinals;kaajak;FNATIC;40;168;347;192;0,85;219;125;28;3;3;0,32;0,33;1/3;30;50;26;11;12;1;19;6;1;1;2
48;Valorant Champions 2025;Playoffs;Upper Semifinals;kaajak;FNATIC;62;146;315;157;0,82;195;111;31;27;11;0,26;0,25;1/4;30;69;44;19;17;7;19;6;1;1;2
79;Valorant Champions 2025;Playoffs;Grand Final;kaajak;FNATIC;55;112;211;11;0,65;140;82;11;18;7;0,39;0,1;1/10;18;45;41;6;10;4;19;6;1;1;4
80;Valorant Champions 2025;Playoffs;Grand Final;kaajak;FNATIC;102;116;239;12;0,68;156;88;14;23;12;0,36;0,09;1/11;24;90;75;14;23;12;19;6;1;1;4
34;Valorant Champions 2025;Playoffs;Upper Quarterfinals;PatMen;Paper Rex;24;54;105;53;0,63;78;38;13;0;13;0,13;0,2;1/5;9;9;17;3;0;3;20;7;1;1;1
35;Valorant Champions 2025;Playoffs;Upper Quarterfinals;PatMen;Paper Rex;76;83;163;9;0,63;108;61;16;0;5;0,27;0,13;1/8;21;46;51;12;0;4;20;7;1;1;1
117;Valorant Champions 2025;Playoffs;Lower Round 2;PatMen;Paper Rex;24;85;169;87;0,71;112;54;38;0;4;0,3;0,33;1/3;13;13;15;9;0;1;20;7;1;1;6
118;Valorant Champions 2025;Playoffs;Lower Round 2;PatMen;Paper Rex;63;106;197;116;0,76;127;7;4;2;5;0,31;0,14;1/7;16;44;38;25;1;3;20;7;1;1;6
36;Valorant Champions 2025;Playoffs;Upper Quarterfinals;f0rsakeN;Paper Rex;76;114;225;115;0,72;145;82;39;8;16;0,3;0,13;1/8;28;62;54;30;6;12;21;7;1;1;1
115;Valorant Champions 2025;Playoffs;Lower Round 2;f0rsakeN;Paper Rex;41;123;225;119;0,76;137;78;61;12;1;0,31;0,33;1/3;18;32;27;25;5;4;21;7;1;1;6
116;Valorant Champions 2025;Playoffs;Lower Round 2;f0rsakeN;Paper Rex;63;122;245;12;0,78;153;84;54;13;8;0,34;0,2;1/5;21;53;44;34;8;5;21;7;1;1;6
143;Valorant Champions 2025;Playoffs;Lower Round 3;f0rsakeN;Paper Rex;49;74;150;7;0,63;101;53;33;2;1;0,33;0,33;1/3;15;26;37;16;1;5;21;7;1;1;7
163;Valorant Champions 2025;Group Stage;Opening (A);f0rsakeN;Paper Rex;18;159;319;192;0,78;183;128;22;22;11;0,39;0,5;1/2;23;23;12;4;4;2;21;7;1;2;9
164;Valorant Champions 2025;Group Stage;Opening (A);f0rsakeN;Paper Rex;40;136;268;164;0,78;165;103;43;15;18;0,37;0,25;1/4;23;41;25;17;6;7;21;7;1;2;9
181;Valorant Champions 2025;Group Stage;Winner's (A);f0rsakeN;Paper Rex;66;85;174;83;0,77;111;61;52;6;14;0,25;0,17;1/6;17;40;48;34;4;9;21;7;1;2;10
37;Valorant Champions 2025;Playoffs;Upper Quarterfinals;d4v41;Paper Rex;76;83;183;81;0,68;127;58;3;4;11;0,31;0,14;1/7;16;44;54;23;3;8;22;7;1;1;1
52;Valorant Champions 2025;Playoffs;Upper Semifinals;d4v41;Paper Rex;23;125;190;15;0,74;127;78;13;4;13;0,29;0,5;1/2;18;18;12;3;1;3;22;7;1;1;2
53;Valorant Champions 2025;Playoffs;Upper Semifinals;d4v41;Paper Rex;39;93;182;97;0,74;116;72;15;5;8;0,26;0,09;1/11;17;28;29;6;2;3;22;7;1;1;2
54;Valorant Champions 2025;Playoffs;Upper Semifinals;d4v41;Paper Rex;62;105;185;112;0,74;120;74;15;5;1;0,27;0,15;2/13;18;46;41;9;3;6;22;7;1;1;2
121;Valorant Champions 2025;Playoffs;Lower Round 2;d4v41;Paper Rex;41;139;253;161;0,73;166;9;32;17;1;0,25;0,2;1/5;20;37;23;13;7;4;22;7;1;1;6
122;Valorant Champions 2025;Playoffs;Lower Round 2;d4v41;Paper Rex;63;122;235;133;0,68;154;83;33;13;13;0,27;0,14;1/7;20;52;39;21;8;8;22;7;1;1;6
165;Valorant Champions 2025;Group Stage;Opening (A);d4v41;Paper Rex;18;87;139;10;0,61;81;61;39;6;11;0,22;1;3/3;11;11;11;7;1;2;22;7;1;2;9
166;Valorant Champions 2025;Group Stage;Opening (A);d4v41;Paper Rex;40;91;158;10;0,73;107;63;3;5;8;0,22;0,5;3/6;14;25;25;12;2;3;22;7;1;2;9
182;Valorant Champions 2025;Group Stage;Winner's (A);d4v41;Paper Rex;19;106;141;125;0,74;103;53;16;5;0;0,35;0,33;1/3;10;10;8;3;1;0;22;7;1;2;10
183;Valorant Champions 2025;Group Stage;Winner's (A);d4v41;Paper Rex;47;104;188;118;0,7;130;7;26;2;6;0,27;0,11;1/9;19;33;28;12;1;3;22;7;1;2;10
184;Valorant Champions 2025;Group Stage;Winner's (A);d4v41;Paper Rex;66;105;172;119;0,71;122;65;23;3;5;0,29;0,17;2/12;19;43;36;15;2;3;22;7;1;2;10
38;Valorant Champions 2025;Playoffs;Upper Quarterfinals;something;Paper Rex;76;129;245;142;0,76;155;89;18;17;17;0,31;0,11;1/9;28;68;48;14;13;13;23;7;1;1;1
55;Valorant Champions 2025;Playoffs;Upper Semifinals;something;Paper Rex;62;73;162;74;0,6;114;56;15;18;19;0,2;0,2;1/5;16;35;47;9;11;12;23;7;1;1;2
167;Valorant Champions 2025;Group Stage;Opening (A);something;Paper Rex;18;157;308;173;0,83;212;106;5;11;6;0,26;0,33;1/3;19;19;11;9;2;1;23;7;1;2;9
168;Valorant Champions 2025;Group Stage;Opening (A);something;Paper Rex;22;163;258;175;0,91;167;95;55;18;0;0,15;0,5;1/2;21;21;12;12;4;0;23;7;1;2;9
169;Valorant Champions 2025;Group Stage;Opening (A);something;Paper Rex;40;16;283;174;0,88;188;10;53;15;3;0,2;0,4;2/5;21;40;23;21;6;1;23;7;1;2;9
185;Valorant Champions 2025;Group Stage;Winner's (A);something;Paper Rex;47;113;246;127;0,68;151;89;23;19;15;0,29;0,25;1/4;23;42;33;11;9;7;23;7;1;2;10
186;Valorant Champions 2025;Group Stage;Winner's (A);something;Paper Rex;66;126;257;154;0,74;153;95;27;18;12;0,3;0,13;1/8;23;63;41;18;12;8;23;7;1;2;10
39;Valorant Champions 2025;Playoffs;Upper Quarterfinals;skuba;Mega Minors;19;151;226;189;0,89;133;89;42;11;16;0,35;0,2;1/5;17;17;9;8;2;3;24;8;1;1;1
40;Valorant Champions 2025;Playoffs;Upper Quarterfinals;skuba;Mega Minors;33;122;156;162;0,85;102;64;33;6;12;0,31;0,2;1/5;17;21;13;11;2;4;24;8;1;1;1
58;Valorant Champions 2025;Playoffs;Upper Semifinals;skuba;Mega Minors;17;64;130;53;0,53;102;47;6;0;12;0,2;0,2;1/5;8;8;15;1;0;2;24;8;1;1;2
59;Valorant Champions 2025;Playoffs;Upper Semifinals;skuba;Mega Minors;30;115;181;125;0,77;134;67;23;0;7;0,38;0,2;1/5;20;20;16;7;0;2;24;8;1;1;2
60;Valorant Champions 2025;Playoffs;Upper Semifinals;skuba;Mega Minors;77;87;150;74;0,66;113;52;26;3;6;0,24;0,12;2/17;20;40;54;20;2;5;24;8;1;1;2
70;Valorant Champions 2025;Playoffs;Upper Final;skuba;Mega Minors;44;131;240;177;0,77;151;89;23;5;7;0,36;0,43;3/7;22;39;22;10;2;3;24;8;1;1;3
84;Valorant Champions 2025;Playoffs;Grand Final;skuba;Mega Minors;18;119;201;167;0,83;140;83;11;17;0;0,18;0,5;2/4;15;15;9;2;3;0;24;8;1;1;4
85;Valorant Champions 2025;Playoffs;Grand Final;skuba;Mega Minors;35;11;168;135;0,89;109;66;23;3;9;0,32;0,2;1/5;13;23;17;8;1;3;24;8;1;1;4
86;Valorant Champions 2025;Playoffs;Grand Final;skuba;Mega Minors;102;108;192;127;0,8;122;75;16;9;6;0,28;0,23;3/13;22;76;60;16;9;6;24;8;1;1;4
45;Valorant Champions 2025;Playoffs;Upper Semifinals;doma;FNATIC;39;91;172;88;0,77;121;59;23;1;1;0,27;0,5;1/2;12;23;26;9;4;4;25;6;1;1;2
46;Valorant Champions 2025;Playoffs;Upper Semifinals;doma;FNATIC;62;94;167;9;0,73;120;58;21;8;6;0,29;0,14;1/7;13;36;40;13;5;4;25;6;1;1;2
49;Valorant Champions 2025;Playoffs;Upper Semifinals;Chronicle;FNATIC;62;127;266;144;0,73;175;95;23;11;13;0,34;0,25;2/8;31;59;41;14;7;8;26;6;1;1;2
73;Valorant Champions 2025;Playoffs;Grand Final;Chronicle;FNATIC;21;98;221;113;0,71;137;86;33;0;1;0,21;0,33;1/3;18;18;16;7;0;2;26;6;1;1;4
74;Valorant Champions 2025;Playoffs;Grand Final;Chronicle;FNATIC;102;91;177;86;0,62;119;65;27;5;9;0,26;0,07;1/14;18;66;77;28;5;9;26;6;1;1;4
148;Valorant Champions 2025;Playoffs;Lower Final;Chronicle;FNATIC;57;145;273;155;0,75;170;89;26;12;9;0,32;0,17;1/6;18;51;33;15;7;5;26;6;1;1;8
149;Valorant Champions 2025;Playoffs;Lower Final;Chronicle;FNATIC;78;116;228;112;0,69;143;73;26;9;8;0,3;0,14;1/7;18;57;51;20;7;6;26;6;1;1;8
224;Valorant Champions 2025;Group Stage;Winner's (B);Chronicle;FNATIC;41;108;199;93;0,8;140;63;37;7;5;0,27;0,08;1/12;15;26;28;15;3;2;26;6;1;2;14
225;Valorant Champions 2025;Group Stage;Winner's (B);Chronicle;FNATIC;61;95;171;88;0,77;123;57;3;8;5;0,27;0,07;1/14;15;35;40;18;5;3;26;6;1;2;14
50;Valorant Champions 2025;Playoffs;Upper Semifinals;Jinggg;Paper Rex;45;94;208;91;0,8;152;71;31;11;16;0,21;0,2;1/5;19;32;35;14;5;7;27;7;1;1;2
51;Valorant Champions 2025;Playoffs;Upper Semifinals;Jinggg;Paper Rex;62;88;189;85;0,73;136;66;26;8;11;0,23;0,17;1/6;19;41;48;16;5;7;27;7;1;1;2
119;Valorant Champions 2025;Playoffs;Lower Round 2;Jinggg;Paper Rex;39;89;202;97;0,69;127;72;21;8;18;0,12;0,33;1/3;16;28;29;8;3;7;27;7;1;1;6
120;Valorant Champions 2025;Playoffs;Lower Round 2;Jinggg;Paper Rex;63;84;184;91;0,71;114;65;29;5;16;0,16;0,2;1/5;16;41;45;18;3;10;27;7;1;1;6
144;Valorant Champions 2025;Playoffs;Lower Round 3;Jinggg;Paper Rex;21;126;261;133;0,71;181;95;5;19;1;0,35;0,5;1/2;20;20;15;1;4;2;27;7;1;1;7
145;Valorant Champions 2025;Playoffs;Lower Round 3;Jinggg;Paper Rex;49;126;268;141;0,67;178;98;12;22;16;0,39;0,5;1/2;28;48;34;6;11;8;27;7;1;1;7
56;Valorant Champions 2025;Playoffs;Upper Semifinals;s0m;Mega Minors;30;124;192;122;0,7;136;73;27;7;7;0,3;0,5;1/2;22;22;18;8;2;2;28;8;1;1;2
57;Valorant Champions 2025;Playoffs;Upper Semifinals;s0m;Mega Minors;77;93;181;91;0,65;119;66;17;6;14;0,27;0,14;1/7;22;51;56;13;5;11;28;8;1;1;2
64;Valorant Champions 2025;Playoffs;Upper Final;s0m;Mega Minors;26;119;217;112;0,85;136;73;38;4;0;0,22;0,2;1/5;19;19;17;10;1;0;28;8;1;1;3
65;Valorant Champions 2025;Playoffs;Upper Final;s0m;Mega Minors;44;114;209;118;0,82;139;75;36;5;5;0,27;0,2;1/5;19;33;28;16;2;2;28;8;1;1;3
87;Valorant Champions 2025;Playoffs;Grand Final;s0m;Mega Minors;74;99;189;98;0,78;118;68;43;12;8;0,2;0,33;2/6;17;50;51;32;9;6;28;8;1;1;4
88;Valorant Champions 2025;Playoffs;Grand Final;s0m;Mega Minors;102;87;177;86;0,75;109;62;36;9;12;0,21;0,2;2/10;17;63;73;37;9;12;28;8;1;1;4
61;Valorant Champions 2025;Playoffs;Upper Semifinals;mada;Mega Minors;30;108;193;105;0,6;114;67;23;1;17;0,31;0,33;1/3;20;20;19;7;3;5;29;8;1;1;2
62;Valorant Champions 2025;Playoffs;Upper Semifinals;mada;Mega Minors;77;84;156;8;0,6;106;57;17;13;21;0,28;0,17;1/6;20;44;55;13;10;16;29;8;1;1;2
66;Valorant Champions 2025;Playoffs;Upper Final;mada;Mega Minors;26;66;176;75;0,46;118;58;8;15;46;0,42;1;1/1;15;15;20;2;4;12;29;8;1;1;3
67;Valorant Champions 2025;Playoffs;Upper Final;mada;Mega Minors;44;89;211;10;0,55;135;7;9;16;32;0,35;1;1/1;16;31;31;4;7;14;29;8;1;1;3
63;Valorant Champions 2025;Playoffs;Upper Semifinals;brawk;Mega Minors;77;97;195;81;0,68;131;57;35;5;9;0,16;0,3;3/10;20;44;54;27;4;7;30;8;1;1;2
89;Valorant Champions 2025;Playoffs;Grand Final;brawk;Mega Minors;19;104;203;108;0,74;117;74;42;5;11;0,08;0,33;1/3;14;14;13;8;1;2;30;8;1;1;4
90;Valorant Champions 2025;Playoffs;Grand Final;brawk;Mega Minors;102;127;244;138;0,81;151;82;39;7;5;0,21;0,07;1/14;24;84;61;40;7;5;30;8;1;1;4
68;Valorant Champions 2025;Playoffs;Upper Final;Ethan;Mega Minors;26;88;170;83;0,77;105;58;5;12;12;0,18;0,5;1/2;15;15;18;13;3;3;31;8;1;1;3
69;Valorant Champions 2025;Playoffs;Upper Final;Ethan;Mega Minors;44;94;172;93;0,77;109;59;41;11;14;0,22;0,25;1/4;15;26;28;18;5;6;31;8;1;1;3
81;Valorant Champions 2025;Playoffs;Grand Final;Ethan;Mega Minors;18;171;355;192;0,83;223;128;5;11;11;0,27;1;1/1;23;23;12;9;2;2;31;8;1;1;4
82;Valorant Champions 2025;Playoffs;Grand Final;Ethan;Mega Minors;37;104;171;109;0,73;107;65;32;5;14;0,22;0,33;1/3;13;24;22;12;2;5;31;8;1;1;4
83;Valorant Champions 2025;Playoffs;Grand Final;Ethan;Mega Minors;102;112;208;124;0,75;128;75;34;5;9;0,24;0,33;2/6;23;77;62;35;5;9;31;8;1;1;4
71;Valorant Champions 2025;Playoffs;Grand Final;Boaster;FNATIC;58;66;126;51;0,72;84;36;43;2;3;0,13;0,25;1/4;9;21;41;25;1;2;32;6;1;1;4
72;Valorant Champions 2025;Playoffs;Grand Final;Boaster;FNATIC;102;68;126;52;0,7;83;37;38;4;6;0,15;0,13;1/8;11;38;73;39;4;6;32;6;1;1;4
146;Valorant Champions 2025;Playoffs;Lower Final;Boaster;FNATIC;33;13;174;183;0,79;106;67;21;0;3;0,16;0,5;1/2;12;22;12;7;0;1;32;6;1;1;8
147;Valorant Champions 2025;Playoffs;Lower Final;Boaster;FNATIC;78;96;146;93;0,73;87;53;33;1;5;0,25;0,17;1/6;12;41;44;26;1;4;32;6;1;1;8
209;Valorant Champions 2025;Group Stage;Opening (B);Boaster;FNATIC;20;196;306;30;0,9;187;12;25;5;0;0,53;1;2/2;24;24;8;5;1;0;32;6;1;2;13
210;Valorant Champions 2025;Group Stage;Opening (B);Boaster;FNATIC;43;144;221;164;0,77;135;84;3;2;2;0,52;0,5;2/4;24;36;22;13;1;1;32;6;1;2;13
222;Valorant Champions 2025;Group Stage;Winner's (B);Boaster;FNATIC;38;83;132;62;0,61;98;42;39;5;16;0,22;0,25;1/4;12;16;26;15;2;6;32;6;1;2;14
223;Valorant Champions 2025;Group Stage;Winner's (B);Boaster;FNATIC;61;85;134;68;0,66;97;43;41;5;18;0,23;0,17;1/6;12;26;38;25;3;11;32;6;1;2;14
93;Valorant Champions 2025;Playoffs;Lower Round 1;ara;GIANTX;17;94;185;71;0,65;137;59;24;6;24;0,25;0,5;1/2;10;10;14;4;1;4;33;2;1;1;5
94;Valorant Champions 2025;Playoffs;Lower Round 1;ara;GIANTX;55;92;203;81;0,65;138;62;27;18;15;0,25;0,33;1/3;14;34;42;15;10;8;33;2;1;1;5
178;Valorant Champions 2025;Group Stage;Winner's (A);ara;GIANTX;19;72;162;69;0,53;109;58;11;0;0;0,43;0,2;1/5;11;11;16;2;0;0;33;2;1;2;10
179;Valorant Champions 2025;Group Stage;Winner's (A);ara;GIANTX;66;103;210;111;0,62;138;79;9;15;14;0,33;0,14;1/7;26;52;47;6;10;9;33;2;1;2;10
203;Valorant Champions 2025;Group Stage;Decider (A);ara;GIANTX;26;146;297;142;0,62;184;104;12;27;4;0,33;1;1/1;27;27;19;3;7;1;33;2;1;2;12
204;Valorant Champions 2025;Group Stage;Decider (A);ara;GIANTX;49;153;304;174;0,67;187;11;8;27;12;0,25;0,5;1/2;27;54;31;4;13;6;33;2;1;2;12
95;Valorant Champions 2025;Playoffs;Lower Round 1;Flickless;GIANTX;38;121;239;136;0,84;156;79;5;11;3;0,28;0,14;1/7;17;30;22;19;4;1;34;2;1;1;5
96;Valorant Champions 2025;Playoffs;Lower Round 1;Flickless;GIANTX;55;115;227;116;0,85;144;78;49;9;4;0,28;0,07;1/14;17;43;37;27;5;2;34;2;1;1;5
155;Valorant Champions 2025;Group Stage;Opening (A);Flickless;GIANTX;39;115;186;132;0,95;125;64;59;0;5;0,27;0,5;1/2;13;25;19;23;0;2;34;2;1;2;9
156;Valorant Champions 2025;Group Stage;Opening (A);Flickless;GIANTX;58;98;159;10;0,84;106;55;47;2;9;0,26;0,33;1/3;13;32;32;27;1;5;34;2;1;2;9
205;Valorant Champions 2025;Group Stage;Decider (A);Flickless;GIANTX;26;57;109;47;0,62;78;35;35;4;12;0,21;0,5;1/2;9;9;19;9;1;3;34;2;1;2;12
206;Valorant Champions 2025;Group Stage;Decider (A);Flickless;GIANTX;49;93;166;83;0,71;108;51;55;4;8;0,25;0,2;1/5;16;25;30;27;2;4;34;2;1;2;12
97;Valorant Champions 2025;Playoffs;Lower Round 1;valyn;G2 Esports;23;85;170;88;0,74;105;61;22;4;4;0,24;0,5;1/2;14;14;16;5;1;1;35;3;1;1;5
98;Valorant Champions 2025;Playoffs;Lower Round 1;valyn;G2 Esports;20;116;149;125;0,8;80;5;65;1;1;0,27;1;1/1;10;10;8;13;2;2;35;3;1;1;5
99;Valorant Champions 2025;Playoffs;Lower Round 1;valyn;G2 Esports;63;109;184;105;0,76;109;63;37;8;5;0,28;0,33;2/6;16;40;38;23;5;3;35;3;1;1;5
100;Valorant Champions 2025;Playoffs;Lower Round 1;JonahP;G2 Esports;40;76;128;54;0,65;81;33;4;5;13;0,15;0,4;2/5;11;13;24;16;2;5;36;3;1;1;5
101;Valorant Champions 2025;Playoffs;Lower Round 1;JonahP;G2 Esports;63;83;145;72;0,67;89;44;38;3;13;0,15;0,25;2/8;15;28;39;24;2;8;36;3;1;1;5
106;Valorant Champions 2025;Playoffs;Lower Round 1;HYUNMIN;DRX;63;123;217;121;0,76;149;75;37;6;11;0,38;0,33;1/3;30;47;39;23;4;7;37;5;1;1;5
129;Valorant Champions 2025;Playoffs;Lower Round 2;Flashback;DRX;51;112;238;123;0,63;153;84;22;2;16;0,22;0,5;1/2;23;43;35;11;10;8;38;5;1;1;6
130;Valorant Champions 2025;Playoffs;Lower Round 2;Flashback;DRX;74;92;211;98;0,57;138;74;19;16;23;0,22;0,5;1/2;23;55;56;14;12;17;38;5;1;1;6
131;Valorant Champions 2025;Playoffs;Lower Round 2;xenom;MIBR;51;93;154;82;0,75;98;53;45;2;8;0,22;0,11;1/9;17;27;33;23;1;4;39;4;1;1;6
132;Valorant Champions 2025;Playoffs;Lower Round 2;xenom;MIBR;74;92;152;77;0,74;95;5;58;3;7;0,22;0,08;1/12;17;37;48;43;2;5;39;4;1;1;6
242;Valorant Champions 2025;Group Stage;Decider (B);xenom;MIBR;18;144;193;188;0,83;124;83;28;0;0;0,46;0,5;2/4;15;15;8;5;0;0;39;4;1;2;16
243;Valorant Champions 2025;Group Stage;Decider (B);xenom;MIBR;36;115;164;144;0,86;105;64;36;6;6;0,45;0,5;2/4;15;23;16;13;2;2;39;4;1;2;16
159;Valorant Champions 2025;Group Stage;Opening (A);grubinho;GIANTX;58;8;173;86;0,72;111;62;34;12;9;0,27;0,2;1/5;17;36;42;20;7;5;40;2;1;2;9
180;Valorant Champions 2025;Group Stage;Winner's (A);grubinho;GIANTX;66;88;174;78;0,74;112;61;32;9;9;0,26;0,2;1/5;15;40;51;21;6;6;40;2;1;2;10
199;Valorant Champions 2025;Group Stage;Decider (A);grubinho;GIANTX;26;98;179;84;0,69;124;62;38;15;15;0,36;0,5;2/4;16;16;19;10;4;4;40;2;1;2;12
200;Valorant Champions 2025;Group Stage;Decider (A);grubinho;GIANTX;49;8;154;69;0,67;102;51;53;12;1;0,4;0,5;2/4;16;25;36;26;6;5;40;2;1;2;12
160;Valorant Champions 2025;Group Stage;Opening (A);N4RRATE;Sentinels;36;134;225;129;0,81;137;75;61;8;8;0,27;0,25;2/8;15;27;21;22;3;3;41;9;1;2;9
161;Valorant Champions 2025;Group Stage;Opening (A);N4RRATE;Sentinels;58;105;204;95;0,71;133;66;47;7;9;0,32;0,22;2/9;15;38;40;27;4;5;41;9;1;2;9
193;Valorant Champions 2025;Group Stage;Elimination (A);N4RRATE;Sentinels;24;74;156;72;0,67;98;54;38;8;25;0,22;0,2;1/5;13;13;18;9;2;6;41;9;1;2;11
194;Valorant Champions 2025;Group Stage;Elimination (A);N4RRATE;Sentinels;68;87;176;8;0,69;112;6;32;6;12;0,2;0,11;1/9;19;41;51;22;4;8;41;9;1;2;11
162;Valorant Champions 2025;Group Stage;Opening (A);zekken;Sentinels;58;95;237;10;0,71;161;79;31;17;22;0,27;0,2;1/5;20;46;46;18;10;13;42;9;1;2;9
195;Valorant Champions 2025;Group Stage;Elimination (A);zekken;Sentinels;21;65;168;58;0,52;128;52;19;1;33;0,28;0,33;1/3;11;11;19;4;2;7;42;9;1;2;11
196;Valorant Champions 2025;Group Stage;Elimination (A);zekken;Sentinels;68;10;222;89;0,66;155;71;31;15;19;0,25;0,25;1/4;23;48;54;21;10;13;42;9;1;2;11
170;Valorant Champions 2025;Group Stage;Opening (A);Viva;Xi Lai Gaming;22;92;178;88;0,55;112;64;23;0;14;0,41;0,4;2/5;14;14;16;5;0;3;43;10;1;2;9
171;Valorant Champions 2025;Group Stage;Opening (A);Viva;Xi Lai Gaming;18;5;106;43;0,61;77;33;33;0;0;0,28;0,25;1/4;6;6;14;6;0;0;43;10;1;2;9
172;Valorant Champions 2025;Group Stage;Opening (A);Viva;Xi Lai Gaming;40;73;142;67;0,58;96;5;28;0;8;0,35;0,33;3/9;14;20;30;11;0;3;43;10;1;2;9
173;Valorant Champions 2025;Group Stage;Opening (A);Rarga;Xi Lai Gaming;22;98;183;88;0,64;130;64;14;14;5;0,24;0,5;1/2;14;14;16;3;3;1;44;10;1;2;9
174;Valorant Champions 2025;Group Stage;Opening (A);Rarga;Xi Lai Gaming;40;96;192;84;0,68;125;68;23;13;8;0,27;0,33;1/3;14;27;32;9;5;3;44;10;1;2;9
187;Valorant Champions 2025;Group Stage;Elimination (A);happywei;Xi Lai Gaming;24;149;270;177;0,88;172;96;25;17;4;0,35;0,25;1/4;23;23;13;6;4;1;45;10;1;2;11
188;Valorant Champions 2025;Group Stage;Elimination (A);happywei;Xi Lai Gaming;68;134;262;15;0,81;169;93;4;13;4;0,38;0,13;1/8;24;63;42;27;9;3;45;10;1;2;11
207;Valorant Champions 2025;Group Stage;Decider (A);happywei;Xi Lai Gaming;26;109;266;126;0,73;170;92;15;8;15;0,44;0,2;1/5;24;24;19;4;2;4;45;10;1;2;12
208;Valorant Champions 2025;Group Stage;Decider (A);happywei;Xi Lai Gaming;49;86;200;92;0,67;133;69;2;6;24;0,45;0,2;1/5;24;34;37;10;3;12;45;10;1;2;12
189;Valorant Champions 2025;Group Stage;Elimination (A);NoMan;Xi Lai Gaming;24;87;185;10;0,67;130;63;29;0;8;0,42;0,33;1/3;15;15;15;7;0;2;46;10;1;2;11
190;Valorant Champions 2025;Group Stage;Elimination (A);NoMan;Xi Lai Gaming;68;102;204;12;0,74;137;71;15;7;9;0,34;0,11;1/9;23;48;40;10;5;6;46;10;1;2;11
191;Valorant Champions 2025;Group Stage;Elimination (A);bang;Sentinels;23;91;175;115;0,74;117;65;22;9;4;0,36;0,33;1/3;15;15;13;5;2;1;47;9;1;2;11
192;Valorant Champions 2025;Group Stage;Elimination (A);bang;Sentinels;68;82;150;83;0,69;101;56;32;4;7;0,37;0,25;1/4;15;38;46;22;3;5;47;9;1;2;11
197;Valorant Champions 2025;Group Stage;Elimination (A);johnqt;Sentinels;45;106;179;93;0,73;122;58;27;0;4;0,31;0,2;2/10;15;26;28;12;0;2;48;9;1;2;11
198;Valorant Champions 2025;Group Stage;Elimination (A);johnqt;Sentinels;68;104;167;98;0,76;116;57;25;1;3;0,32;0,14;2/14;15;39;40;17;1;2;48;9;1;2;11
212;Valorant Champions 2025;Group Stage;Opening (B);Levius;Bilibili Gaming;15;42;77;5;0,47;44;33;7;7;2;0,3;0,17;1/6;5;5;10;1;1;3;49;11;1;2;13
213;Valorant Champions 2025;Group Stage;Opening (B);Levius;Bilibili Gaming;37;77;135;73;0,49;92;51;14;11;11;0,22;0,11;1/9;14;19;26;5;4;4;49;11;1;2;13
214;Valorant Champions 2025;Group Stage;Opening (B);xffero;Rex Regum Qeon;43;64;144;66;0,6;101;49;16;7;12;0,27;0,25;1/4;14;21;32;7;3;5;50;12;1;2;13
215;Valorant Champions 2025;Group Stage;Opening (B);Kushy;Rex Regum Qeon;23;135;264;133;0,7;189;87;26;17;9;0,46;0,5;1/2;20;20;15;6;4;2;51;12;1;2;13
216;Valorant Champions 2025;Group Stage;Opening (B);Kushy;Rex Regum Qeon;43;121;254;119;0,67;175;86;21;14;12;0,49;0,25;1/4;20;37;31;9;6;5;51;12;1;2;13
238;Valorant Champions 2025;Group Stage;Elimination (B);Kushy;Rex Regum Qeon;41;74;160;81;0,63;108;63;7;2;12;0,38;0,2;1/5;15;26;32;3;1;5;51;12;1;2;15
239;Valorant Champions 2025;Group Stage;Elimination (B);Kushy;Rex Regum Qeon;58;89;169;85;0,71;109;6;4;7;12;0,32;0,17;1/6;15;35;41;23;4;7;51;12;1;2;15
217;Valorant Champions 2025;Group Stage;Opening (B);crazyguy;Rex Regum Qeon;20;87;179;8;0,75;128;6;25;0;1;0,38;0,29;2/7;12;12;15;5;0;2;52;12;1;2;13
218;Valorant Champions 2025;Group Stage;Opening (B);crazyguy;Rex Regum Qeon;43;7;154;68;0,72;106;49;21;0;9;0,22;0,2;2/10;12;21;31;9;0;4;52;12;1;2;13
236;Valorant Champions 2025;Group Stage;Elimination (B);crazyguy;Rex Regum Qeon;20;91;166;92;0,55;123;6;2;1;15;0,4;0,33;1/3;12;12;13;4;2;3;52;12;1;2;15
237;Valorant Champions 2025;Group Stage;Elimination (B);crazyguy;Rex Regum Qeon;58;103;165;10;0,69;122;59;4;7;9;0,26;0,14;1/7;15;34;34;23;4;5;52;12;1;2;15
219;Valorant Champions 2025;Group Stage;Opening (B);cortezia;MIBR;15;124;207;171;0,87;150;8;13;2;0;0,4;0,5;1/2;12;12;7;2;3;0;53;4;1;2;13
220;Valorant Champions 2025;Group Stage;Opening (B);cortezia;MIBR;37;112;204;133;0,78;140;76;24;14;11;0,29;0,17;1/6;16;28;21;9;5;4;53;4;1;2;13
226;Valorant Champions 2025;Group Stage;Winner's (B);cortezia;MIBR;18;132;228;178;0,78;139;89;11;11;0;0,34;0,5;2/4;16;16;9;2;2;0;53;4;1;2;14
227;Valorant Champions 2025;Group Stage;Winner's (B);cortezia;MIBR;61;81;163;93;0,7;104;61;13;5;1;0,34;0,22;2/9;16;37;40;8;3;6;53;4;1;2;14
232;Valorant Champions 2025;Group Stage;Elimination (B);nephh;Bilibili Gaming;38;108;214;108;0,61;132;74;24;8;11;0,18;0,14;1/7;18;28;26;9;3;4;54;11;1;2;15
233;Valorant Champions 2025;Group Stage;Elimination (B);nephh;Bilibili Gaming;58;102;179;97;0,66;110;6;34;7;1;0,21;0,13;1/8;18;35;36;20;4;6;54;11;1;2;15
234;Valorant Champions 2025;Group Stage;Elimination (B);Knight;Bilibili Gaming;21;106;174;93;0,71;125;62;48;0;1;0,35;0,5;2/4;13;13;14;10;0;2;55;11;1;2;15
235;Valorant Champions 2025;Group Stage;Elimination (B);Knight;Bilibili Gaming;58;114;189;108;0,69;130;71;28;5;1;0,26;0,2;2/10;20;41;38;16;3;6;55;11;1;2;15
240;Valorant Champions 2025;Group Stage;Elimination (B);Monyet;Rex Regum Qeon;21;131;284;15;0,76;181;10;24;1;1;0,21;1;1/1;21;21;14;5;2;2;56;12;1;2;15
241;Valorant Champions 2025;Group Stage;Elimination (B);Monyet;Rex Regum Qeon;58;12;223;128;0,74;142;79;45;1;7;0,26;0,25;1/4;21;46;36;26;6;4;56;12;1;2;15
249;Valorant Champions 2025;Group Stage;Decider (B);Monyet;Rex Regum Qeon;18;94;197;86;0,67;118;67;39;6;22;0,26;0,5;1/2;12;12;14;7;1;4;56;12;1;2;16
247;Valorant Champions 2025;Group Stage;Decider (B);Jemkin;Rex Regum Qeon;18;115;252;115;0,44;162;83;11;17;22;0,48;0,5;1/2;15;15;13;2;3;4;57;12;1;2;16
248;Valorant Champions 2025;Group Stage;Decider (B);Jemkin;Rex Regum Qeon;36;84;179;78;0,47;117;58;11;11;19;0,42;0,2;1/5;15;21;27;4;4;7;57;12;1;2;16
250;Valorant Champions 2025;Group Stage;Decider (B);Monyet;Rex Regum Qeon;36;83;160;71;0,64;105;56;39;3;14;0,3;0,14;1/7;12;20;28;14;1;5;56;12;1;2;16
251;Valorant Champions 2025;Group Stage;Opening (C);MaKo;DRX;23;123;205;17;0,91;129;74;39;4;4;0,36;0,5;1/2;17;17;10;9;1;1;16;5;1;2;17
252;Valorant Champions 2025;Group Stage;Opening (C);MaKo;DRX;21;14;210;17;0,81;139;81;48;1;1;0,47;0,25;1/4;17;17;10;10;2;2;16;5;1;2;17
253;Valorant Champions 2025;Group Stage;Opening (C);MaKo;DRX;44;131;208;17;0,86;134;77;43;7;7;0,41;0,33;2/6;17;34;20;19;3;3;16;5;1;2;17
254;Valorant Champions 2025;Group Stage;Opening (C);BeYN;DRX;21;81;151;69;0,95;104;43;57;5;5;0,24;0,33;1/3;9;9;13;12;1;1;15;5;1;2;17
255;Valorant Champions 2025;Group Stage;Opening (C);BeYN;DRX;44;101;188;108;0,82;124;64;43;9;9;0,3;0,25;1/4;19;28;26;19;4;4;15;5;1;2;17
256;Valorant Champions 2025;Group Stage;Opening (C);keiko;Team Liquid;23;114;191;10;0,7;125;65;35;9;0;0,52;0,25;1/4;15;15;15;8;2;0;58;13;1;2;17
257;Valorant Champions 2025;Group Stage;Opening (C);keiko;Team Liquid;21;115;238;10;0,67;147;81;38;19;5;0,53;0,5;1/2;17;17;17;8;4;1;58;13;1;2;17
258;Valorant Champions 2025;Group Stage;Opening (C);keiko;Team Liquid;44;114;214;10;0,68;136;73;36;14;2;0,53;0,33;2/6;17;32;32;16;6;1;58;13;1;2;17
259;Valorant Champions 2025;Group Stage;Opening (C);paTiTek;Team Liquid;23;79;152;81;0,52;95;57;17;0;17;0,35;0,33;1/3;13;13;16;4;0;4;59;13;1;2;17
260;Valorant Champions 2025;Group Stage;Opening (C);paTiTek;Team Liquid;44;87;164;78;0,55;106;57;32;2;11;0,28;0,25;1/4;13;25;32;14;1;5;59;13;1;2;17
261;Valorant Champions 2025;Group Stage;Opening (C);nobody;EDward Gaming;24;97;175;88;0,75;118;63;21;8;8;0,26;0,33;1/3;15;15;17;5;2;2;60;14;1;2;17
262;Valorant Champions 2025;Group Stage;Opening (C);nobody;EDward Gaming;56;97;176;9;0,73;120;63;18;7;5;0,32;0,25;1/4;20;35;39;10;4;3;60;14;1;2;17
263;Valorant Champions 2025;Group Stage;Opening (C);Smoggy;EDward Gaming;56;123;222;135;0,77;143;82;38;4;0;0,32;0,15;2/13;26;46;34;21;2;0;61;14;1;2;17
264;Valorant Champions 2025;Group Stage;Opening (C);s0m;Mega Minors;24;13;253;135;0,79;166;96;5;4;8;0,24;0,25;1/4;23;23;17;12;1;2;28;8;1;2;17
265;Valorant Champions 2025;Group Stage;Opening (C);s0m;Mega Minors;56;102;210;10;0,71;134;73;39;5;11;0,26;0,14;1/7;23;41;41;22;3;6;28;8;1;2;17
266;Valorant Champions 2025;Group Stage;Opening (C);Ethan;Mega Minors;24;13;236;119;0,71;155;79;71;8;8;0,21;1;1/1;19;19;16;17;2;2;31;8;1;2;17
267;Valorant Champions 2025;Group Stage;Opening (C);Ethan;Mega Minors;56;114;220;103;0,68;150;7;57;7;14;0,31;0,33;1/3;20;39;38;32;4;8;31;8;1;2;17
268;Valorant Champions 2025;Group Stage;Opening (C);mada;Mega Minors;32;123;279;129;0,72;191;97;13;16;13;0,27;0,25;1/4;31;31;24;4;5;4;29;8;1;2;17
269;Valorant Champions 2025;Group Stage;Opening (C);mada;Mega Minors;56;10;216;11;0,66;153;82;16;14;16;0,26;0,2;1/5;31;46;42;9;8;9;29;8;1;2;17
270;Valorant Champions 2025;Group Stage;Opening (C);skuba;Mega Minors;24;129;244;127;0,83;168;79;38;8;17;0,43;0,33;2/6;19;19;15;9;2;4;24;8;1;2;17
271;Valorant Champions 2025;Group Stage;Opening (C);skuba;Mega Minors;32;115;230;133;0,75;139;88;16;6;0;0,28;0,33;1/3;28;28;21;5;2;0;24;8;1;2;17
272;Valorant Champions 2025;Group Stage;Opening (C);skuba;Mega Minors;56;121;237;131;0,79;152;84;25;7;7;0,34;0,33;3/9;28;47;36;14;4;4;24;8;1;2;17
273;Valorant Champions 2025;Group Stage;Winner's (C);free1ng;DRX;17;135;199;20;0,82;127;82;24;6;6;0,33;1;1/1;14;14;7;4;1;1;14;5;1;2;18
274;Valorant Champions 2025;Group Stage;Winner's (C);free1ng;DRX;24;73;147;81;0,75;111;54;13;17;8;0,48;0,5;1/2;13;13;16;3;4;2;14;5;1;2;18
275;Valorant Champions 2025;Group Stage;Winner's (C);free1ng;DRX;65;8;154;85;0,69;106;54;18;11;11;0,3;0,29;2/7;14;35;41;12;7;7;14;5;1;2;18
276;Valorant Champions 2025;Group Stage;Winner's (C);BeYN;DRX;48;107;214;116;0,65;136;77;25;4;1;0,39;0,29;2/7;21;37;32;12;2;5;15;5;1;2;18
277;Valorant Champions 2025;Group Stage;Winner's (C);BeYN;DRX;17;104;188;109;0,71;125;71;24;0;6;0,46;0,5;1/2;12;12;11;4;0;1;15;5;1;2;18
278;Valorant Champions 2025;Group Stage;Winner's (C);BeYN;DRX;65;107;205;114;0,66;133;75;25;3;9;0,41;0,33;3/9;21;49;43;16;2;6;15;5;1;2;18
279;Valorant Champions 2025;Group Stage;Winner's (C);Flashback;DRX;17;122;229;136;0,53;159;88;18;18;24;0,28;1;1/1;15;15;11;3;3;4;38;5;1;2;18
280;Valorant Champions 2025;Group Stage;Winner's (C);Flashback;DRX;65;131;275;14;0,74;182;102;14;23;15;0,29;0,2;1/5;26;66;47;9;15;10;38;5;1;2;18
281;Valorant Champions 2025;Group Stage;Winner's (C);MaKo;DRX;65;79;116;65;0,74;76;4;43;2;6;0,19;0,15;2/13;11;26;40;28;1;4;16;5;1;2;18
282;Valorant Champions 2025;Group Stage;Elimination (C);CHICHOO;EDward Gaming;19;59;109;47;0,47;81;37;32;0;11;0,2;0,33;1/3;7;7;15;6;0;2;62;14;1;2;19
283;Valorant Champions 2025;Group Stage;Elimination (C);CHICHOO;EDward Gaming;28;92;183;112;0,71;116;68;18;11;4;0,21;0,25;1/4;19;19;17;5;3;1;62;14;1;2;19
284;Valorant Champions 2025;Group Stage;Elimination (C);CHICHOO;EDward Gaming;63;89;145;95;0,68;102;56;22;5;5;0,18;0,29;2/7;19;35;37;14;3;3;62;14;1;2;19
285;Valorant Champions 2025;Group Stage;Elimination (C);Smoggy;EDward Gaming;35;93;168;77;0,77;102;57;43;14;9;0,2;0,4;2/5;12;20;26;15;5;3;61;14;1;2;19
286;Valorant Champions 2025;Group Stage;Elimination (C);Smoggy;EDward Gaming;63;104;195;89;0,78;128;67;43;14;8;0,19;0,2;2/10;22;42;47;27;9;5;61;14;1;2;19
287;Valorant Champions 2025;Group Stage;Elimination (C);nobody;EDward Gaming;28;96;145;94;0,68;99;57;11;0;7;0,18;0,5;1/2;16;16;17;3;0;2;60;14;1;2;19
288;Valorant Champions 2025;Group Stage;Elimination (C);nobody;EDward Gaming;35;107;180;115;0,63;121;66;17;3;9;0,41;0,2;1/5;15;23;20;6;1;3;60;14;1;2;19
289;Valorant Champions 2025;Group Stage;Elimination (C);nobody;EDward Gaming;63;102;168;105;0,65;111;62;14;2;8;0,28;0,29;2/7;16;39;37;9;1;5;60;14;1;2;19
290;Valorant Champions 2025;Group Stage;Elimination (C);trexx;Team Liquid;16;86;171;77;0,63;132;63;13;0;6;0,16;0,17;1/6;10;10;13;2;0;1;63;13;1;2;19
291;Valorant Champions 2025;Group Stage;Elimination (C);trexx;Team Liquid;63;9;165;84;0,73;117;57;3;6;5;0,2;0,07;1/14;17;36;43;19;4;3;63;13;1;2;19
292;Valorant Champions 2025;Group Stage;Elimination (C);nAts;Team Liquid;35;127;239;165;0,8;159;94;14;6;6;0,23;0,29;2/7;27;33;20;5;2;2;64;13;1;2;19
293;Valorant Champions 2025;Group Stage;Elimination (C);nAts;Team Liquid;28;145;270;159;0,68;162;96;14;14;7;0,24;0,67;2/3;27;27;17;4;4;2;64;13;1;2;19
294;Valorant Champions 2025;Group Stage;Elimination (C);nAts;Team Liquid;63;135;249;162;0,75;160;95;14;1;6;0,23;0,4;4/10;27;60;37;9;6;4;64;13;1;2;19
295;Valorant Champions 2025;Group Stage;Elimination (C);kamo;Team Liquid;44;94;164;9;0,64;116;64;16;11;3;0,32;0,4;2/5;22;28;31;7;5;13;65;13;1;2;19
296;Valorant Champions 2025;Group Stage;Elimination (C);kamo;Team Liquid;63;97;196;10;0,67;134;71;16;17;24;0,34;0,29;2/7;22;45;45;10;11;15;65;13;1;2;19
297;Valorant Champions 2025;Group Stage;Decider (C);free1ng;DRX;21;82;110;82;0,76;84;43;14;5;1;0,55;0,5;1/2;9;9;11;3;1;2;14;5;1;2;20
298;Valorant Champions 2025;Group Stage;Decider (C);free1ng;DRX;41;87;140;92;0,73;97;54;15;2;5;0,5;0,25;1/4;13;22;24;6;1;2;14;5;1;2;20
299;Valorant Champions 2025;Group Stage;Decider (C);BeYN;DRX;21;85;134;91;0,76;88;48;19;14;5;0,23;0,33;1/3;10;10;11;4;3;1;15;5;1;2;20
300;Valorant Champions 2025;Group Stage;Decider (C);BeYN;DRX;20;86;127;91;0,75;82;5;1;5;5;0,32;0,5;1/2;10;10;11;2;1;1;15;5;1;2;20
301;Valorant Champions 2025;Group Stage;Decider (C);BeYN;DRX;41;85;130;91;0,76;85;49;15;1;5;0,27;0,4;2/5;10;20;22;6;4;2;15;5;1;2;20
302;Valorant Champions 2025;Group Stage;Decider (C);HYUNMIN;DRX;41;116;254;132;0,73;168;9;24;17;12;0,43;0,5;1/2;24;37;28;10;7;5;37;5;1;2;20
303;Valorant Champions 2025;Group Stage;Decider (C);Flashback;DRX;41;13;270;154;0,71;180;98;12;22;12;0,34;0,33;1/3;22;40;26;5;9;5;38;5;1;2;20
304;Valorant Champions 2025;Group Stage;Opening (D);Boo;Team Heretics;23;108;173;87;0,74;107;57;87;4;9;0,23;0,2;1/5;13;13;15;20;1;2;1;1;1;2;21
305;Valorant Champions 2025;Group Stage;Opening (D);Boo;Team Heretics;46;109;150;92;0,78;92;5;89;4;4;0,26;0,13;1/8;13;23;25;41;2;2;1;1;1;2;21
306;Valorant Champions 2025;Group Stage;Opening (D);benjyfishy;Team Heretics;23;95;186;88;0,74;133;61;43;4;4;0,18;0,5;1/2;14;14;16;10;1;1;4;1;1;2;21
307;Valorant Champions 2025;Group Stage;Opening (D);benjyfishy;Team Heretics;23;159;315;192;0,87;202;109;35;13;9;0,29;0,5;1/2;25;25;13;8;3;2;4;1;1;2;21
308;Valorant Champions 2025;Group Stage;Opening (D);benjyfishy;Team Heretics;46;127;250;134;0,8;167;85;39;9;7;0,24;0,5;2/4;25;39;29;18;4;3;4;1;1;2;21
309;Valorant Champions 2025;Group Stage;Opening (D);RieNs;Team Heretics;46;132;242;141;0,85;164;89;41;9;4;0,34;0,13;1/8;21;41;29;19;4;2;2;1;1;2;21
310;Valorant Champions 2025;Group Stage;Opening (D);Demon1;Dragon Ranger Gaming;28;102;185;131;0,71;120;75;0;4;4;0,35;0,14;1/7;21;21;16;0;1;1;66;15;1;2;21
311;Valorant Champions 2025;Group Stage;Opening (D);Demon1;Dragon Ranger Gaming;58;101;176;105;0,69;118;67;12;3;3;0,35;0,07;1/15;21;39;37;7;2;2;66;15;1;2;21
312;Valorant Champions 2025;Group Stage;Opening (D);Akeman;Dragon Ranger Gaming;30;77;180;75;0,6;124;6;27;7;1;0,15;0,5;2/4;18;18;24;8;2;3;67;15;1;2;21
313;Valorant Champions 2025;Group Stage;Opening (D);Akeman;Dragon Ranger Gaming;58;75;182;8;0,6;118;64;22;14;19;0,21;0,5;2/4;19;37;46;13;8;11;67;15;1;2;21
314;Valorant Champions 2025;Group Stage;Opening (D);Meteor;T1;28;84;173;7;0,61;122;57;11;4;11;0,29;0,25;2/8;16;16;23;3;1;3;68;16;1;2;21
315;Valorant Champions 2025;Group Stage;Opening (D);Meteor;T1;58;11;224;105;0,69;148;78;16;7;9;0,4;0,17;2/12;29;45;43;9;4;5;68;16;1;2;21
316;Valorant Champions 2025;Group Stage;Opening (D);BuZz;T1;58;105;230;112;0,72;154;83;24;7;19;0,22;0,43;3/7;31;48;43;14;4;11;69;16;1;2;21
317;Valorant Champions 2025;Group Stage;Opening (D);DH;T1;58;116;222;105;0,74;137;76;4;1;7;0,28;0,44;4/9;27;44;42;23;6;4;70;16;1;2;21
318;Valorant Champions 2025;Group Stage;Opening (D);iZu;T1;58;92;185;93;0,71;109;66;22;19;9;0,26;0,4;2/5;22;38;41;13;11;5;71;16;1;2;21
319;Valorant Champions 2025;Group Stage;Opening (D);leaf;G2 Esports;23;118;255;117;0,65;172;91;3;0;26;0,16;0,5;1/2;21;21;18;7;0;6;8;3;1;2;21
320;Valorant Champions 2025;Group Stage;Opening (D);leaf;G2 Esports;46;11;216;109;0,65;144;78;22;2;15;0,19;0,17;1/6;21;36;33;10;1;7;8;3;1;2;21
321;Valorant Champions 2025;Group Stage;Opening (D);jawgemo;G2 Esports;23;74;165;78;0,52;95;61;26;13;17;0,3;0,25;1/4;14;14;18;6;3;4;10;3;1;2;21
322;Valorant Champions 2025;Group Stage;Opening (D);jawgemo;G2 Esports;46;67;153;64;0,57;98;5;26;11;2;0,22;0,17;1/6;14;23;36;12;5;9;10;3;1;2;21
323;Valorant Champions 2025;Group Stage;Winner's (D);Wo0t;Team Heretics;24;109;244;10;0,83;175;79;25;4;4;0,19;0,33;1/3;19;19;19;6;1;1;3;1;1;2;22
324;Valorant Champions 2025;Group Stage;Winner's (D);Wo0t;Team Heretics;47;116;260;127;0,79;176;89;19;17;9;0,22;0,33;1/3;23;42;33;9;8;4;3;1;1;2;22
325;Valorant Champions 2025;Group Stage;Winner's (D);RieNs;Team Heretics;23;145;275;164;0,87;171;10;39;0;0;0,34;0,25;1/4;23;23;14;9;0;0;2;1;1;2;22
326;Valorant Champions 2025;Group Stage;Winner's (D);RieNs;Team Heretics;47;13;256;14;0,74;161;89;3;2;2;0,37;0,2;1/5;23;42;30;14;1;1;2;1;1;2;22
327;Valorant Champions 2025;Group Stage;Winner's (D);Boo;Team Heretics;47;102;149;9;0,83;94;55;66;4;6;0,27;0,3;3/10;14;26;29;31;2;3;1;1;1;2;22
328;Valorant Champions 2025;Group Stage;Winner's (D);MiniBoo;Team Heretics;24;96;196;106;0,67;120;71;4;25;17;0,31;0,5;1/2;17;17;16;1;6;4;5;1;1;2;22
329;Valorant Champions 2025;Group Stage;Winner's (D);MiniBoo;Team Heretics;47;95;206;106;0,72;127;72;13;21;17;0,19;0,5;1/2;17;34;32;6;10;8;5;1;1;2;22
330;Valorant Champions 2025;Group Stage;Winner's (D);stax;T1;24;86;126;77;0,71;96;42;25;0;0;0,33;0,2;1/5;10;10;13;6;0;0;72;16;1;2;22
331;Valorant Champions 2025;Group Stage;Winner's (D);stax;T1;47;64;116;52;0,64;82;36;32;2;2;0,34;0,11;1/9;10;17;33;15;1;1;72;16;1;2;22
332;Valorant Champions 2025;Group Stage;Winner's (D);iZu;T1;47;113;234;118;0,7;134;85;15;15;13;0,28;0,2;1/5;21;40;34;7;7;6;71;16;1;2;22
333;Valorant Champions 2025;Group Stage;Elimination (D);valyn;G2 Esports;20;106;153;11;0,85;104;55;3;0;1;0,33;0,5;1/2;11;11;10;6;0;2;35;3;1;2;23
334;Valorant Champions 2025;Group Stage;Elimination (D);valyn;G2 Esports;40;91;159;88;0,78;105;55;33;3;8;0,29;0,5;1/2;11;22;25;13;1;3;35;3;1;2;23
335;Valorant Champions 2025;Group Stage;Elimination (D);leaf;G2 Esports;20;159;305;192;0,75;193;115;3;1;5;0,27;0,25;1/4;23;23;12;6;2;1;8;3;1;2;23
336;Valorant Champions 2025;Group Stage;Elimination (D);leaf;G2 Esports;40;12;229;13;0,75;154;88;23;8;5;0,22;0,2;1/5;23;35;27;9;3;2;8;3;1;2;23
337;Valorant Champions 2025;Group Stage;Elimination (D);JonahP;G2 Esports;20;113;213;115;0,8;125;75;25;5;5;0,16;1;1/1;15;15;13;5;1;1;36;3;1;2;23
338;Valorant Champions 2025;Group Stage;Elimination (D);JonahP;G2 Esports;20;115;187;108;0,75;136;7;5;15;1;0,32;0,33;1/3;14;14;13;10;3;2;36;3;1;2;23
339;Valorant Champions 2025;Group Stage;Elimination (D);JonahP;G2 Esports;40;114;200;112;0,78;130;73;38;1;8;0,21;0,5;2/4;15;29;26;15;4;3;36;3;1;2;23
340;Valorant Champions 2025;Group Stage;Elimination (D);trent;G2 Esports;40;109;174;118;0,75;128;65;38;3;13;0,28;0,17;1/6;19;26;22;15;1;5;9;3;1;2;23
341;Valorant Champions 2025;Group Stage;Elimination (D);jawgemo;G2 Esports;40;132;278;144;0,78;176;98;38;23;23;0,35;0,67;2/3;23;39;27;15;9;9;10;3;1;2;23
342;Valorant Champions 2025;Group Stage;Elimination (D);Demon1;Dragon Ranger Gaming;20;119;205;108;0,8;140;7;35;5;5;0,53;0,33;1/3;14;14;13;7;1;1;66;15;1;2;23
343;Valorant Champions 2025;Group Stage;Elimination (D);Demon1;Dragon Ranger Gaming;40;99;174;96;0,8;115;63;23;5;5;0,45;0,17;1/6;14;25;26;9;2;2;66;15;1;2;23
344;Valorant Champions 2025;Group Stage;Elimination (D);Akeman;Dragon Ranger Gaming;40;97;212;10;0,65;134;78;8;18;5;0,3;0,17;1/6;20;31;31;3;7;2;67;15;1;2;23
345;Valorant Champions 2025;Group Stage;Decider (D);JonahP;G2 Esports;43;94;146;84;0,77;87;49;53;5;7;0,16;0,25;1/4;13;21;25;23;2;3;36;3;1;2;24
346;Valorant Champions 2025;Group Stage;Decider (D);trent;G2 Esports;43;121;194;125;0,81;126;7;33;5;9;0,3;0,17;1/6;18;30;24;14;2;4;9;3;1;2;24
347;Valorant Champions 2025;Group Stage;Decider (D);leaf;G2 Esports;43;121;222;146;0,74;155;81;26;7;5;0,19;0,33;2/6;19;35;24;11;3;2;8;3;1;2;24
348;Valorant Champions 2025;Group Stage;Decider (D);stax;T1;43;77;152;75;0,6;104;56;21;0;9;0,35;0,14;1/7;12;24;32;9;0;4;72;16;1;2;24
349;Valorant Champions 2025;Group Stage;Decider (D);iZu;T1;22;142;248;175;0,86;160;95;5;9;0;0,23;0,17;1/6;21;21;12;1;2;0;71;16;1;2;24
350;Valorant Champions 2025;Group Stage;Decider (D);iZu;T1;43;109;218;121;0,7;135;81;5;7;9;0,24;0,11;1/9;21;35;29;2;3;4;71;16;1;2;24
351;Valorant Champions 2025;Group Stage;Decider (D);Meteor;T1;43;88;209;78;0,6;142;65;16;26;9;0,32;0,17;1/6;16;28;36;7;11;4;68;16;1;2;24
352;Valorant Champions 2025;All Stages;All Match Types;grubinho;GIANTX;48;99;194;91;0,71;125;67;48;15;13;0,26;0,4;2/5;16;32;35;23;7;6;40;2;1;3;25
353;Valorant Champions 2025;All Stages;All Match Types;grubinho;GIANTX;213;8;164;77;0,7;104;58;37;11;1;0,3;0,15;2/13;17;124;161;79;23;21;40;2;1;3;25
354;Valorant Champions 2025;All Stages;All Match Types;grubinho;GIANTX;261;83;169;8;0,7;108;6;39;11;1;0,29;0,22;4/18;17;156;196;102;30;27;40;2;1;3;25
355;Valorant Champions 2025;All Stages;All Match Types;Flickless;GIANTX;72;95;172;87;0,79;120;57;47;4;6;0,25;0,14;1/7;13;41;47;34;3;4;34;2;1;3;25
356;Valorant Champions 2025;All Stages;All Match Types;Flickless;GIANTX;125;82;166;77;0,68;110;53;32;8;6;0,27;0,17;2/12;17;66;86;40;10;8;34;2;1;3;25
357;Valorant Champions 2025;All Stages;All Match Types;Flickless;GIANTX;261;92;174;83;0,74;116;56;47;6;7;0,26;0,09;3/33;17;146;175;122;15;17;34;2;1;3;25
358;Valorant Champions 2025;All Stages;All Match Types;westside;GIANTX;194;101;183;102;0,69;121;69;18;8;12;0,43;0,17;4/23;20;133;130;35;16;24;6;2;1;3;25
359;Valorant Champions 2025;All Stages;All Match Types;westside;GIANTX;261;10;187;10;0,66;121;69;19;9;1;0,41;0,11;4/35;20;181;181;49;23;27;6;2;1;3;25
360;Valorant Champions 2025;All Stages;All Match Types;Cloud;GIANTX;77;101;188;96;0,69;118;62;31;8;8;0,24;0,18;2/11;14;48;50;24;6;6;7;2;1;3;25
361;Valorant Champions 2025;All Stages;All Match Types;Cloud;GIANTX;48;103;198;10;0,69;138;71;31;2;6;0,35;0,1;1/10;18;34;34;15;1;3;7;2;1;3;25
362;Valorant Champions 2025;All Stages;All Match Types;Cloud;GIANTX;261;107;202;102;0,7;135;69;33;7;6;0,29;0,07;3/43;23;179;176;85;18;16;7;2;1;3;25
363;Valorant Champions 2025;All Stages;All Match Types;ara;GIANTX;64;141;265;158;0,69;176;98;13;19;22;0,27;0,33;1/3;27;63;40;8;12;14;33;2;1;3;25
364;Valorant Champions 2025;All Stages;All Match Types;ara;GIANTX;72;79;172;86;0,71;118;67;13;19;13;0,36;0,14;1/7;22;48;56;9;14;9;33;2;1;3;25
365;Valorant Champions 2025;All Stages;All Match Types;ara;GIANTX;106;86;186;86;0,62;125;64;16;2;13;0,26;0,13;1/8;27;68;79;17;21;14;33;2;1;3;25
366;Valorant Champions 2025;All Stages;All Match Types;ara;GIANTX;261;97;199;101;0,66;134;72;13;18;15;0,29;0,14;3/21;27;189;187;35;48;40;33;2;1;3;25
367;Valorant Champions 2025;All Stages;All Match Types;xenom;MIBR;68;99;143;103;0,78;87;54;44;3;1;0,27;0,17;2/12;16;37;36;30;2;1;39;4;1;3;25
368;Valorant Champions 2025;All Stages;All Match Types;xenom;MIBR;221;98;157;97;0,79;97;55;51;7;8;0,24;0,04;1/23;18;122;126;113;15;17;39;4;1;3;25
369;Valorant Champions 2025;All Stages;All Match Types;xenom;MIBR;330;97;155;95;0,78;96;55;53;5;6;0,24;0,08;3/39;18;180;190;175;18;20;39;4;1;3;25
370;Valorant Champions 2025;All Stages;All Match Types;cortezia;MIBR;55;108;181;142;0,8;122;67;16;11;4;0,26;0,13;1/8;15;37;26;9;6;2;53;4;1;3;25
371;Valorant Champions 2025;All Stages;All Match Types;cortezia;MIBR;137;103;189;118;0,75;119;67;27;9;7;0,3;0,1;2/21;17;92;78;37;13;10;53;4;1;3;25
372;Valorant Champions 2025;All Stages;All Match Types;cortezia;MIBR;330;108;196;127;0,75;130;72;21;11;7;0,33;0,08;3/40;25;237;186;68;35;22;53;4;1;3;25
373;Valorant Champions 2025;All Stages;All Match Types;Verno;MIBR;289;106;203;118;0,75;132;68;31;1;6;0,26;0,17;4/24;22;196;166;90;29;17;13;4;1;3;25
374;Valorant Champions 2025;All Stages;All Match Types;Verno;MIBR;330;105;199;115;0,76;129;67;33;1;6;0,25;0,17;4/24;22;220;191;110;32;19;13;4;1;3;25
375;Valorant Champions 2025;All Stages;All Match Types;aspas;MIBR;96;124;236;16;0,77;143;89;13;17;9;0,3;0,25;2/8;25;85;53;12;16;9;12;4;1;3;25
376;Valorant Champions 2025;All Stages;All Match Types;aspas;MIBR;330;133;262;166;0,79;165;97;13;2;7;0,26;0,08;2/26;32;319;192;44;67;23;12;4;1;3;25
377;Valorant Champions 2025;All Stages;All Match Types;artzin;MIBR;192;94;195;93;0,69;121;61;48;11;16;0,23;0,22;2/9;24;118;127;93;22;30;11;4;1;3;25
378;Valorant Champions 2025;All Stages;All Match Types;artzin;MIBR;97;112;222;131;0,77;147;78;25;12;8;0,23;0,33;1/3;17;76;58;24;12;8;11;4;1;3;25
379;Valorant Champions 2025;All Stages;All Match Types;artzin;MIBR;330;99;202;105;0,73;127;66;38;12;15;0,24;0,2;3/15;24;219;209;124;41;50;11;4;1;3;25
380;Valorant Champions 2025;All Stages;All Match Types;Viva;Xi Lai Gaming;48;117;212;119;0,69;149;77;29;2;1;0,38;0,18;2/11;23;37;31;14;1;5;43;10;1;3;25
381;Valorant Champions 2025;All Stages;All Match Types;Viva;Xi Lai Gaming;85;94;146;83;0,72;107;51;26;6;4;0,29;0,09;1/11;14;43;52;22;5;3;43;10;1;3;25
382;Valorant Champions 2025;All Stages;All Match Types;Viva;Xi Lai Gaming;157;101;167;96;0,73;120;6;29;6;7;0,34;0,13;3/24;23;94;98;46;10;11;43;10;1;3;25
383;Valorant Champions 2025;All Stages;All Match Types;happywei;Xi Lai Gaming;65;103;205;102;0,71;142;71;28;11;2;0,4;0,14;1/7;23;46;45;18;7;13;45;10;1;3;25
384;Valorant Champions 2025;All Stages;All Match Types;happywei;Xi Lai Gaming;69;105;233;117;0,65;154;81;26;1;12;0,37;0,08;1/12;24;56;48;18;7;8;45;10;1;3;25
385;Valorant Champions 2025;All Stages;All Match Types;happywei;Xi Lai Gaming;157;103;216;106;0,7;146;75;32;1;15;0,39;0,1;2/21;24;118;111;50;15;23;45;10;1;3;25
386;Valorant Champions 2025;All Stages;All Match Types;NoMan;Xi Lai Gaming;24;87;185;10;0,67;130;63;29;0;8;0,42;0,33;1/3;15;15;15;7;0;2;46;10;1;3;25
387;Valorant Champions 2025;All Stages;All Match Types;NoMan;Xi Lai Gaming;157;108;221;118;0,73;141;78;19;1;1;0,32;0,05;1/19;23;123;104;30;16;16;46;10;1;3;25
388;Valorant Champions 2025;All Stages;All Match Types;Rarga;Xi Lai Gaming;22;98;183;88;0,64;130;64;14;14;5;0,24;0,5;1/2;14;14;16;3;3;1;44;10;1;3;25
389;Valorant Champions 2025;All Stages;All Match Types;Rarga;Xi Lai Gaming;157;96;209;98;0,73;130;73;21;17;1;0,34;0,08;1/12;21;115;117;33;27;16;44;10;1;3;25
390;Valorant Champions 2025;All Stages;All Match Types;Boaster;FNATIC;176;97;153;87;0,68;102;52;3;5;7;0,24;0,29;4/14;24;91;105;52;8;12;32;6;1;3;25
391;Valorant Champions 2025;All Stages;All Match Types;Boaster;FNATIC;277;84;140;72;0,71;89;47;43;4;9;0,2;0,06;1/17;18;129;180;120;10;24;32;6;1;3;25
392;Valorant Champions 2025;All Stages;All Match Types;Boaster;FNATIC;453;89;145;77;0,7;94;49;38;4;8;0,22;0,16;5/31;24;220;285;172;18;36;32;6;1;3;25
393;Valorant Champions 2025;All Stages;All Match Types;Chronicle;FNATIC;237;111;216;109;0,71;146;73;28;9;1;0,3;0,1;4/39;31;173;159;67;22;23;26;6;1;3;25
394;Valorant Champions 2025;All Stages;All Match Types;Chronicle;FNATIC;91;129;238;137;0,69;155;86;33;12;7;0,28;0,08;1/12;25;78;57;30;11;6;26;6;1;3;25
395;Valorant Champions 2025;All Stages;All Match Types;Chronicle;FNATIC;453;109;206;107;0,7;139;72;28;9;8;0,29;0,08;5/62;31;326;304;125;42;35;26;6;1;3;25
396;Valorant Champions 2025;All Stages;All Match Types;Alfajer;FNATIC;108;116;229;13;0,69;156;8;14;11;1;0,34;0,1;1/10;25;86;66;15;12;11;18;6;1;3;25
397;Valorant Champions 2025;All Stages;All Match Types;Alfajer;FNATIC;18;104;253;107;0,72;160;89;28;17;22;0,19;0,33;1/3;16;16;15;5;3;4;18;6;1;3;25
398;Valorant Champions 2025;All Stages;All Match Types;Alfajer;FNATIC;391;106;212;114;0,69;141;76;18;14;1;0,34;0,05;2/40;25;299;263;72;53;41;18;6;1;3;25
399;Valorant Champions 2025;All Stages;All Match Types;crashies;FNATIC;188;93;179;92;0,71;115;63;27;5;1;0,34;0,14;3/21;18;118;128;50;9;18;17;6;1;3;25
400;Valorant Champions 2025;All Stages;All Match Types;crashies;FNATIC;265;101;179;101;0,71;124;62;3;7;6;0,29;0,14;4/28;22;165;164;79;19;17;17;6;1;3;25
401;Valorant Champions 2025;All Stages;All Match Types;crashies;FNATIC;453;97;179;97;0,71;120;62;28;6;8;0,31;0,14;7/49;22;283;292;129;28;35;17;6;1;3;25
402;Valorant Champions 2025;All Stages;All Match Types;doma;FNATIC;39;91;172;88;0,77;121;59;23;1;1;0,27;0,5;1/2;12;23;26;9;4;4;25;6;1;3;25
403;Valorant Champions 2025;All Stages;All Match Types;doma;FNATIC;62;94;167;9;0,73;120;58;21;8;6;0,29;0,14;1/7;13;36;40;13;5;4;25;6;1;3;25
404;Valorant Champions 2025;All Stages;All Match Types;kaajak;FNATIC;59;125;255;135;0,78;160;92;29;22;2;0,25;0,33;1/3;21;54;40;17;13;12;19;6;1;3;25
405;Valorant Champions 2025;All Stages;All Match Types;kaajak;FNATIC;287;122;232;127;0,72;152;84;2;2;11;0,33;0,09;2/23;30;242;190;57;58;33;19;6;1;3;25
406;Valorant Champions 2025;All Stages;All Match Types;kaajak;FNATIC;453;115;227;12;0,71;148;82;2;21;13;0,32;0,11;3/28;30;372;311;90;95;59;19;6;1;3;25
407;Valorant Champions 2025;All Stages;All Match Types;bang;Sentinels;23;91;175;115;0,74;117;65;22;9;4;0,36;0,33;1/3;15;15;13;5;2;1;47;9;1;3;25
408;Valorant Champions 2025;All Stages;All Match Types;bang;Sentinels;126;79;141;79;0,67;92;53;29;6;9;0,35;0,11;1/9;15;67;85;37;7;11;47;9;1;3;25
409;Valorant Champions 2025;All Stages;All Match Types;johnqt;Sentinels;86;113;184;114;0,78;119;65;27;3;6;0,33;0,13;2/15;17;56;49;23;3;5;48;9;1;3;25
410;Valorant Champions 2025;All Stages;All Match Types;johnqt;Sentinels;126;114;187;113;0,79;119;67;27;4;4;0,33;0,09;2/22;17;85;75;34;5;5;48;9;1;3;25
411;Valorant Champions 2025;All Stages;All Match Types;N4RRATE;Sentinels;60;11;202;103;0,75;122;67;52;8;15;0,25;0,23;3/13;15;40;39;31;5;9;41;9;1;3;25
412;Valorant Champions 2025;All Stages;All Match Types;N4RRATE;Sentinels;126;95;190;87;0,7;121;63;39;6;1;0,26;0,17;3/18;19;79;91;49;8;13;41;9;1;3;25
413;Valorant Champions 2025;All Stages;All Match Types;zekken;Sentinels;79;87;220;88;0,66;152;72;28;15;25;0,27;0,25;2/8;20;57;65;22;12;20;42;9;1;3;25
414;Valorant Champions 2025;All Stages;All Match Types;zekken;Sentinels;126;98;229;94;0,68;158;75;31;16;21;0,26;0,22;2/9;23;94;100;39;20;26;42;9;1;3;25
415;Valorant Champions 2025;All Stages;All Match Types;Boo;Team Heretics;44;98;176;94;0,77;115;66;36;7;9;0,38;0,33;3/9;16;29;31;16;3;4;1;1;1;3;25
416;Valorant Champions 2025;All Stages;All Match Types;Boo;Team Heretics;163;85;140;69;0,68;90;48;58;4;1;0,28;0,17;5/30;14;78;113;94;7;16;1;1;1;3;25
417;Valorant Champions 2025;All Stages;All Match Types;Boo;Team Heretics;256;88;144;74;0,71;93;5;53;5;9;0,31;0,17;8/46;16;128;172;135;14;23;1;1;1;3;25
418;Valorant Champions 2025;All Stages;All Match Types;Wo0t;Team Heretics;79;109;218;121;0,62;151;81;15;2;14;0,34;0,14;1/7;23;64;53;12;16;11;3;1;1;3;25
419;Valorant Champions 2025;All Stages;All Match Types;Wo0t;Team Heretics;41;121;235;137;0,73;146;9;7;15;12;0,29;0,25;1/4;24;37;27;3;6;5;3;1;1;3;25
420;Valorant Champions 2025;All Stages;All Match Types;Wo0t;Team Heretics;24;109;244;10;0,83;175;79;25;4;4;0,19;0,33;1/3;19;19;19;6;1;1;3;1;1;3;25
421;Valorant Champions 2025;All Stages;All Match Types;Wo0t;Team Heretics;68;71;146;64;0,71;100;47;15;9;1;0,29;0,25;2/8;16;32;50;10;6;7;3;1;1;3;25
422;Valorant Champions 2025;All Stages;All Match Types;Wo0t;Team Heretics;44;12;246;121;0,82;147;93;2;11;14;0,39;0,4;2/5;25;41;34;9;5;6;3;1;1;3;25
423;Valorant Champions 2025;All Stages;All Match Types;Wo0t;Team Heretics;256;103;210;105;0,71;138;75;16;13;12;0,3;0,26;7/27;25;193;183;40;34;30;3;1;1;3;25
424;Valorant Champions 2025;All Stages;All Match Types;benjyfishy;Team Heretics;65;72;130;7;0,68;82;46;22;3;12;0,26;0,14;1/7;11;30;43;14;2;8;4;1;1;3;25
425;Valorant Champions 2025;All Stages;All Match Types;benjyfishy;Team Heretics;79;92;182;82;0,76;126;62;3;5;4;0,27;0,09;1/11;15;49;60;24;4;3;4;1;1;3;25
426;Valorant Champions 2025;All Stages;All Match Types;benjyfishy;Team Heretics;44;89;180;81;0,66;115;57;32;14;7;0,26;0,29;2/7;13;25;31;14;6;3;4;1;1;3;25
427;Valorant Champions 2025;All Stages;All Match Types;benjyfishy;Team Heretics;68;101;208;96;0,71;134;71;28;6;4;0,3;0,2;2/10;25;48;50;19;4;3;4;1;1;3;25
428;Valorant Champions 2025;All Stages;All Match Types;benjyfishy;Team Heretics;256;89;175;83;0,71;115;59;28;6;7;0,27;0,17;6/35;25;152;184;71;16;17;4;1;1;3;25
429;Valorant Champions 2025;All Stages;All Match Types;RieNs;Team Heretics;172;112;210;107;0,75;141;76;37;6;5;0,33;0,23;6/26;23;130;121;64;10;8;2;1;1;3;25
430;Valorant Champions 2025;All Stages;All Match Types;RieNs;Team Heretics;84;126;258;128;0,7;165;87;25;1;5;0,36;0,11;1/9;23;73;57;21;8;4;2;1;1;3;25
431;Valorant Champions 2025;All Stages;All Match Types;RieNs;Team Heretics;256;117;226;114;0,73;149;79;33;7;5;0,34;0,2;7/35;23;203;178;85;18;12;2;1;1;3;25
432;Valorant Champions 2025;All Stages;All Match Types;MiniBoo;Team Heretics;133;95;201;10;0,62;135;72;12;21;18;0,29;0,43;3/7;23;96;96;16;28;24;5;1;1;3;25
433;Valorant Champions 2025;All Stages;All Match Types;MiniBoo;Team Heretics;256;93;204;95;0,65;135;71;16;19;17;0,26;0,27;3/11;23;183;192;41;48;44;5;1;1;3;25
434;Valorant Champions 2025;All Stages;All Match Types;valyn;G2 Esports;43;8;168;81;0,72;106;58;28;5;5;0,25;0,5;1/2;14;25;31;12;2;2;35;3;1;3;25
435;Valorant Champions 2025;All Stages;All Match Types;valyn;G2 Esports;205;105;193;99;0,76;126;64;4;1;9;0,25;0,13;2/16;21;132;134;83;20;18;35;3;1;3;25
436;Valorant Champions 2025;All Stages;All Match Types;valyn;G2 Esports;268;103;192;97;0,75;124;65;37;9;7;0,26;0,14;3/21;21;173;179;100;24;20;35;3;1;3;25
437;Valorant Champions 2025;All Stages;All Match Types;leaf;G2 Esports;158;119;234;126;0,73;157;83;3;1;6;0,21;0,21;5/24;23;131;104;48;16;10;8;3;1;3;25
438;Valorant Champions 2025;All Stages;All Match Types;leaf;G2 Esports;268;111;223;113;0,71;152;79;26;11;9;0,21;0,15;5/33;30;213;188;69;30;24;8;3;1;3;25
439;Valorant Champions 2025;All Stages;All Match Types;trent;G2 Esports;24;97;156;87;0,71;106;54;25;4;4;0,15;0,2;1/5;13;13;15;6;1;1;9;3;1;3;25
440;Valorant Champions 2025;All Stages;All Match Types;trent;G2 Esports;221;98;177;99;0,73;122;63;24;3;9;0,33;0,16;5/32;21;139;141;52;6;19;9;3;1;3;25
441;Valorant Champions 2025;All Stages;All Match Types;trent;G2 Esports;268;98;174;98;0,72;118;62;24;3;8;0,31;0,15;6/40;21;166;170;63;7;22;9;3;1;3;25
442;Valorant Champions 2025;All Stages;All Match Types;JonahP;G2 Esports;178;94;174;85;0,74;108;57;39;1;9;0,18;0,31;4/13;26;101;119;70;17;16;36;3;1;3;25
443;Valorant Champions 2025;All Stages;All Match Types;JonahP;G2 Esports;43;104;184;104;0,72;118;67;42;7;12;0,21;0,17;1/6;15;29;28;18;3;5;36;3;1;3;25
444;Valorant Champions 2025;All Stages;All Match Types;JonahP;G2 Esports;268;91;173;84;0,71;108;58;37;8;1;0,19;0,21;5/24;26;155;184;99;22;28;36;3;1;3;25
445;Valorant Champions 2025;All Stages;All Match Types;jawgemo;G2 Esports;245;109;238;115;0,69;146;84;2;21;13;0,29;0,21;6/29;28;205;178;48;51;33;10;3;1;3;25
446;Valorant Champions 2025;All Stages;All Match Types;jawgemo;G2 Esports;268;105;230;109;0,68;142;8;2;2;14;0,28;0,19;6/31;28;214;196;54;53;38;10;3;1;3;25
447;Valorant Champions 2025;All Stages;All Match Types;CHICHOO;EDward Gaming;19;59;109;47;0,47;81;37;32;0;11;0,2;0,33;1/3;7;7;15;6;0;2;62;14;1;3;25
448;Valorant Champions 2025;All Stages;All Match Types;CHICHOO;EDward Gaming;52;93;174;10;0,73;119;63;17;1;8;0,19;0,14;1/7;19;33;33;9;5;4;62;14;1;3;25
449;Valorant Champions 2025;All Stages;All Match Types;CHICHOO;EDward Gaming;119;89;158;9;0,69;114;59;25;7;8;0,21;0,15;2/13;21;70;78;30;8;10;62;14;1;3;25
450;Valorant Champions 2025;All Stages;All Match Types;Smoggy;EDward Gaming;91;111;195;11;0,77;128;73;4;8;3;0,28;0,22;4/18;26;66;60;36;7;3;61;14;1;3;25
451;Valorant Champions 2025;All Stages;All Match Types;Smoggy;EDward Gaming;119;113;206;109;0,77;135;74;4;9;4;0,25;0,17;4/23;26;88;81;48;11;5;61;14;1;3;25
452;Valorant Champions 2025;All Stages;All Match Types;nobody;EDward Gaming;52;96;160;91;0,71;108;6;15;4;8;0,21;0,4;2/5;16;31;34;8;2;4;60;14;1;3;25
453;Valorant Champions 2025;All Stages;All Match Types;nobody;EDward Gaming;67;102;178;102;0,67;121;64;16;4;6;0,4;0,17;1/6;20;43;42;11;3;4;60;14;1;3;25
454;Valorant Champions 2025;All Stages;All Match Types;nobody;EDward Gaming;119;99;171;97;0,69;115;62;16;4;7;0,3;0,27;3/11;20;74;76;19;5;8;60;14;1;3;25
455;Valorant Champions 2025;All Stages;All Match Types;Ethan;Mega Minors;18;171;355;192;0,83;223;128;5;11;11;0,27;1;1/1;23;23;12;9;2;2;31;8;1;3;25
456;Valorant Champions 2025;All Stages;All Match Types;Ethan;Mega Minors;141;99;179;92;0,74;113;61;52;6;13;0,2;0,27;3/11;19;86;93;73;9;18;31;8;1;3;25
457;Valorant Champions 2025;All Stages;All Match Types;Ethan;Mega Minors;377;98;176;93;0,72;115;6;42;7;11;0,24;0,17;4/24;23;225;243;157;28;43;31;8;1;3;25
458;Valorant Champions 2025;All Stages;All Match Types;skuba;Mega Minors;18;119;201;167;0,83;140;83;11;17;0;0,18;0,5;2/4;15;15;9;2;3;0;24;8;1;3;25
459;Valorant Champions 2025;All Stages;All Match Types;skuba;Mega Minors;48;84;148;84;0,6;100;56;13;2;8;0,25;0,13;1/8;15;27;32;6;1;4;24;8;1;3;25
460;Valorant Champions 2025;All Stages;All Match Types;skuba;Mega Minors;156;116;188;123;0,83;125;69;34;4;8;0,36;0,2;5/25;20;107;87;53;6;13;24;8;1;3;25
461;Valorant Champions 2025;All Stages;All Match Types;skuba;Mega Minors;155;108;212;117;0,73;130;75;21;7;5;0,29;0,19;4/21;28;117;100;33;11;7;24;8;1;3;25
462;Valorant Champions 2025;All Stages;All Match Types;skuba;Mega Minors;377;109;190;117;0,76;125;71;25;6;6;0,3;0,21;12/58;28;266;228;94;21;24;24;8;1;3;25
463;Valorant Champions 2025;All Stages;All Match Types;s0m;Mega Minors;221;112;202;11;0,78;129;73;45;1;6;0,23;0,23;5/22;23;161;147;100;21;14;28;8;1;3;25
464;Valorant Champions 2025;All Stages;All Match Types;s0m;Mega Minors;377;99;197;97;0,75;124;68;37;8;1;0,24;0,14;5/37;23;258;266;140;30;39;28;8;1;3;25
465;Valorant Champions 2025;All Stages;All Match Types;mada;Mega Minors;47;72;160;74;0,53;108;53;13;11;34;0,3;0,25;1/4;15;25;34;6;5;16;29;8;1;3;25
466;Valorant Champions 2025;All Stages;All Match Types;mada;Mega Minors;108;108;218;114;0,66;144;76;15;15;15;0,31;0,25;2/8;31;82;72;16;16;16;29;8;1;3;25
467;Valorant Champions 2025;All Stages;All Match Types;mada;Mega Minors;377;10;214;106;0,66;137;75;19;17;2;0,26;0,15;3/20;31;284;268;71;65;77;29;8;1;3;25
468;Valorant Champions 2025;All Stages;All Match Types;brawk;Mega Minors;315;113;218;11;0,76;142;69;36;7;6;0,18;0,08;3/40;24;216;196;113;21;18;30;8;1;3;25
469;Valorant Champions 2025;All Stages;All Match Types;brawk;Mega Minors;62;131;255;148;0,74;160;95;24;8;8;0,13;0,14;1/7;28;59;40;15;5;5;30;8;1;3;25
470;Valorant Champions 2025;All Stages;All Match Types;brawk;Mega Minors;377;116;225;117;0,76;145;73;34;7;6;0,17;0,09;4/47;28;275;236;128;26;23;30;8;1;3;25
471;Valorant Champions 2025;All Stages;All Match Types;Demon1;Dragon Ranger Gaming;50;107;186;94;0,72;127;64;28;4;4;0,42;0,09;1/11;18;32;34;14;2;2;66;15;1;3;25
472;Valorant Champions 2025;All Stages;All Match Types;Demon1;Dragon Ranger Gaming;48;92;164;11;0,75;107;67;4;4;4;0,35;0,1;1/10;21;32;29;2;2;2;66;15;1;3;25
473;Valorant Champions 2025;All Stages;All Match Types;Demon1;Dragon Ranger Gaming;98;10;175;102;0,73;117;65;16;4;4;0,38;0,1;2/21;21;64;63;16;4;4;66;15;1;3;25
474;Valorant Champions 2025;All Stages;All Match Types;Akeman;Dragon Ranger Gaming;30;77;180;75;0,6;124;6;27;7;1;0,15;0,5;2/4;18;18;24;8;2;3;67;15;1;3;25
475;Valorant Champions 2025;All Stages;All Match Types;Akeman;Dragon Ranger Gaming;68;87;202;94;0,63;124;74;12;19;15;0,31;0,17;1/6;20;50;53;8;13;10;67;15;1;3;25
476;Valorant Champions 2025;All Stages;All Match Types;Akeman;Dragon Ranger Gaming;98;84;197;88;0,62;124;69;16;15;13;0,25;0,3;3/10;20;68;77;16;15;13;67;15;1;3;25
477;Valorant Champions 2025;All Stages;All Match Types;crazyguy;Rex Regum Qeon;20;91;166;92;0,55;123;6;2;1;15;0,4;0,33;1/3;12;12;13;4;2;3;52;12;1;3;25
478;Valorant Champions 2025;All Stages;All Match Types;crazyguy;Rex Regum Qeon;55;84;151;68;0,71;109;45;38;0;7;0,2;0,18;2/11;12;25;37;21;0;4;52;12;1;3;25
479;Valorant Champions 2025;All Stages;All Match Types;crazyguy;Rex Regum Qeon;137;82;152;71;0,68;110;49;33;4;9;0,24;0,13;3/24;15;67;94;45;5;12;52;12;1;3;25
480;Valorant Champions 2025;All Stages;All Match Types;xffero;Rex Regum Qeon;98;85;173;88;0,66;115;6;21;1;11;0,29;0,11;1/9;15;59;67;21;10;11;50;12;1;3;25
481;Valorant Champions 2025;All Stages;All Match Types;xffero;Rex Regum Qeon;137;85;172;88;0,66;114;61;2;12;12;0,27;0,08;1/12;16;83;94;27;16;16;50;12;1;3;25
482;Valorant Champions 2025;All Stages;All Match Types;Kushy;Rex Regum Qeon;59;76;160;8;0,63;106;61;1;2;14;0,41;0,14;1/7;15;36;45;6;1;8;51;12;1;3;25
483;Valorant Champions 2025;All Stages;All Match Types;Kushy;Rex Regum Qeon;23;135;264;133;0,7;189;87;26;17;9;0,46;0,5;1/2;20;20;15;6;4;2;51;12;1;3;25
484;Valorant Champions 2025;All Stages;All Match Types;Kushy;Rex Regum Qeon;137;91;179;85;0,66;121;63;29;7;12;0,4;0,14;2/14;20;86;101;40;10;17;51;12;1;3;25
485;Valorant Champions 2025;All Stages;All Match Types;Jemkin;Rex Regum Qeon;55;124;278;134;0,64;174;93;18;22;15;0,43;0,33;1/3;26;51;38;10;12;8;57;12;1;3;25
486;Valorant Champions 2025;All Stages;All Match Types;Jemkin;Rex Regum Qeon;137;97;216;106;0,63;133;74;13;17;13;0,35;0,08;1/13;26;102;96;18;23;18;57;12;1;3;25
487;Valorant Champions 2025;All Stages;All Match Types;Monyet;Rex Regum Qeon;18;94;197;86;0,67;118;67;39;6;22;0,26;0,5;1/2;12;12;14;7;1;4;56;12;1;3;25
488;Valorant Champions 2025;All Stages;All Match Types;Monyet;Rex Regum Qeon;21;131;284;15;0,76;181;10;24;1;1;0,21;1;1/1;21;21;14;5;2;2;56;12;1;3;25
489;Valorant Champions 2025;All Stages;All Match Types;Monyet;Rex Regum Qeon;137;92;175;88;0,69;110;61;4;5;9;0,28;0,11;2/19;21;84;96;55;7;12;56;12;1;3;25
490;Valorant Champions 2025;All Stages;All Match Types;nephh;Bilibili Gaming;38;108;214;108;0,61;132;74;24;8;11;0,18;0,14;1/7;18;28;26;9;3;4;54;11;1;3;25
491;Valorant Champions 2025;All Stages;All Match Types;nephh;Bilibili Gaming;95;94;164;88;0,67;105;56;29;5;8;0,2;0,1;1/10;18;53;60;28;5;8;54;11;1;3;25
492;Valorant Champions 2025;All Stages;All Match Types;Levius;Bilibili Gaming;35;101;211;124;0,6;130;89;17;2;14;0,34;0,17;1/6;26;31;25;6;7;5;49;11;1;3;25
493;Valorant Champions 2025;All Stages;All Match Types;Levius;Bilibili Gaming;95;93;188;99;0,59;122;71;17;13;9;0,3;0,06;1/16;26;67;68;16;12;9;49;11;1;3;25
494;Valorant Champions 2025;All Stages;All Match Types;Knight;Bilibili Gaming;21;106;174;93;0,71;125;62;48;0;1;0,35;0,5;2/4;13;13;14;10;0;2;55;11;1;3;25
495;Valorant Champions 2025;All Stages;All Match Types;Knight;Bilibili Gaming;95;11;197;97;0,67;135;68;28;8;9;0,26;0,12;2/17;20;65;67;27;8;9;55;11;1;3;25
496;Valorant Champions 2025;All Stages;All Match Types;MaKo;DRX;83;123;202;143;0,8;125;72;42;7;6;0,25;0,38;3/8;21;60;42;35;6;5;16;5;1;3;25
497;Valorant Champions 2025;All Stages;All Match Types;MaKo;DRX;394;97;165;95;0,71;106;59;36;8;9;0,25;0,1;6/60;20;231;242;142;30;37;16;5;1;3;25
498;Valorant Champions 2025;All Stages;All Match Types;MaKo;DRX;477;101;172;102;0,72;109;61;37;8;9;0,25;0,13;9/68;21;291;284;177;36;42;16;5;1;3;25
499;Valorant Champions 2025;All Stages;All Match Types;free1ng;DRX;173;96;171;9;0,69;112;56;18;7;8;0,38;0,2;4/20;15;97;108;32;12;13;14;5;1;3;25
500;Valorant Champions 2025;All Stages;All Match Types;free1ng;DRX;107;82;163;86;0,7;112;57;22;14;8;0,3;0,08;1/13;14;61;71;24;15;9;14;5;1;3;25
501;Valorant Champions 2025;All Stages;All Match Types;free1ng;DRX;197;87;161;87;0,65;109;57;2;8;11;0,34;0,14;3/22;23;112;129;40;16;21;14;5;1;3;25
502;Valorant Champions 2025;All Stages;All Match Types;free1ng;DRX;477;89;165;88;0,68;111;57;2;9;9;0,35;0,15;8/55;23;270;308;96;43;43;14;5;1;3;25
503;Valorant Champions 2025;All Stages;All Match Types;BeYN;DRX;227;93;164;95;0,67;106;6;24;8;8;0,3;0,15;4/26;21;136;143;55;18;18;15;5;1;3;25
504;Valorant Champions 2025;All Stages;All Match Types;BeYN;DRX;250;98;171;101;0,74;117;61;28;5;4;0,26;0,31;10/32;24;152;151;71;12;9;15;5;1;3;25
505;Valorant Champions 2025;All Stages;All Match Types;BeYN;DRX;477;95;168;98;0,71;112;6;26;6;6;0,28;0,24;14/58;24;288;294;126;30;27;15;5;1;3;25
506;Valorant Champions 2025;All Stages;All Match Types;Flashback;DRX;64;79;194;84;0,56;125;67;11;2;25;0,24;0,5;1/2;16;43;51;7;13;16;38;5;1;3;25
507;Valorant Champions 2025;All Stages;All Match Types;Flashback;DRX;413;108;228;117;0,68;148;82;17;16;15;0,24;0,07;2/29;26;337;287;71;67;62;38;5;1;3;25
508;Valorant Champions 2025;All Stages;All Match Types;Flashback;DRX;477;104;223;112;0,66;145;8;16;17;16;0,24;0,1;3/31;26;380;338;78;80;78;38;5;1;3;25
509;Valorant Champions 2025;All Stages;All Match Types;HYUNMIN;DRX;456;101;209;109;0,68;138;75;2;11;9;0,4;0,06;2/33;36;343;314;89;52;41;37;5;1;3;25
510;Valorant Champions 2025;All Stages;All Match Types;HYUNMIN;DRX;477;101;211;111;0,68;139;76;19;11;9;0,4;0,06;2/34;36;362;327;92;53;44;37;5;1;3;25
511;Valorant Champions 2025;All Stages;All Match Types;f0rsakeN;Paper Rex;272;102;207;101;0,73;130;73;43;9;12;0,29;0,22;5/23;28;198;196;116;24;32;21;7;1;3;25
512;Valorant Champions 2025;All Stages;All Match Types;f0rsakeN;Paper Rex;356;103;213;104;0,73;136;75;42;9;12;0,31;0,17;5/29;28;266;257;149;31;44;21;7;1;3;25
513;Valorant Champions 2025;All Stages;All Match Types;PatMen;Paper Rex;100;79;153;72;0,7;109;49;22;4;8;0,31;0,13;2/15;14;49;68;22;4;8;20;7;1;3;25
514;Valorant Champions 2025;All Stages;All Match Types;PatMen;Paper Rex;356;84;158;83;0,68;106;55;21;4;6;0,31;0,05;2/42;21;196;235;76;14;22;20;7;1;3;25
515;Valorant Champions 2025;All Stages;All Match Types;Jinggg;Paper Rex;239;111;242;116;0,77;158;83;22;13;15;0,18;0,17;3/18;24;198;170;53;30;36;27;7;1;3;25
516;Valorant Champions 2025;All Stages;All Match Types;Jinggg;Paper Rex;356;105;224;11;0,74;146;78;24;12;13;0,22;0,12;3/25;28;278;252;84;43;47;27;7;1;3;25
517;Valorant Champions 2025;All Stages;All Match Types;d4v41;Paper Rex;37;96;140;111;0,68;92;57;27;5;5;0,28;0,67;4/6;11;21;19;10;2;2;22;7;1;3;25
518;Valorant Champions 2025;All Stages;All Match Types;d4v41;Paper Rex;67;104;188;112;0,72;129;7;24;4;12;0,28;0,14;1/7;18;47;42;16;3;8;22;7;1;3;25
519;Valorant Champions 2025;All Stages;All Match Types;d4v41;Paper Rex;252;10;195;101;0,71;132;67;27;6;8;0,27;0,1;4/41;20;170;169;67;14;21;22;7;1;3;25
520;Valorant Champions 2025;All Stages;All Match Types;d4v41;Paper Rex;356;101;187;103;0,71;127;67;26;5;9;0,27;0,17;9/54;20;238;230;93;19;31;22;7;1;3;25
521;Valorant Champions 2025;All Stages;All Match Types;something;Paper Rex;37;158;292;211;0,86;184;108;43;14;5;0,3;0,14;1/7;21;40;19;16;5;2;23;7;1;3;25
522;Valorant Champions 2025;All Stages;All Match Types;something;Paper Rex;319;104;210;109;0,71;136;76;24;16;14;0,24;0,13;4/31;28;241;221;78;52;46;23;7;1;3;25
523;Valorant Champions 2025;All Stages;All Match Types;something;Paper Rex;356;11;220;117;0,72;141;79;26;16;13;0,25;0,13;5/38;28;281;240;94;57;48;23;7;1;3;25
524;Valorant Champions 2025;All Stages;All Match Types;keiko;Team Liquid;23;114;191;10;0,7;125;65;35;9;0;0,52;0,25;1/4;15;15;15;8;2;0;58;13;1;3;25
525;Valorant Champions 2025;All Stages;All Match Types;keiko;Team Liquid;81;114;226;11;0,75;145;79;3;16;9;0,41;0,17;1/6;18;64;58;24;13;7;58;13;1;3;25
526;Valorant Champions 2025;All Stages;All Match Types;keiko;Team Liquid;148;10;200;94;0,7;131;68;26;13;8;0,35;0,14;2/14;18;101;108;38;19;12;58;13;1;3;25
527;Valorant Champions 2025;All Stages;All Match Types;trexx;Team Liquid;16;86;171;77;0,63;132;63;13;0;6;0,16;0,17;1/6;10;10;13;2;0;1;63;13;1;3;25
528;Valorant Champions 2025;All Stages;All Match Types;trexx;Team Liquid;148;87;160;73;0,63;110;51;26;4;7;0,2;0,04;1/24;17;76;104;39;6;10;63;13;1;3;25
529;Valorant Champions 2025;All Stages;All Match Types;nAts;Team Liquid;76;9;177;96;0,74;116;62;2;7;9;0,25;0,15;2/13;27;47;49;15;5;7;64;13;1;3;25
530;Valorant Champions 2025;All Stages;All Match Types;nAts;Team Liquid;51;129;228;137;0,65;142;8;18;14;8;0,31;0,29;2/7;27;41;30;9;7;4;64;13;1;3;25
531;Valorant Champions 2025;All Stages;All Match Types;nAts;Team Liquid;148;102;194;106;0,69;127;69;18;11;11;0,26;0,19;4/21;27;102;96;27;16;16;64;13;1;3;25
532;Valorant Champions 2025;All Stages;All Match Types;paTiTek;Team Liquid;23;79;152;81;0,52;95;57;17;0;17;0,35;0,33;1/3;13;13;16;4;0;4;59;13;1;3;25
533;Valorant Champions 2025;All Stages;All Match Types;paTiTek;Team Liquid;148;81;157;74;0,66;101;53;36;3;5;0,27;0,09;1/11;16;78;106;54;4;8;59;13;1;3;25
534;Valorant Champions 2025;All Stages;All Match Types;kamo;Team Liquid;44;94;164;9;0,64;116;64;16;11;3;0,32;0,4;2/5;22;28;31;7;5;13;65;13;1;3;25
535;Valorant Champions 2025;All Stages;All Match Types;kamo;Team Liquid;148;93;190;94;0,63;128;68;12;14;24;0,32;0,15;2/13;22;100;106;18;21;36;65;13;1;3;25
536;Valorant Champions 2025;All Stages;All Match Types;Meteor;T1;94;84;187;74;0,61;124;61;14;17;9;0,32;0,17;3/18;16;57;77;13;16;8;68;16;1;3;25
537;Valorant Champions 2025;All Stages;All Match Types;Meteor;T1;148;104;219;96;0,68;144;74;18;17;7;0,36;0,11;3/27;29;110;114;26;25;11;68;16;1;3;25
538;Valorant Champions 2025;All Stages;All Match Types;stax;T1;94;71;145;65;0,63;95;5;34;2;6;0,36;0,08;1/13;16;47;72;32;2;6;72;16;1;3;25
539;Valorant Champions 2025;All Stages;All Match Types;stax;T1;54;82;149;76;0,72;105;48;26;4;7;0,4;0,14;1/7;16;26;34;14;2;4;72;16;1;3;25
540;Valorant Champions 2025;All Stages;All Match Types;stax;T1;148;75;146;69;0,66;99;49;31;3;7;0,38;0,1;2/20;16;73;106;46;4;10;72;16;1;3;25
541;Valorant Champions 2025;All Stages;All Match Types;BuZz;T1;148;85;190;92;0,69;127;7;25;6;18;0,25;0,38;3/8;31;103;112;37;9;27;69;16;1;3;25
542;Valorant Champions 2025;All Stages;All Match Types;DH;T1;148;98;186;9;0,68;122;64;39;7;11;0,34;0,21;4/19;27;95;106;57;10;16;70;16;1;3;25
543;Valorant Champions 2025;All Stages;All Match Types;iZu;T1;127;109;217;114;0,73;127;78;17;16;9;0,26;0,25;4/16;22;99;87;21;20;11;71;16;1;3;25
544;Valorant Champions 2025;All Stages;All Match Types;iZu;T1;148;104;212;109;0,7;125;76;15;14;1;0,26;0,21;4/19;22;113;104;22;21;15;71;16;1;3;25
545;VCT 2025: EMEA Stage 2;Playoffs;Upper Round 1;grubinho;GIANTX;18;99;184;86;0,67;125;67;11;6;17;0,21;0,33;1/3;12;12;14;2;1;3;40;2;2;1;26
546;VCT 2025: EMEA Stage 2;Playoffs;Upper Round 1;grubinho;GIANTX;40;114;228;125;0,73;148;75;5;13;1;0,28;0,29;2/7;17;30;24;20;5;4;40;2;2;1;26
547;VCT 2025: EMEA Stage 2;Playoffs;Upper Round 1;grubinho;GIANTX;58;109;213;111;0,71;141;72;38;1;12;0,26;0,3;3/10;17;42;38;22;6;7;40;2;2;1;26
548;VCT 2025: EMEA Stage 2;Playoffs;Upper Round 1;Flickless;GIANTX;21;8;126;69;0,71;84;43;52;5;5;0,13;0,5;1/2;9;9;13;11;1;1;34;2;2;1;26
549;VCT 2025: EMEA Stage 2;Playoffs;Upper Round 1;Flickless;GIANTX;58;83;154;65;0,71;101;48;67;3;3;0,18;0,25;1/4;11;28;43;39;2;2;34;2;2;1;26
550;VCT 2025: EMEA Stage 2;Playoffs;Upper Round 1;ara;GIANTX;19;106;238;131;0,63;152;89;11;26;16;0,32;0,5;1/2;17;17;13;2;5;3;33;2;2;1;26
551;VCT 2025: EMEA Stage 2;Playoffs;Upper Round 1;ara;GIANTX;58;119;241;139;0,69;161;91;14;22;1;0,32;0,25;1/4;28;53;38;8;13;6;33;2;2;1;26
552;VCT 2025: EMEA Stage 2;Playoffs;Upper Round 1;crashies;FNATIC;42;86;152;69;0,64;99;48;29;2;12;0,38;0,17;1/6;14;20;29;12;1;5;17;6;2;1;26
553;VCT 2025: EMEA Stage 2;Playoffs;Upper Round 1;crashies;FNATIC;62;81;145;71;0,68;94;47;27;6;1;0,38;0,11;1/9;14;29;41;17;4;6;17;6;2;1;26
554;VCT 2025: EMEA Stage 2;Playoffs;Upper Round 1;kaajak;FNATIC;40;133;270;141;0,68;162;103;1;13;8;0,4;0,2;1/5;25;41;29;4;5;3;19;6;2;1;26
555;VCT 2025: EMEA Stage 2;Playoffs;Upper Round 1;kaajak;FNATIC;62;115;247;121;0,6;147;92;8;13;1;0,39;0,2;1/5;25;57;47;5;8;6;19;6;2;1;26
556;VCT 2025: EMEA Stage 2;Playoffs;Upper Round 1;Chronicle;FNATIC;42;15;302;191;0,81;200;105;29;1;7;0,33;0,11;1/9;22;44;23;12;4;3;26;6;2;1;26
557;VCT 2025: EMEA Stage 2;Playoffs;Upper Round 1;Chronicle;FNATIC;20;71;137;56;0,5;105;45;15;5;5;0,32;0,25;1/4;9;9;16;3;1;1;26;6;2;1;26
558;VCT 2025: EMEA Stage 2;Playoffs;Upper Round 1;Chronicle;FNATIC;62;124;247;136;0,71;169;85;24;8;6;0,32;0,15;2/13;22;53;39;15;5;4;26;6;2;1;26
559;VCT 2025: EMEA Stage 2;Playoffs;Upper Round 1;Jamppi;BBL Esports;22;117;201;114;0,91;131;73;32;14;0;0,31;0,33;1/3;16;16;14;7;3;0;73;17;2;1;26
560;VCT 2025: EMEA Stage 2;Playoffs;Upper Round 1;Jamppi;BBL Esports;20;69;153;53;0,6;109;45;15;5;1;0,4;0,33;1/3;9;9;17;3;1;2;73;17;2;1;26
561;VCT 2025: EMEA Stage 2;Playoffs;Upper Round 1;Jamppi;BBL Esports;62;95;176;86;0,76;117;6;42;8;6;0,28;0,25;2/8;16;37;43;26;5;4;73;17;2;1;26
562;VCT 2025: EMEA Stage 2;Playoffs;Upper Round 1;MAGNUM;BBL Esports;22;145;265;162;0,68;158;95;27;23;9;0,3;1;1/1;21;21;13;6;5;2;74;17;2;1;26
563;VCT 2025: EMEA Stage 2;Playoffs;Upper Round 1;MAGNUM;BBL Esports;40;113;212;123;0,63;146;8;28;5;13;0,35;0,33;1/3;16;32;26;11;2;5;74;17;2;1;26
564;VCT 2025: EMEA Stage 2;Playoffs;Upper Round 1;MAGNUM;BBL Esports;62;124;229;136;0,65;150;85;27;11;11;0,33;0,5;2/4;21;53;39;17;7;7;74;17;2;1;26
565;VCT 2025: EMEA Stage 2;Playoffs;Upper Round 1;LewN;BBL Esports;42;122;253;156;0,74;167;93;17;17;17;0,32;0,33;1/3;23;39;25;7;7;7;75;17;2;1;26
566;VCT 2025: EMEA Stage 2;Playoffs;Upper Round 1;LewN;BBL Esports;62;95;207;102;0,65;139;73;19;15;19;0,3;0,25;1/4;23;45;44;12;9;12;75;17;2;1;26
567;VCT 2025: EMEA Stage 2;Playoffs;Upper Round 1;PROFEK;BBL Esports;42;104;181;126;0,76;116;69;29;7;5;0,26;0,14;1/7;17;29;23;12;3;2;76;17;2;1;26
568;VCT 2025: EMEA Stage 2;Playoffs;Upper Round 1;PROFEK;BBL Esports;62;10;178;108;0,71;120;68;24;6;5;0,31;0,09;1/11;17;42;39;15;4;3;76;17;2;1;26
569;VCT 2025: EMEA Stage 2;Playoffs;Upper Round 1;sociablEE;BBL Esports;22;87;188;75;0,68;136;55;45;9;5;0,19;0,5;1/2;12;12;16;10;2;1;77;17;2;1;26
570;VCT 2025: EMEA Stage 2;Playoffs;Upper Round 1;sociablEE;BBL Esports;62;81;186;74;0,74;125;56;37;13;5;0,28;0,13;1/8;12;35;47;23;8;3;77;17;2;1;26
571;VCT 2025: EMEA Stage 2;Playoffs;Upper Round 1;Shao;Natus Vincere;18;164;255;271;0,89;167;106;28;11;0;0,38;0,5;1/2;19;19;7;5;2;0;78;18;2;1;26
572;VCT 2025: EMEA Stage 2;Playoffs;Upper Round 1;Shao;Natus Vincere;58;132;253;149;0,79;162;9;24;12;9;0,31;0,09;1/11;20;52;35;14;7;5;78;18;2;1;26
573;VCT 2025: EMEA Stage 2;Playoffs;Upper Round 1;ANGE1;Natus Vincere;37;66;159;71;0,68;112;54;43;3;11;0,26;0,2;1/5;16;20;28;16;1;4;79;18;2;1;26
574;VCT 2025: EMEA Stage 2;Playoffs;Upper Round 1;ANGE1;Natus Vincere;58;59;140;57;0,62;97;43;36;5;9;0,27;0,2;1/5;16;25;44;21;3;5;79;18;2;1;26
575;VCT 2025: EMEA Stage 2;Playoffs;Upper Round 1;Ruxic;Natus Vincere;37;114;212;117;0,76;131;73;51;11;5;0,23;0,33;1/3;14;27;23;19;4;2;80;18;2;1;26
576;VCT 2025: EMEA Stage 2;Playoffs;Upper Round 1;Ruxic;Natus Vincere;58;125;234;131;0,74;152;81;45;1;3;0,27;0,2;1/5;20;47;36;26;6;2;80;18;2;1;26
577;VCT 2025: EMEA Stage 2;Playoffs;Upper Semifinals;Flickless;GIANTX;50;117;222;119;0,8;143;74;42;12;1;0,22;0,2;1/5;23;37;31;21;6;5;34;2;2;1;2
578;VCT 2025: EMEA Stage 2;Playoffs;Upper Semifinals;Flickless;GIANTX;67;113;221;111;0,76;140;75;42;9;9;0,25;0,09;1/11;23;50;45;28;6;6;34;2;2;1;2
579;VCT 2025: EMEA Stage 2;Playoffs;Upper Semifinals;westside;GIANTX;67;98;199;102;0,6;140;73;18;12;9;0,44;0,09;1/11;21;49;48;12;8;6;6;2;2;1;2
580;VCT 2025: EMEA Stage 2;Playoffs;Upper Semifinals;Cloud;GIANTX;24;13;221;154;0,79;152;83;33;0;13;0,26;0,33;1/3;20;20;13;8;0;3;7;2;2;1;2
581;VCT 2025: EMEA Stage 2;Playoffs;Upper Semifinals;Cloud;GIANTX;67;99;185;10;0,73;133;67;3;3;7;0,27;0,14;1/7;20;45;45;20;2;5;7;2;2;1;2
582;VCT 2025: EMEA Stage 2;Playoffs;Upper Semifinals;ara;GIANTX;26;109;176;106;0,73;125;65;15;15;19;0,23;0,4;2/5;17;17;16;4;4;5;33;2;2;1;2
583;VCT 2025: EMEA Stage 2;Playoffs;Upper Semifinals;ara;GIANTX;67;104;207;10;0,66;132;73;16;18;12;0,22;0,2;2/10;18;49;49;11;12;8;33;2;2;1;2
584;VCT 2025: EMEA Stage 2;Playoffs;Upper Semifinals;Wo0t;Team Heretics;43;84;194;88;0,74;127;7;12;12;14;0,35;0,2;1/5;15;30;34;5;5;6;3;1;2;1;2
585;VCT 2025: EMEA Stage 2;Playoffs;Upper Semifinals;Boo;Team Heretics;24;109;202;94;0,71;142;67;54;8;0;0,17;0,14;1/7;16;16;17;13;2;0;1;1;2;1;2
586;VCT 2025: EMEA Stage 2;Playoffs;Upper Semifinals;Boo;Team Heretics;19;79;182;73;0,68;126;58;37;5;0;0,26;0,2;1/5;11;11;15;7;1;0;1;1;2;1;2
587;VCT 2025: EMEA Stage 2;Playoffs;Upper Semifinals;Boo;Team Heretics;43;96;192;84;0,7;135;63;47;7;0;0,2;0,17;2/12;16;27;32;20;3;0;1;1;2;1;2
588;VCT 2025: EMEA Stage 2;Playoffs;Upper Semifinals;RieNs;Team Heretics;43;101;211;103;0,74;148;79;21;2;5;0,32;0,2;1/5;21;34;33;9;1;2;2;1;2;1;2
589;VCT 2025: EMEA Stage 2;Playoffs;Upper Semifinals;paTiTek;Team Liquid;26;138;267;156;0,69;161;96;38;12;12;0,14;0,33;1/3;25;25;16;10;3;3;59;13;2;1;2
590;VCT 2025: EMEA Stage 2;Playoffs;Upper Semifinals;paTiTek;Team Liquid;17;124;163;133;0,82;116;71;41;6;6;0,31;1;1/1;12;12;9;7;1;1;59;13;2;1;2
591;VCT 2025: EMEA Stage 2;Playoffs;Upper Semifinals;paTiTek;Team Liquid;67;108;190;116;0,7;128;75;31;9;9;0,2;0,25;2/8;25;50;43;21;6;6;59;13;2;1;2
592;VCT 2025: EMEA Stage 2;Playoffs;Upper Semifinals;trexx;Team Liquid;41;89;152;71;0,66;88;49;54;0;1;0,18;0,17;1/6;11;20;28;22;0;4;63;13;2;1;2
593;VCT 2025: EMEA Stage 2;Playoffs;Upper Semifinals;trexx;Team Liquid;26;128;222;118;0,77;139;77;38;8;8;0,19;0,2;1/5;20;20;17;10;2;2;63;13;2;1;2
594;VCT 2025: EMEA Stage 2;Playoffs;Upper Semifinals;trexx;Team Liquid;67;104;176;89;0,7;108;6;48;3;9;0,18;0,18;2/11;20;40;45;32;2;6;63;13;2;1;2
595;VCT 2025: EMEA Stage 2;Playoffs;Upper Semifinals;keiko;Team Liquid;50;135;254;139;0,82;171;92;24;12;1;0,28;0,29;2/7;26;46;33;12;6;5;58;13;2;1;2
596;VCT 2025: EMEA Stage 2;Playoffs;Upper Semifinals;keiko;Team Liquid;67;139;266;145;0,81;178;96;25;15;1;0,29;0,25;2/8;26;64;44;17;10;7;58;13;2;1;2
597;VCT 2025: EMEA Stage 2;Playoffs;Upper Semifinals;LewN;BBL Esports;43;119;244;122;0,79;164;91;21;12;26;0,34;0,4;2/5;24;39;32;9;5;11;75;17;2;1;2
598;VCT 2025: EMEA Stage 2;Playoffs;Upper Semifinals;sociablEE;BBL Esports;19;83;208;81;0,74;136;68;42;11;11;0,43;1;1/1;13;13;16;8;2;2;77;17;2;1;2
599;VCT 2025: EMEA Stage 2;Playoffs;Upper Semifinals;sociablEE;BBL Esports;24;102;179;10;0,63;118;71;29;8;0;0,16;0,4;2/5;17;17;17;7;2;0;77;17;2;1;2
600;VCT 2025: EMEA Stage 2;Playoffs;Upper Semifinals;sociablEE;BBL Esports;43;93;194;91;0,67;126;7;35;9;5;0,25;0,5;3/6;17;30;33;15;4;2;77;17;2;1;2
601;VCT 2025: EMEA Stage 2;Playoffs;Upper Semifinals;PROFEK;BBL Esports;19;139;283;162;0,84;186;111;37;11;5;0,3;0,33;1/3;21;21;13;7;2;1;76;17;2;1;2
602;VCT 2025: EMEA Stage 2;Playoffs;Upper Semifinals;PROFEK;BBL Esports;43;106;228;116;0,77;140;84;47;7;5;0,24;0,33;1/3;21;36;31;20;3;2;76;17;2;1;2
603;VCT 2025: EMEA Stage 2;Playoffs;Upper Final;PROFEK;BBL Esports;46;97;206;10;0,7;138;72;28;7;11;0,21;0,13;1/8;18;33;33;13;3;5;76;17;2;1;3
604;VCT 2025: EMEA Stage 2;Playoffs;Upper Final;PROFEK;BBL Esports;72;112;225;114;0,75;152;79;4;7;8;0,22;0,1;1/10;24;57;50;29;5;6;76;17;2;1;3
605;VCT 2025: EMEA Stage 2;Playoffs;Upper Final;sociablEE;BBL Esports;23;202;411;24;0,83;256;157;4;17;0;0,38;0,25;1/4;36;36;15;1;4;0;77;17;2;1;3
606;VCT 2025: EMEA Stage 2;Playoffs;Upper Final;sociablEE;BBL Esports;23;41;93;37;0,48;68;3;9;4;0;0,33;0,33;1/3;7;7;19;2;1;0;77;17;2;1;3
607;VCT 2025: EMEA Stage 2;Playoffs;Upper Final;sociablEE;BBL Esports;72;104;229;109;0,64;146;83;7;15;7;0,36;0,2;2/10;36;60;55;5;11;5;77;17;2;1;3
608;VCT 2025: EMEA Stage 2;Playoffs;Upper Final;Jamppi;BBL Esports;23;92;183;88;0,61;121;61;35;9;9;0,2;0,33;1/3;14;14;16;8;2;2;73;17;2;1;3
609;VCT 2025: EMEA Stage 2;Playoffs;Upper Final;Jamppi;BBL Esports;72;84;173;82;0,69;117;58;26;4;6;0,28;0,14;1/7;15;42;51;19;3;4;73;17;2;1;3
610;VCT 2025: EMEA Stage 2;Playoffs;Upper Final;MAGNUM;BBL Esports;49;87;173;84;0,67;111;63;27;6;14;0,24;0,14;1/7;17;31;37;13;3;7;74;17;2;1;3
611;VCT 2025: EMEA Stage 2;Playoffs;Upper Final;MAGNUM;BBL Esports;72;83;174;79;0,68;112;61;28;4;15;0,23;0,09;1/11;17;44;56;20;3;11;74;17;2;1;3
612;VCT 2025: EMEA Stage 2;Playoffs;Upper Final;LewN;BBL Esports;26;103;248;10;0,65;165;85;15;19;12;0,33;0,33;1/3;22;22;22;4;5;3;75;17;2;1;3
613;VCT 2025: EMEA Stage 2;Playoffs;Upper Final;LewN;BBL Esports;72;89;208;88;0,65;133;71;14;17;17;0,3;0,2;1/5;22;51;58;10;12;12;75;17;2;1;3
614;VCT 2025: EMEA Stage 2;Playoffs;Upper Final;nAts;Team Liquid;46;134;246;129;0,87;162;87;33;11;9;0,21;0,17;1/6;23;40;31;15;5;4;64;13;2;1;3
615;VCT 2025: EMEA Stage 2;Playoffs;Upper Final;nAts;Team Liquid;26;165;333;167;0,65;223;115;31;19;12;0,29;0,67;2/3;30;30;18;8;5;3;64;13;2;1;3
616;VCT 2025: EMEA Stage 2;Playoffs;Upper Final;nAts;Team Liquid;72;145;275;143;0,79;184;97;32;14;1;0,24;0,33;3/9;30;70;49;23;10;7;64;13;2;1;3
617;VCT 2025: EMEA Stage 2;Playoffs;Upper Final;trexx;Team Liquid;26;112;216;111;0,77;135;81;46;8;8;0,24;0,25;1/4;21;21;19;12;2;2;63;13;2;1;3
618;VCT 2025: EMEA Stage 2;Playoffs;Upper Final;trexx;Team Liquid;23;124;217;142;0,61;149;74;26;0;4;0,25;0,4;2/5;17;17;12;6;0;1;63;13;2;1;3
619;VCT 2025: EMEA Stage 2;Playoffs;Upper Final;trexx;Team Liquid;72;105;203;104;0,72;130;71;39;3;6;0,23;0,18;3/17;21;51;49;28;2;4;63;13;2;1;3
620;VCT 2025: EMEA Stage 2;Playoffs;Upper Final;kamo;Team Liquid;23;102;205;106;0,74;138;74;3;17;9;0,25;1;1/1;17;17;16;7;4;2;65;13;2;1;3
621;VCT 2025: EMEA Stage 2;Playoffs;Upper Final;kamo;Team Liquid;72;74;179;77;0,69;115;61;18;15;15;0,19;0,25;1/4;17;44;57;13;11;11;65;13;2;1;3
622;VCT 2025: EMEA Stage 2;Playoffs;Upper Final;paTiTek;Team Liquid;26;119;201;112;0,85;133;73;42;8;8;0,24;0,25;1/4;19;19;17;11;2;2;59;13;2;1;3
623;VCT 2025: EMEA Stage 2;Playoffs;Upper Final;paTiTek;Team Liquid;72;108;205;104;0,78;135;74;49;11;8;0,28;0,13;1/8;21;53;51;35;8;6;59;13;2;1;3
624;VCT 2025: EMEA Stage 2;Playoffs;Grand Final;grubinho;GIANTX;23;131;218;129;0,61;153;78;35;4;9;0,27;0,67;2/3;18;18;14;8;1;2;40;2;2;1;4
625;VCT 2025: EMEA Stage 2;Playoffs;Grand Final;grubinho;GIANTX;45;108;251;108;0,69;162;91;2;11;11;0,4;0,13;1/8;23;41;38;9;5;5;40;2;2;1;4
626;VCT 2025: EMEA Stage 2;Playoffs;Grand Final;grubinho;GIANTX;68;116;240;113;0,66;159;87;25;9;1;0,35;0,27;3/11;23;59;52;17;6;7;40;2;2;1;4
627;VCT 2025: EMEA Stage 2;Playoffs;Grand Final;Flickless;GIANTX;23;108;235;111;0,83;154;87;35;0;13;0,32;0,17;1/6;20;20;18;8;0;3;34;2;2;1;4
628;VCT 2025: EMEA Stage 2;Playoffs;Grand Final;Flickless;GIANTX;68;83;190;82;0,75;123;68;24;4;1;0,3;0,1;1/10;20;46;56;16;3;7;34;2;2;1;4
629;VCT 2025: EMEA Stage 2;Playoffs;Grand Final;westside;GIANTX;45;76;161;79;0,62;113;6;18;11;9;0,42;0,33;2/6;14;27;34;8;5;4;6;2;2;1;4
630;VCT 2025: EMEA Stage 2;Playoffs;Grand Final;westside;GIANTX;68;84;159;85;0,69;106;6;21;15;1;0,42;0,18;2/11;14;41;48;14;10;7;6;2;2;1;4
631;VCT 2025: EMEA Stage 2;Playoffs;Grand Final;Cloud;GIANTX;23;83;186;82;0,52;134;61;3;13;4;0,22;0,33;1/3;14;14;17;7;3;1;7;2;2;1;4
632;VCT 2025: EMEA Stage 2;Playoffs;Grand Final;Cloud;GIANTX;68;71;174;69;0,51;121;59;24;6;13;0,33;0,17;1/6;15;40;58;16;4;9;7;2;2;1;4
633;VCT 2025: EMEA Stage 2;Playoffs;Grand Final;ara;GIANTX;45;10;213;94;0,67;141;73;13;13;9;0,25;0,29;2/7;17;33;35;6;6;4;33;2;2;1;4
634;VCT 2025: EMEA Stage 2;Playoffs;Grand Final;ara;GIANTX;68;86;189;79;0,66;130;62;18;12;1;0,26;0,25;2/8;17;42;53;12;8;7;33;2;2;1;4
635;VCT 2025: EMEA Stage 2;Playoffs;Grand Final;keiko;Team Liquid;45;123;242;132;0,82;166;91;16;16;11;0,27;0,4;2/5;21;41;31;7;7;5;58;13;2;1;4
636;VCT 2025: EMEA Stage 2;Playoffs;Grand Final;keiko;Team Liquid;68;118;220;124;0,82;150;82;22;13;9;0,33;0,33;2/6;21;56;45;15;9;6;58;13;2;1;4
637;VCT 2025: EMEA Stage 2;Playoffs;Grand Final;nAts;Team Liquid;22;136;242;158;0,95;152;86;5;5;5;0,29;0,33;1/3;19;19;12;11;1;1;64;13;2;1;4
638;VCT 2025: EMEA Stage 2;Playoffs;Grand Final;nAts;Team Liquid;68;119;251;125;0,81;162;88;32;7;1;0,31;0,11;1/9;25;60;48;22;5;1;64;13;2;1;4
639;VCT 2025: EMEA Stage 2;Playoffs;Grand Final;trexx;Team Liquid;45;134;250;136;0,89;157;84;67;4;4;0,24;0,33;2/6;26;38;28;30;2;2;63;13;2;1;4
640;VCT 2025: EMEA Stage 2;Playoffs;Grand Final;trexx;Team Liquid;68;118;222;124;0,81;144;76;5;4;4;0,24;0,25;2/8;26;52;42;34;3;3;63;13;2;1;4
641;VCT 2025: EMEA Stage 2;Playoffs;Grand Final;paTiTek;Team Liquid;23;81;137;67;0,83;101;43;3;4;17;0,38;0,5;1/2;10;10;15;7;1;4;59;13;2;1;4
642;VCT 2025: EMEA Stage 2;Playoffs;Grand Final;paTiTek;Team Liquid;68;106;189;102;0,81;126;69;35;12;16;0,36;0,14;1/7;21;47;46;24;8;11;59;13;2;1;4
643;VCT 2025: EMEA Stage 2;Playoffs;Grand Final;kamo;Team Liquid;45;94;200;10;0,78;137;71;38;13;13;0,26;0,25;1/4;17;32;32;17;6;6;65;13;2;1;4
644;VCT 2025: EMEA Stage 2;Playoffs;Grand Final;kamo;Team Liquid;68;104;216;111;0,76;142;76;29;18;15;0,26;0,2;1/5;20;52;47;20;12;10;65;13;2;1;4
645;VCT 2025: EMEA Stage 2;Playoffs;Lower Round 1;SUYGETSU;Karmine Corp;52;93;177;106;0,75;114;65;31;2;1;0,41;0,13;1/8;20;34;32;16;1;5;81;19;2;1;5
646;VCT 2025: EMEA Stage 2;Playoffs;Lower Round 1;SUYGETSU;Karmine Corp;73;115;224;132;0,78;137;79;33;4;1;0,43;0,08;1/13;24;58;44;24;3;7;81;19;2;1;5
647;VCT 2025: EMEA Stage 2;Playoffs;Lower Round 1;marteen;Karmine Corp;47;98;211;109;0,64;131;81;9;15;21;0,31;0,2;1/5;25;38;35;4;7;10;82;19;2;1;5
648;VCT 2025: EMEA Stage 2;Playoffs;Lower Round 1;marteen;Karmine Corp;73;94;208;102;0,63;126;77;14;16;16;0,34;0,17;1/6;25;56;55;10;12;12;82;19;2;1;5
649;VCT 2025: EMEA Stage 2;Playoffs;Lower Round 1;pyrolll;Karmine Corp;26;113;186;114;0,73;130;62;35;0;0;0,33;0,33;1/3;16;16;14;9;0;0;83;19;2;1;5
650;VCT 2025: EMEA Stage 2;Playoffs;Lower Round 1;pyrolll;Karmine Corp;73;9;160;85;0,66;111;56;23;4;7;0,33;0,1;1/10;20;41;48;17;3;5;83;19;2;1;5
651;VCT 2025: EMEA Stage 2;Playoffs;Lower Round 1;Avez;Karmine Corp;21;72;124;57;0,57;85;38;19;0;1;0,4;1;1/1;8;8;14;4;0;2;84;19;2;1;5
652;VCT 2025: EMEA Stage 2;Playoffs;Lower Round 1;Avez;Karmine Corp;26;89;146;82;0,69;111;54;35;12;4;0,48;0,33;1/3;14;14;17;9;3;1;84;19;2;1;5
653;VCT 2025: EMEA Stage 2;Playoffs;Lower Round 1;Avez;Karmine Corp;73;89;164;96;0,64;112;6;21;8;1;0,45;0,4;2/5;22;44;46;15;6;7;84;19;2;1;5
654;VCT 2025: EMEA Stage 2;Playoffs;Lower Round 1;Boaster;FNATIC;47;85;130;74;0,72;82;43;4;6;9;0,28;0,33;1/3;10;20;27;19;3;4;32;6;2;1;5
655;VCT 2025: EMEA Stage 2;Playoffs;Lower Round 1;Boaster;FNATIC;73;74;123;67;0,64;75;42;3;5;8;0,28;0,25;1/4;11;31;46;22;4;6;32;6;2;1;5
656;VCT 2025: EMEA Stage 2;Playoffs;Lower Round 1;crashies;FNATIC;47;117;192;122;0,85;125;7;47;4;9;0,24;0,11;1/9;20;33;27;22;2;4;17;6;2;1;5
657;VCT 2025: EMEA Stage 2;Playoffs;Lower Round 1;crashies;FNATIC;26;134;245;122;0,77;168;85;27;15;4;0,26;0,5;2/4;22;22;18;7;4;1;17;6;2;1;5
658;VCT 2025: EMEA Stage 2;Playoffs;Lower Round 1;crashies;FNATIC;73;123;209;122;0,82;140;75;4;8;7;0,25;0,23;3/13;22;55;45;29;6;5;17;6;2;1;5
659;VCT 2025: EMEA Stage 2;Playoffs;Lower Round 1;Alfajer;FNATIC;21;109;204;123;0,81;133;76;1;1;5;0,36;1;1/1;16;16;13;2;2;1;18;6;2;1;5
660;VCT 2025: EMEA Stage 2;Playoffs;Lower Round 1;Alfajer;FNATIC;73;104;222;116;0,77;142;79;11;14;4;0,38;0,14;1/7;23;58;50;8;10;3;18;6;2;1;5
661;VCT 2025: EMEA Stage 2;Playoffs;Lower Round 1;kaajak;FNATIC;47;9;196;94;0,6;133;7;13;23;21;0,38;0,5;1/2;18;33;35;6;11;10;19;6;2;1;5
662;VCT 2025: EMEA Stage 2;Playoffs;Lower Round 1;kaajak;FNATIC;73;79;165;79;0,63;112;58;12;19;19;0,35;0,33;1/3;18;42;53;9;14;14;19;6;2;1;5
663;VCT 2025: EMEA Stage 2;Playoffs;Lower Round 1;Chronicle;FNATIC;73;128;257;134;0,73;169;86;38;1;5;0,25;0,23;3/13;28;63;47;28;7;4;26;6;2;1;5
664;VCT 2025: EMEA Stage 2;Playoffs;Lower Round 1;Kicks;Team Vitality;20;64;115;44;0,55;79;35;45;5;5;0,19;0,33;1/3;7;7;16;9;1;1;85;20;2;1;5
665;VCT 2025: EMEA Stage 2;Playoffs;Lower Round 1;Kicks;Team Vitality;44;83;162;69;0,61;116;55;32;7;7;0,28;0,25;1/4;17;24;35;14;3;3;85;20;2;1;5
666;VCT 2025: EMEA Stage 2;Playoffs;Lower Round 1;Sayf;Team Vitality;24;134;199;121;0,75;129;71;33;0;0;0,4;0,22;2/9;17;17;14;8;0;0;86;20;2;1;5
667;VCT 2025: EMEA Stage 2;Playoffs;Lower Round 1;Sayf;Team Vitality;44;111;176;93;0,7;123;61;2;2;7;0,37;0,18;2/11;17;27;29;9;1;3;86;20;2;1;5
668;VCT 2025: EMEA Stage 2;Playoffs;Lower Round 1;ANGE1;Natus Vincere;24;93;152;72;0,79;121;54;63;0;0;0,29;0,2;1/5;13;13;18;15;0;0;79;18;2;1;5
669;VCT 2025: EMEA Stage 2;Playoffs;Lower Round 1;ANGE1;Natus Vincere;44;83;146;75;0,75;108;55;41;5;2;0,28;0,17;1/6;13;24;32;18;2;1;79;18;2;1;5
670;VCT 2025: EMEA Stage 2;Playoffs;Lower Round 1;hiro;Natus Vincere;24;139;273;163;0,71;157;108;21;17;4;0,27;0,5;1/2;26;26;16;5;4;1;87;18;2;1;5
671;VCT 2025: EMEA Stage 2;Playoffs;Lower Round 1;hiro;Natus Vincere;44;127;242;145;0,77;151;95;25;16;5;0,26;0,33;1/3;26;42;29;11;7;2;87;18;2;1;5
672;VCT 2025: EMEA Stage 2;Playoffs;Lower Round 2;Flickless;GIANTX;23;16;307;20;0,83;202;113;52;4;4;0,22;0,33;1/3;26;26;13;12;1;1;34;2;2;1;6
673;VCT 2025: EMEA Stage 2;Playoffs;Lower Round 2;Flickless;GIANTX;46;137;257;159;0,85;167;10;48;4;4;0,26;0,14;1/7;26;46;29;22;2;2;34;2;2;1;6
674;VCT 2025: EMEA Stage 2;Playoffs;Lower Round 2;westside;GIANTX;46;94;176;94;0,7;120;65;2;9;9;0,46;0,2;1/5;18;30;32;9;4;4;6;2;2;1;6
675;VCT 2025: EMEA Stage 2;Playoffs;Lower Round 2;grubinho;GIANTX;46;116;216;114;0,85;140;72;54;17;7;0,3;0,2;1/5;19;33;29;25;8;3;40;2;2;1;6
676;VCT 2025: EMEA Stage 2;Playoffs;Lower Round 2;Chronicle;FNATIC;23;104;196;113;0,61;135;74;3;9;26;0,28;0,2;1/5;17;17;15;7;2;6;26;6;2;1;6
677;VCT 2025: EMEA Stage 2;Playoffs;Lower Round 2;Chronicle;FNATIC;46;107;208;103;0,63;143;72;33;7;15;0,25;0,1;1/10;17;33;32;15;3;7;26;6;2;1;6
678;VCT 2025: EMEA Stage 2;Playoffs;Lower Round 2;crashies;FNATIC;23;91;133;71;0,78;99;43;48;0;13;0,27;0,4;2/5;10;10;14;11;0;3;17;6;2;1;6
679;VCT 2025: EMEA Stage 2;Playoffs;Lower Round 2;crashies;FNATIC;46;82;136;71;0,72;95;48;37;0;11;0,27;0,29;2/7;12;22;31;17;0;5;17;6;2;1;6
680;VCT 2025: EMEA Stage 2;Playoffs;Lower Round 2;Alfajer;FNATIC;23;138;274;153;0,65;181;10;0;17;13;0,37;0,17;1/6;23;23;15;0;4;3;18;6;2;1;6
681;VCT 2025: EMEA Stage 2;Playoffs;Lower Round 2;Alfajer;FNATIC;46;94;205;97;0,57;134;74;4;11;17;0,34;0,14;1/7;23;34;35;2;5;8;18;6;2;1;6
682;VCT 2025: EMEA Stage 2;Playoffs;Lower Round 2;Boaster;FNATIC;46;57;132;55;0,61;91;46;26;7;17;0,47;0,25;1/4;13;21;38;12;3;8;32;6;2;1;6
683;VCT 2025: EMEA Stage 2;Playoffs;Lower Round 2;benjyfishy;Team Heretics;20;97;202;10;0,65;130;7;25;1;5;0,44;0,17;1/6;14;14;14;5;2;1;4;1;2;1;6
684;VCT 2025: EMEA Stage 2;Playoffs;Lower Round 2;benjyfishy;Team Heretics;36;89;208;87;0,61;134;72;19;14;6;0,4;0,09;1/11;14;26;30;7;5;2;4;1;2;1;6
685;VCT 2025: EMEA Stage 2;Playoffs;Lower Round 2;Wo0t;Team Heretics;20;81;192;87;0,7;136;65;3;15;25;0,42;0,5;1/2;13;13;15;6;3;5;3;1;2;1;6
686;VCT 2025: EMEA Stage 2;Playoffs;Lower Round 2;Wo0t;Team Heretics;16;85;212;79;0,63;139;69;19;6;13;0,43;1;1/1;11;11;14;3;1;2;3;1;2;1;6
687;VCT 2025: EMEA Stage 2;Playoffs;Lower Round 2;Wo0t;Team Heretics;36;82;202;83;0,67;138;67;25;11;19;0,43;0,67;2/3;13;24;29;9;4;7;3;1;2;1;6
688;VCT 2025: EMEA Stage 2;Playoffs;Lower Round 2;RieNs;Team Heretics;36;7;171;67;0,58;116;56;19;3;3;0,31;0,14;1/7;12;20;30;7;1;1;2;1;2;1;6
689;VCT 2025: EMEA Stage 2;Playoffs;Lower Round 2;hiro;Natus Vincere;36;142;261;18;0,89;161;10;25;3;11;0,34;0,25;2/8;20;36;20;9;1;4;87;18;2;1;6
690;VCT 2025: EMEA Stage 2;Playoffs;Lower Round 2;Shao;Natus Vincere;20;158;302;183;0,7;183;11;2;2;1;0,43;1;1/1;22;22;12;4;4;2;78;18;2;1;6
691;VCT 2025: EMEA Stage 2;Playoffs;Lower Round 2;Shao;Natus Vincere;16;134;242;167;0,88;150;94;44;6;0;0,34;1;1/1;15;15;9;7;1;0;78;18;2;1;6
692;VCT 2025: EMEA Stage 2;Playoffs;Lower Round 2;Shao;Natus Vincere;36;147;272;176;0,78;168;103;31;14;6;0,39;1;2/2;22;37;21;11;5;2;78;18;2;1;6
693;VCT 2025: EMEA Stage 2;Playoffs;Lower Round 2;ANGE1;Natus Vincere;36;76;148;74;0,69;101;47;36;0;11;0,33;0,33;1/3;10;17;23;13;0;4;79;18;2;1;6
694;VCT 2025: EMEA Stage 2;Playoffs;Lower Round 2;Ruxic;Natus Vincere;36;146;276;168;0,81;181;103;31;17;8;0,27;0,67;2/3;19;37;22;11;6;3;80;18;2;1;6
695;VCT 2025: EMEA Stage 2;Playoffs;Lower Round 3;westside;GIANTX;19;127;271;113;0,68;165;95;11;21;0;0,38;0,4;2/5;18;18;16;2;4;0;6;2;2;1;7
696;VCT 2025: EMEA Stage 2;Playoffs;Lower Round 3;westside;GIANTX;55;138;257;146;0,8;165;93;24;11;2;0,44;0,33;2/6;18;51;35;13;6;1;6;2;2;1;7
697;VCT 2025: EMEA Stage 2;Playoffs;Lower Round 3;ara;GIANTX;36;174;294;263;0,83;188;117;11;19;6;0,27;0,4;2/5;23;42;16;4;7;2;33;2;2;1;7
698;VCT 2025: EMEA Stage 2;Playoffs;Lower Round 3;ara;GIANTX;55;153;265;20;0,8;172;102;9;18;7;0,25;0,22;2/9;23;56;28;5;10;4;33;2;2;1;7
699;VCT 2025: EMEA Stage 2;Playoffs;Lower Round 3;Shao;Natus Vincere;19;123;244;114;0,89;150;84;26;16;5;0,51;0,25;1/4;16;16;14;5;3;1;78;18;2;1;7
700;VCT 2025: EMEA Stage 2;Playoffs;Lower Round 3;Shao;Natus Vincere;55;84;168;74;0,78;105;56;31;13;11;0,31;0,14;1/7;16;31;42;17;7;6;78;18;2;1;7
701;VCT 2025: EMEA Stage 2;Playoffs;Lower Round 3;Ruxic;Natus Vincere;19;91;175;87;0,58;114;68;21;5;0;0,33;0,17;1/6;13;13;15;4;1;0;80;18;2;1;7
702;VCT 2025: EMEA Stage 2;Playoffs;Lower Round 3;Ruxic;Natus Vincere;55;103;211;11;0,71;132;78;2;7;9;0,28;0,11;1/9;20;43;39;11;4;5;80;18;2;1;7
703;VCT 2025: EMEA Stage 2;Playoffs;Lower Final;grubinho;GIANTX;19;145;196;214;0,95;136;79;47;16;0;0,31;0,25;1/4;15;15;7;9;3;0;40;2;2;1;8
704;VCT 2025: EMEA Stage 2;Playoffs;Lower Final;grubinho;GIANTX;36;16;272;20;0,94;178;10;53;3;8;0,34;0,33;2/6;23;36;18;19;1;3;40;2;2;1;8
705;VCT 2025: EMEA Stage 2;Playoffs;Lower Final;grubinho;GIANTX;55;155;247;204;0,95;164;93;51;7;5;0,33;0,3;3/10;23;51;25;28;4;3;40;2;2;1;8
706;VCT 2025: EMEA Stage 2;Playoffs;Lower Final;Flickless;GIANTX;21;89;99;88;0,76;63;33;48;0;5;0,47;0,5;1/2;7;7;8;10;0;1;34;2;2;1;8
707;VCT 2025: EMEA Stage 2;Playoffs;Lower Final;Flickless;GIANTX;55;128;212;165;0,8;129;69;58;13;2;0,32;0,33;1/3;16;38;23;32;7;1;34;2;2;1;8
708;VCT 2025: EMEA Stage 2;Playoffs;Lower Final;westside;GIANTX;36;139;241;219;0,75;159;97;14;11;8;0,54;1;1/1;18;35;16;5;4;3;6;2;2;1;8
709;VCT 2025: EMEA Stage 2;Playoffs;Lower Final;westside;GIANTX;55;128;235;193;0,73;148;95;16;11;9;0,48;1;1/1;18;52;27;9;6;5;6;2;2;1;8
710;VCT 2025: EMEA Stage 2;Playoffs;Lower Final;ara;GIANTX;19;157;316;222;0,84;202;105;32;26;0;0,28;0,5;1/2;20;20;9;6;5;0;33;2;2;1;8
711;VCT 2025: EMEA Stage 2;Playoffs;Lower Final;ara;GIANTX;55;142;303;19;0,8;194;107;2;31;7;0,28;0,25;1/4;24;59;31;11;17;4;33;2;2;1;8
712;VCT 2025: EMEA Stage 2;Playoffs;Lower Final;PROFEK;BBL Esports;19;63;113;41;0,47;96;37;0;0;5;0,2;0,2;1/5;7;7;17;0;0;1;76;17;2;1;8
713;VCT 2025: EMEA Stage 2;Playoffs;Lower Final;PROFEK;BBL Esports;55;65;128;48;0,45;96;4;11;9;7;0,25;0,09;1/11;13;22;46;6;5;4;76;17;2;1;8
714;VCT 2025: EMEA Stage 2;Playoffs;Lower Final;Jamppi;BBL Esports;21;64;143;53;0,57;106;43;24;0;14;0,29;0,5;2/4;9;9;17;5;0;3;73;17;2;1;8
715;VCT 2025: EMEA Stage 2;Playoffs;Lower Final;Jamppi;BBL Esports;55;75;141;56;0,55;101;44;25;0;9;0,3;0,25;2/8;9;24;43;14;0;5;73;17;2;1;8
716;VCT 2025: EMEA Stage 2;Group Stage;Week 1;grubinho;GIANTX;24;101;154;8;0,63;122;5;46;0;8;0,4;0,33;1/3;12;12;15;11;0;2;40;2;2;2;27
717;VCT 2025: EMEA Stage 2;Group Stage;Week 1;grubinho;GIANTX;23;14;303;141;0,83;193;104;35;22;0;0,23;0,33;1/3;24;24;17;8;5;0;40;2;2;2;27
718;VCT 2025: EMEA Stage 2;Group Stage;Week 1;grubinho;GIANTX;47;12;228;113;0,72;157;77;4;11;4;0,29;0,33;2/6;24;36;32;19;5;2;40;2;2;2;27
719;VCT 2025: EMEA Stage 2;Group Stage;Week 1;Flickless;GIANTX;24;103;174;94;0,63;111;63;25;17;8;0,22;0,5;2/4;15;15;16;6;4;2;34;2;2;2;27
720;VCT 2025: EMEA Stage 2;Group Stage;Week 1;Flickless;GIANTX;47;10;164;97;0,64;109;6;23;11;9;0,26;0,4;2/5;15;28;29;11;5;4;34;2;2;2;27
721;VCT 2025: EMEA Stage 2;Group Stage;Week 1;westside;GIANTX;23;97;159;93;0,52;102;57;9;17;0;0,54;0,5;1/2;13;13;14;2;4;0;6;2;2;2;27
722;VCT 2025: EMEA Stage 2;Group Stage;Week 1;westside;GIANTX;24;102;209;89;0,75;136;71;29;17;8;0,35;0,33;1/3;17;17;19;7;4;2;6;2;2;2;27
723;VCT 2025: EMEA Stage 2;Group Stage;Week 1;westside;GIANTX;47;10;184;91;0,64;120;64;19;17;4;0,42;0,4;2/5;17;30;33;9;8;2;6;2;2;2;27
724;VCT 2025: EMEA Stage 2;Group Stage;Week 1;Cloud;GIANTX;23;121;218;12;0,65;169;78;22;4;9;0,49;0,2;1/5;18;18;15;5;1;2;7;2;2;2;27
725;VCT 2025: EMEA Stage 2;Group Stage;Week 1;Cloud;GIANTX;47;112;208;113;0,68;141;77;23;6;9;0,37;0,17;1/6;18;36;32;11;3;4;7;2;2;2;27
726;VCT 2025: EMEA Stage 2;Group Stage;Week 1;Proxh;Gentle Mates;48;79;151;69;0,85;108;5;48;4;6;0,18;0,13;1/8;14;24;35;23;2;3;88;21;2;2;27
727;VCT 2025: EMEA Stage 2;Group Stage;Week 1;Proxh;Gentle Mates;68;83;166;78;0,81;110;56;41;6;6;0,23;0,1;1/10;14;38;49;28;4;4;88;21;2;2;27
728;VCT 2025: EMEA Stage 2;Group Stage;Week 1;Minny;Gentle Mates;18;66;184;75;0,56;117;67;0;11;22;0,46;0,5;1/2;12;12;16;0;2;4;89;21;2;2;27
729;VCT 2025: EMEA Stage 2;Group Stage;Week 1;Minny;Gentle Mates;50;144;286;163;0,88;189;104;3;12;1;0,38;0,2;2/10;34;52;32;15;6;5;89;21;2;2;27
730;VCT 2025: EMEA Stage 2;Group Stage;Week 1;Minny;Gentle Mates;68;124;252;133;0,79;170;94;22;12;13;0,4;0,25;3/12;34;64;48;15;8;9;89;21;2;2;27
731;VCT 2025: EMEA Stage 2;Group Stage;Week 1;Veqaj;Gentle Mates;48;101;218;92;0,79;157;73;4;2;6;0,19;0,11;1/9;24;35;38;19;1;3;90;21;2;2;27
732;VCT 2025: EMEA Stage 2;Group Stage;Week 1;Veqaj;Gentle Mates;68;103;210;10;0,78;146;74;37;4;7;0,2;0,1;1/10;24;50;50;25;3;5;90;21;2;2;27
733;VCT 2025: EMEA Stage 2;Group Stage;Week 1;SUYGETSU;Karmine Corp;23;125;234;14;0,87;153;91;43;4;4;0,3;0,25;1/4;21;21;15;10;1;1;81;19;2;2;27
734;VCT 2025: EMEA Stage 2;Group Stage;Week 1;SUYGETSU;Karmine Corp;24;93;192;106;0,54;123;71;17;13;29;0,41;0,5;1/2;17;17;16;4;3;7;81;19;2;2;27
735;VCT 2025: EMEA Stage 2;Group Stage;Week 1;SUYGETSU;Karmine Corp;67;10;196;104;0,67;130;73;27;9;15;0,35;0,25;2/8;21;49;47;18;6;10;81;19;2;2;27
736;VCT 2025: EMEA Stage 2;Group Stage;Week 1;Elite;Karmine Corp;24;86;168;82;0,46;112;58;4;8;17;0,55;0,33;1/3;14;14;17;1;2;4;91;19;2;2;27
737;VCT 2025: EMEA Stage 2;Group Stage;Week 1;Elite;Karmine Corp;67;95;186;9;0,67;125;66;15;7;1;0,47;0,11;1/9;16;44;49;10;5;7;91;19;2;2;27
738;VCT 2025: EMEA Stage 2;Group Stage;Week 1;saadhak;Karmine Corp;20;44;92;41;0,5;59;35;3;5;2;0,44;1;1/1;7;7;17;6;1;4;92;19;2;2;27
739;VCT 2025: EMEA Stage 2;Group Stage;Week 1;saadhak;Karmine Corp;23;123;238;14;0,87;156;91;17;9;9;0,35;0,2;1/5;21;21;15;4;2;2;92;19;2;2;27
740;VCT 2025: EMEA Stage 2;Group Stage;Week 1;saadhak;Karmine Corp;67;87;164;8;0,7;107;58;4;7;9;0,28;0,18;2/11;21;39;49;27;5;6;92;19;2;2;27
741;VCT 2025: EMEA Stage 2;Group Stage;Week 1;Avez;Karmine Corp;20;123;215;10;0,7;129;8;35;5;0;0,24;0,2;1/5;16;16;16;7;1;0;84;19;2;2;27
742;VCT 2025: EMEA Stage 2;Group Stage;Week 1;Avez;Karmine Corp;24;157;315;165;0,71;202;117;17;4;4;0,42;1;2/2;28;28;17;4;1;1;84;19;2;2;27
743;VCT 2025: EMEA Stage 2;Group Stage;Week 1;Avez;Karmine Corp;67;135;263;135;0,7;168;97;21;7;7;0,29;0,43;3/7;28;65;48;14;5;5;84;19;2;2;27
744;VCT 2025: EMEA Stage 2;Group Stage;Week 1;Boaster;FNATIC;23;63;100;53;0,65;71;35;35;0;13;0,08;0,67;2/3;8;8;15;8;0;3;32;6;2;2;27
745;VCT 2025: EMEA Stage 2;Group Stage;Week 1;Boaster;FNATIC;67;67;131;67;0,63;92;46;31;7;1;0,22;0,29;2/7;16;31;46;21;5;7;32;6;2;2;27
746;VCT 2025: EMEA Stage 2;Group Stage;Week 1;crashies;FNATIC;43;124;231;124;0,77;165;84;33;7;2;0,33;0,2;2/10;21;36;29;14;3;1;17;6;2;2;27
747;VCT 2025: EMEA Stage 2;Group Stage;Week 1;crashies;FNATIC;67;125;241;129;0,78;176;87;28;4;1;0,34;0,15;2/13;22;58;45;19;3;1;17;6;2;2;27
748;VCT 2025: EMEA Stage 2;Group Stage;Week 1;kaajak;FNATIC;24;113;213;133;0,75;137;83;8;17;13;0,34;0,5;1/2;20;20;15;2;4;3;19;6;2;2;27
749;VCT 2025: EMEA Stage 2;Group Stage;Week 1;kaajak;FNATIC;43;138;300;136;0,77;192;105;21;19;5;0,33;0,5;2/4;23;45;33;9;8;2;19;6;2;2;27
750;VCT 2025: EMEA Stage 2;Group Stage;Week 1;kaajak;FNATIC;67;129;271;135;0,76;172;97;16;18;7;0,33;0,5;3/6;23;65;48;11;12;5;19;6;2;2;27
751;VCT 2025: EMEA Stage 2;Group Stage;Week 1;Chronicle;FNATIC;24;64;139;67;0,54;87;5;29;4;4;0,38;0,5;2/4;12;12;18;7;1;1;26;6;2;2;27
752;VCT 2025: EMEA Stage 2;Group Stage;Week 1;Chronicle;FNATIC;67;93;214;10;0,69;134;76;18;13;9;0,26;0,29;2/7;21;51;51;12;9;6;26;6;2;2;27
753;VCT 2025: EMEA Stage 2;Group Stage;Week 1;KovaQ;Team Vitality;24;93;190;106;0,75;110;71;25;13;0;0,35;0,33;1/3;17;17;16;6;3;0;93;20;2;2;27
754;VCT 2025: EMEA Stage 2;Group Stage;Week 1;KovaQ;Team Vitality;47;93;187;10;0,74;117;68;3;9;2;0,35;0,14;1/7;17;32;32;14;4;1;93;20;2;2;27
755;VCT 2025: EMEA Stage 2;Group Stage;Week 1;Kicks;Team Vitality;23;92;142;86;0,78;84;52;3;4;9;0,32;0,2;1/5;12;12;14;7;1;2;85;20;2;2;27
756;VCT 2025: EMEA Stage 2;Group Stage;Week 1;Kicks;Team Vitality;47;94;154;96;0,77;89;55;38;2;9;0,35;0,14;1/7;14;26;27;18;1;4;85;20;2;2;27
757;VCT 2025: EMEA Stage 2;Group Stage;Week 1;Jamppi;BBL Esports;42;144;272;163;0,81;169;105;26;7;14;0,23;0,33;1/3;24;44;27;11;3;6;73;17;2;2;27
758;VCT 2025: EMEA Stage 2;Group Stage;Week 1;Jamppi;BBL Esports;64;112;215;116;0,73;135;8;27;8;14;0,24;0,17;1/6;24;51;44;17;5;9;73;17;2;2;27
759;VCT 2025: EMEA Stage 2;Group Stage;Week 1;MAGNUM;BBL Esports;22;94;190;82;0,64;123;64;18;9;14;0,33;0,2;1/5;14;14;17;4;2;3;74;17;2;2;27
760;VCT 2025: EMEA Stage 2;Group Stage;Week 1;MAGNUM;BBL Esports;18;9;187;10;0,83;128;67;28;6;6;0,29;1;1/1;12;12;12;5;1;1;74;17;2;2;27
761;VCT 2025: EMEA Stage 2;Group Stage;Week 1;MAGNUM;BBL Esports;64;79;171;73;0,69;116;55;25;6;11;0,26;0,25;2/8;14;35;48;16;4;7;74;17;2;2;27
762;VCT 2025: EMEA Stage 2;Group Stage;Week 1;sociablEE;BBL Esports;24;54;118;56;0,46;86;42;8;8;13;0,37;0,17;1/6;10;10;18;2;2;3;77;17;2;2;27
763;VCT 2025: EMEA Stage 2;Group Stage;Week 1;sociablEE;BBL Esports;64;7;159;73;0,56;103;58;2;8;9;0,3;0,1;1/10;17;37;51;13;5;6;77;17;2;2;27
764;VCT 2025: EMEA Stage 2;Group Stage;Week 1;PROFEK;BBL Esports;46;126;221;112;0,7;156;8;43;2;4;0,34;0,42;5/12;23;37;33;20;1;2;76;17;2;2;27
765;VCT 2025: EMEA Stage 2;Group Stage;Week 1;PROFEK;BBL Esports;64;133;226;126;0,75;160;83;45;5;3;0,27;0,33;5/15;23;53;42;29;3;2;76;17;2;2;27
766;VCT 2025: EMEA Stage 2;Group Stage;Week 1;keiko;Team Liquid;17;181;353;24;0,94;198;141;71;6;6;0,31;1;1/1;24;24;10;12;1;1;58;13;2;2;27
767;VCT 2025: EMEA Stage 2;Group Stage;Week 1;keiko;Team Liquid;23;104;200;94;0,83;146;7;13;13;0;0,51;0,25;1/4;16;16;17;3;3;0;58;13;2;2;27
768;VCT 2025: EMEA Stage 2;Group Stage;Week 1;keiko;Team Liquid;21;16;326;186;0,81;206;124;0;5;1;0,41;0,5;1/2;26;26;14;0;1;2;58;13;2;2;27
769;VCT 2025: EMEA Stage 2;Group Stage;Week 1;keiko;Team Liquid;61;145;293;161;0,85;181;108;25;8;5;0,41;0,43;3/7;26;66;41;15;5;3;58;13;2;2;27
770;VCT 2025: EMEA Stage 2;Group Stage;Week 1;trexx;Team Liquid;21;128;242;121;0,86;156;81;57;5;5;0,19;0,6;3/5;17;17;14;12;1;1;63;13;2;2;27
771;VCT 2025: EMEA Stage 2;Group Stage;Week 1;trexx;Team Liquid;23;64;137;47;0,52;94;39;3;0;9;0,14;0,25;1/4;9;9;19;7;0;2;63;13;2;2;27
772;VCT 2025: EMEA Stage 2;Group Stage;Week 1;trexx;Team Liquid;61;93;176;81;0,7;116;57;46;3;5;0,17;0,44;4/9;17;35;43;28;2;3;63;13;2;2;27
773;VCT 2025: EMEA Stage 2;Group Stage;Week 1;paTiTek;Team Liquid;23;71;165;83;0,65;104;65;0;0;13;0,2;0,17;1/6;15;15;18;0;0;3;59;13;2;2;27
774;VCT 2025: EMEA Stage 2;Group Stage;Week 1;paTiTek;Team Liquid;17;85;157;10;0,82;78;65;35;18;12;0,37;0,25;1/4;11;11;11;6;3;2;59;13;2;2;27
775;VCT 2025: EMEA Stage 2;Group Stage;Week 1;paTiTek;Team Liquid;61;67;139;73;0,69;86;52;21;8;13;0,21;0,18;2/11;15;32;44;13;5;8;59;13;2;2;27
776;VCT 2025: EMEA Stage 2;Group Stage;Week 1;kamo;Team Liquid;17;12;224;118;0,94;176;76;18;18;6;0,2;1;2/2;13;13;11;3;3;1;65;13;2;2;27
777;VCT 2025: EMEA Stage 2;Group Stage;Week 1;kamo;Team Liquid;61;10;212;102;0,77;145;75;2;16;2;0,25;0,4;2/5;20;46;45;12;10;12;65;13;2;2;27
778;VCT 2025: EMEA Stage 2;Group Stage;Week 1;nAts;Team Liquid;21;122;220;12;0,71;148;86;38;1;14;0,33;0,5;1/2;18;18;15;8;2;3;64;13;2;2;27
779;VCT 2025: EMEA Stage 2;Group Stage;Week 1;nAts;Team Liquid;61;126;268;123;0,74;176;95;38;8;13;0,28;0,25;1/4;22;58;47;23;5;8;64;13;2;2;27
780;VCT 2025: EMEA Stage 2;Group Stage;Week 1;flyuh;KOI;38;91;214;97;0,74;129;82;21;11;5;0,23;0,25;1/4;16;31;32;8;4;2;94;22;2;2;27
781;VCT 2025: EMEA Stage 2;Group Stage;Week 1;flyuh;KOI;61;112;236;115;0,75;159;89;23;11;3;0,24;0,14;1/7;23;54;47;14;7;2;94;22;2;2;27
782;VCT 2025: EMEA Stage 2;Group Stage;Week 1;nataNk;KOI;21;89;165;87;0,81;119;62;1;14;14;0,29;0,17;1/6;13;13;15;2;3;3;95;22;2;2;27
783;VCT 2025: EMEA Stage 2;Group Stage;Week 1;nataNk;KOI;61;75;157;76;0,77;116;57;21;1;18;0,28;0,09;1/11;13;35;46;13;6;11;95;22;2;2;27
784;VCT 2025: EMEA Stage 2;Group Stage;Week 1;MONSTEERR;KOI;61;115;240;116;0,75;161;85;28;1;3;0,28;0,23;3/13;23;52;45;17;6;2;96;22;2;2;27
785;VCT 2025: EMEA Stage 2;Group Stage;Week 1;benjyfishy;Team Heretics;18;48;113;44;0,61;80;39;17;6;17;0,32;0,25;1/4;7;7;16;3;1;3;4;1;2;2;27
786;VCT 2025: EMEA Stage 2;Group Stage;Week 1;benjyfishy;Team Heretics;24;119;216;113;0,75;155;71;5;13;4;0,44;0,2;1/5;17;17;15;12;3;1;4;1;2;2;27
787;VCT 2025: EMEA Stage 2;Group Stage;Week 1;benjyfishy;Team Heretics;64;106;188;102;0,7;133;67;31;8;8;0,38;0,15;2/13;19;43;42;20;5;5;4;1;2;2;27
788;VCT 2025: EMEA Stage 2;Group Stage;Week 1;Wo0t;Team Heretics;42;125;218;128;0,81;137;88;48;1;5;0,41;0,17;1/6;28;37;29;20;4;2;3;1;2;2;27
789;VCT 2025: EMEA Stage 2;Group Stage;Week 1;Wo0t;Team Heretics;64;123;227;13;0,78;146;88;39;14;5;0,34;0,17;1/6;28;56;43;25;9;3;3;1;2;2;27
790;VCT 2025: EMEA Stage 2;Group Stage;Week 1;MiniBoo;Team Heretics;24;102;231;94;0,79;156;71;29;21;13;0,32;0,5;1/2;17;17;18;7;5;3;5;1;2;2;27
791;VCT 2025: EMEA Stage 2;Group Stage;Week 1;MiniBoo;Team Heretics;64;114;253;119;0,78;166;88;2;17;17;0,29;0,25;1/4;27;56;47;13;11;11;5;1;2;2;27
792;VCT 2025: EMEA Stage 2;Group Stage;Week 1;Boo;Team Heretics;46;75;116;59;0,74;72;37;63;4;13;0,3;0,17;1/6;10;17;29;29;2;6;1;1;2;2;27
793;VCT 2025: EMEA Stage 2;Group Stage;Week 1;Boo;Team Heretics;64;86;159;75;0,75;94;52;5;8;11;0,29;0,1;1/10;16;33;44;32;5;7;1;1;2;2;27
794;VCT 2025: EMEA Stage 2;Group Stage;Week 1;yetujey;FUT Esports;48;132;242;131;0,71;165;88;21;1;2;0,26;0,36;4/11;24;42;32;10;5;1;97;23;2;2;27
795;VCT 2025: EMEA Stage 2;Group Stage;Week 1;yetujey;FUT Esports;20;113;219;93;0,65;160;7;2;1;1;0,39;0,14;1/7;14;14;15;4;2;2;97;23;2;2;27
796;VCT 2025: EMEA Stage 2;Group Stage;Week 1;yetujey;FUT Esports;68;126;234;119;0,69;164;82;21;1;4;0,29;0,28;5/18;24;56;47;14;7;3;97;23;2;2;27
797;VCT 2025: EMEA Stage 2;Group Stage;Week 1;qRaxs;FUT Esports;30;97;185;83;0,8;107;63;4;3;3;0,35;0,17;1/6;19;19;23;12;1;1;98;23;2;2;27
798;VCT 2025: EMEA Stage 2;Group Stage;Week 1;qRaxs;FUT Esports;38;113;215;97;0,79;145;74;63;5;5;0,39;0,5;2/4;18;28;29;24;2;2;98;23;2;2;27
799;VCT 2025: EMEA Stage 2;Group Stage;Week 1;qRaxs;FUT Esports;68;106;205;9;0,79;128;69;53;4;4;0,37;0,3;3/10;19;47;52;36;3;3;98;23;2;2;27
800;VCT 2025: EMEA Stage 2;Group Stage;Week 1;MrFaliN;FUT Esports;30;104;218;104;0,7;123;83;37;1;7;0,31;0,5;2/4;25;25;24;11;3;2;99;23;2;2;27
801;VCT 2025: EMEA Stage 2;Group Stage;Week 1;MrFaliN;FUT Esports;68;93;169;86;0,69;113;62;35;13;9;0,27;0,33;2/6;25;42;49;24;9;6;99;23;2;2;27
802;VCT 2025: EMEA Stage 2;Group Stage;Week 1;cNed;FUT Esports;30;114;241;114;0,63;168;83;27;13;27;0,29;0,67;2/3;25;25;22;8;4;8;100;23;2;2;27
803;VCT 2025: EMEA Stage 2;Group Stage;Week 1;cNed;FUT Esports;68;124;262;13;0,72;164;96;26;15;15;0,29;0,25;2/8;25;65;50;18;10;10;100;23;2;2;27
804;VCT 2025: EMEA Stage 2;Group Stage;Week 1;hiro;Natus Vincere;17;169;284;271;0,76;183;112;18;24;12;0,39;1;1/1;19;19;7;3;4;2;87;18;2;2;27
805;VCT 2025: EMEA Stage 2;Group Stage;Week 1;hiro;Natus Vincere;52;123;217;157;0,73;156;85;15;12;12;0,37;1;1/1;19;44;28;8;6;6;87;18;2;2;27
806;VCT 2025: EMEA Stage 2;Group Stage;Week 1;Ruxic;Natus Vincere;35;156;242;189;0,71;157;97;23;14;9;0,33;0,2;1/5;17;34;18;8;5;3;80;18;2;2;27
807;VCT 2025: EMEA Stage 2;Group Stage;Week 1;Ruxic;Natus Vincere;52;141;243;172;0,69;159;96;23;12;8;0,33;0,2;1/5;17;50;29;12;6;4;80;18;2;2;27
808;VCT 2025: EMEA Stage 2;Group Stage;Week 1;MOLSI;Apeks;36;129;244;121;0,81;179;81;31;8;6;0,33;0,08;1/13;19;29;24;11;3;2;101;24;2;2;27
809;VCT 2025: EMEA Stage 2;Group Stage;Week 1;MOLSI;Apeks;52;101;208;9;0,71;155;67;29;6;6;0,3;0,07;1/14;19;35;39;15;3;3;101;24;2;2;27
810;VCT 2025: EMEA Stage 2;Group Stage;Week 1;AvovA;Apeks;35;63;106;52;0,63;74;37;23;9;9;0,32;0,17;1/6;8;13;25;8;3;3;102;24;2;2;27
811;VCT 2025: EMEA Stage 2;Group Stage;Week 1;AvovA;Apeks;52;62;108;51;0,62;73;37;27;8;1;0,33;0,14;1/7;8;19;37;14;4;5;102;24;2;2;27
812;VCT 2025: EMEA Stage 2;Group Stage;Week 2;Proxh;Gentle Mates;18;103;193;93;0,72;119;72;33;0;17;0,25;0,33;1/3;13;13;14;6;0;3;88;21;2;2;28
813;VCT 2025: EMEA Stage 2;Group Stage;Week 2;Proxh;Gentle Mates;52;91;166;91;0,73;111;58;4;8;8;0,23;0,25;1/4;18;30;33;21;4;4;88;21;2;2;28
814;VCT 2025: EMEA Stage 2;Group Stage;Week 2;Proxh;Gentle Mates;70;94;175;91;0,73;113;61;39;6;1;0,24;0,29;2/7;18;43;47;27;4;7;88;21;2;2;28
815;VCT 2025: EMEA Stage 2;Group Stage;Week 2;Veqaj;Gentle Mates;26;145;274;18;0,73;175;104;23;19;4;0,31;0,14;1/7;27;27;15;6;5;1;90;21;2;2;28
816;VCT 2025: EMEA Stage 2;Group Stage;Week 2;Veqaj;Gentle Mates;70;12;235;129;0,73;159;9;31;11;9;0,33;0,08;1/12;28;63;49;22;8;6;90;21;2;2;28
817;VCT 2025: EMEA Stage 2;Group Stage;Week 2;Minny;Gentle Mates;26;112;195;125;0,69;135;77;8;8;12;0,33;0,33;1/3;20;20;16;2;2;3;89;21;2;2;28
818;VCT 2025: EMEA Stage 2;Group Stage;Week 2;Minny;Gentle Mates;18;128;250;10;0,67;163;83;5;0;11;0,33;0,17;1/6;15;15;15;9;0;2;89;21;2;2;28
819;VCT 2025: EMEA Stage 2;Group Stage;Week 2;Minny;Gentle Mates;26;82;136;75;0,58;93;46;27;4;12;0,33;0,2;1/5;12;12;16;7;1;3;89;21;2;2;28
820;VCT 2025: EMEA Stage 2;Group Stage;Week 2;Minny;Gentle Mates;70;105;194;10;0,64;126;67;26;4;11;0,33;0,21;3/14;20;47;47;18;3;8;89;21;2;2;28
821;VCT 2025: EMEA Stage 2;Group Stage;Week 2;sociablEE;BBL Esports;24;94;202;94;0,71;136;67;29;21;13;0,27;0,2;1/5;16;16;17;7;5;3;77;17;2;2;28
822;VCT 2025: EMEA Stage 2;Group Stage;Week 2;sociablEE;BBL Esports;44;123;252;135;0,73;150;95;2;7;7;0,37;0,27;3/11;21;42;31;9;3;3;77;17;2;2;28
823;VCT 2025: EMEA Stage 2;Group Stage;Week 2;sociablEE;BBL Esports;68;113;235;121;0,72;145;85;24;12;9;0,34;0,25;4/16;21;58;48;16;8;6;77;17;2;2;28
824;VCT 2025: EMEA Stage 2;Group Stage;Week 2;LewN;BBL Esports;24;15;296;163;0,67;186;108;13;17;13;0,28;1;2/2;26;26;16;3;4;3;75;17;2;2;28
825;VCT 2025: EMEA Stage 2;Group Stage;Week 2;LewN;BBL Esports;68;113;217;124;0,66;141;84;12;13;18;0,32;0,22;2/9;26;57;46;8;9;12;75;17;2;2;28
826;VCT 2025: EMEA Stage 2;Group Stage;Week 2;Boo;Team Heretics;18;88;121;89;0,78;79;44;56;6;0;0,23;0,33;1/3;8;8;9;10;1;0;1;1;2;2;28
827;VCT 2025: EMEA Stage 2;Group Stage;Week 2;Boo;Team Heretics;52;77;121;64;0,6;84;4;35;2;8;0,42;0,27;3/11;13;21;33;18;1;4;1;1;2;2;28
828;VCT 2025: EMEA Stage 2;Group Stage;Week 2;Boo;Team Heretics;70;8;121;69;0,64;82;41;4;3;6;0,36;0,29;4/14;13;29;42;28;2;4;1;1;2;2;28
829;VCT 2025: EMEA Stage 2;Group Stage;Week 2;Wo0t;Team Heretics;18;16;266;20;0,89;161;10;39;22;0;0,19;0,67;2/3;18;18;9;7;4;0;3;1;2;2;28
830;VCT 2025: EMEA Stage 2;Group Stage;Week 2;Wo0t;Team Heretics;70;131;276;135;0,7;177;93;24;23;1;0,32;0,67;2/3;24;65;48;17;16;7;3;1;2;2;28
831;VCT 2025: EMEA Stage 2;Group Stage;Week 2;RieNs;Team Heretics;26;113;214;9;0,62;149;69;38;8;4;0,37;0,33;1/3;18;18;20;10;2;1;2;1;2;2;28
832;VCT 2025: EMEA Stage 2;Group Stage;Week 2;RieNs;Team Heretics;26;119;240;128;0,77;161;88;12;15;0;0,48;0,14;1/7;23;23;18;3;4;0;2;1;2;2;28
833;VCT 2025: EMEA Stage 2;Group Stage;Week 2;RieNs;Team Heretics;70;114;214;108;0,73;151;76;34;9;1;0,37;0,18;2/11;23;53;49;24;6;1;2;1;2;2;28
834;VCT 2025: EMEA Stage 2;Group Stage;Week 2;MiniBoo;Team Heretics;52;96;215;10;0,69;137;77;12;12;12;0,29;0,25;1/4;24;40;40;6;6;6;5;1;2;2;28
835;VCT 2025: EMEA Stage 2;Group Stage;Week 2;MiniBoo;Team Heretics;70;103;235;111;0,69;147;84;13;16;16;0,29;0,25;1/4;24;59;53;9;11;11;5;1;2;2;28
836;VCT 2025: EMEA Stage 2;Group Stage;Week 2;Boaster;FNATIC;44;123;202;138;0,77;129;75;43;5;2;0,38;0,33;1/3;19;33;24;19;2;1;32;6;2;2;28
837;VCT 2025: EMEA Stage 2;Group Stage;Week 2;kaajak;FNATIC;44;109;191;118;0,73;135;75;16;11;7;0,42;1;2/2;17;33;28;7;5;3;19;6;2;2;28
838;VCT 2025: EMEA Stage 2;Group Stage;Week 2;penny;Apeks;24;128;258;144;0,79;170;96;13;13;8;0,23;0,67;2/3;23;23;16;3;3;2;103;24;2;2;28
839;VCT 2025: EMEA Stage 2;Group Stage;Week 2;penny;Apeks;68;118;232;122;0,74;161;82;24;13;13;0,21;0,33;2/6;23;56;46;16;9;9;103;24;2;2;28
840;VCT 2025: EMEA Stage 2;Group Stage;Week 2;MOLSI;Apeks;24;108;197;10;0,83;124;71;71;8;8;0,28;0,2;1/5;17;17;17;17;2;2;101;24;2;2;28
841;VCT 2025: EMEA Stage 2;Group Stage;Week 2;MOLSI;Apeks;68;112;213;10;0,76;145;72;49;7;6;0,22;0,08;1/12;18;49;49;33;5;4;101;24;2;2;28
842;VCT 2025: EMEA Stage 2;Group Stage;Week 2;Less;Team Vitality;15;112;166;143;0,87;107;67;27;0;0;0,38;0,5;1/2;10;10;7;4;0;0;104;20;2;2;28
843;VCT 2025: EMEA Stage 2;Group Stage;Week 2;Less;Team Vitality;18;116;192;109;0,83;138;67;28;17;0;0,3;0,5;1/2;12;12;11;5;3;0;104;20;2;2;28
844;VCT 2025: EMEA Stage 2;Group Stage;Week 2;Less;Team Vitality;33;114;179;122;0,85;124;67;27;9;0;0,33;0,5;2/4;12;22;18;9;3;0;104;20;2;2;28
845;VCT 2025: EMEA Stage 2;Group Stage;Week 2;UNFAKE;Team Vitality;15;167;233;28;0,93;161;93;67;13;0;0,35;1;2/2;14;14;5;10;2;0;105;20;2;2;28
846;VCT 2025: EMEA Stage 2;Group Stage;Week 2;UNFAKE;Team Vitality;33;15;218;223;0,85;148;88;39;9;0;0,41;1;2/2;15;29;13;13;3;0;105;20;2;2;28
847;VCT 2025: EMEA Stage 2;Group Stage;Week 2;Kicks;Team Vitality;33;113;150;113;0,88;104;52;55;3;0;0,39;0,33;2/6;9;17;15;18;1;0;85;20;2;2;28
848;VCT 2025: EMEA Stage 2;Group Stage;Week 2;saadhak;Karmine Corp;24;55;128;48;0,5;80;42;25;4;13;0,18;0,17;1/6;10;10;21;6;1;3;92;19;2;2;28
849;VCT 2025: EMEA Stage 2;Group Stage;Week 2;saadhak;Karmine Corp;68;79;157;67;0,63;106;5;44;4;9;0,27;0,14;1/7;14;34;51;30;3;6;92;19;2;2;28
850;VCT 2025: EMEA Stage 2;Group Stage;Week 2;SUYGETSU;Karmine Corp;48;113;222;12;0,73;145;88;23;13;1;0,38;0,1;1/10;22;42;35;11;6;5;81;19;2;2;28
851;VCT 2025: EMEA Stage 2;Group Stage;Week 2;SUYGETSU;Karmine Corp;20;176;350;20;0,95;225;13;5;25;0;0,51;0,33;1/3;26;26;13;1;5;0;81;19;2;2;28
852;VCT 2025: EMEA Stage 2;Group Stage;Week 2;SUYGETSU;Karmine Corp;68;131;264;142;0,79;169;10;18;16;7;0,42;0,15;2/13;26;68;48;12;11;5;81;19;2;2;28
853;VCT 2025: EMEA Stage 2;Group Stage;Week 2;marteen;Karmine Corp;20;91;137;83;0,85;86;5;35;1;1;0,23;0,33;1/3;10;10;12;7;2;2;82;19;2;2;28
854;VCT 2025: EMEA Stage 2;Group Stage;Week 2;marteen;Karmine Corp;48;75;169;78;0,63;112;6;33;4;21;0,2;0,33;1/3;19;29;37;16;2;10;82;19;2;2;28
855;VCT 2025: EMEA Stage 2;Group Stage;Week 2;marteen;Karmine Corp;68;8;158;8;0,69;104;57;34;6;18;0,21;0,33;2/6;19;39;49;23;4;12;82;19;2;2;28
856;VCT 2025: EMEA Stage 2;Group Stage;Week 2;Avez;Karmine Corp;24;129;287;128;0,75;186;96;29;4;13;0,25;0,33;1/3;23;23;18;7;1;3;84;19;2;2;28
857;VCT 2025: EMEA Stage 2;Group Stage;Week 2;Avez;Karmine Corp;20;103;151;127;0,8;100;7;0;15;0;0,31;0,33;1/3;14;14;11;0;3;0;84;19;2;2;28
858;VCT 2025: EMEA Stage 2;Group Stage;Week 2;Avez;Karmine Corp;68;103;203;108;0,78;141;76;24;9;9;0,27;0,29;2/7;23;52;48;16;6;6;84;19;2;2;28
859;VCT 2025: EMEA Stage 2;Group Stage;Week 2;paTiTek;Team Liquid;20;115;227;123;0,85;156;8;25;1;5;0,22;1;1/1;16;16;13;5;2;1;59;13;2;2;28
860;VCT 2025: EMEA Stage 2;Group Stage;Week 2;paTiTek;Team Liquid;37;116;220;138;0,84;144;78;38;14;5;0,18;0,33;1/3;16;29;21;14;5;2;59;13;2;2;28
861;VCT 2025: EMEA Stage 2;Group Stage;Week 2;keiko;Team Liquid;17;207;353;343;0,88;226;141;6;24;0;0,29;0,5;1/2;24;24;7;1;4;0;58;13;2;2;28
862;VCT 2025: EMEA Stage 2;Group Stage;Week 2;keiko;Team Liquid;37;157;280;205;0,81;172;105;16;16;5;0,35;0,33;1/3;24;39;19;6;6;2;58;13;2;2;28
863;VCT 2025: EMEA Stage 2;Group Stage;Week 2;westside;GIANTX;48;84;178;89;0,65;128;65;19;1;8;0,41;0,13;1/8;19;31;35;9;5;4;6;2;2;2;28
864;VCT 2025: EMEA Stage 2;Group Stage;Week 2;westside;GIANTX;20;109;219;123;0,75;146;8;5;0;5;0,44;0,5;1/2;16;16;13;1;0;1;6;2;2;2;28
865;VCT 2025: EMEA Stage 2;Group Stage;Week 2;westside;GIANTX;68;92;192;98;0,68;134;69;15;7;7;0,42;0,2;2/10;19;47;48;10;5;5;6;2;2;2;28
866;VCT 2025: EMEA Stage 2;Group Stage;Week 2;Cloud;GIANTX;48;98;184;94;0,73;114;65;33;8;2;0,3;0,13;1/8;16;31;33;16;4;1;7;2;2;2;28
867;VCT 2025: EMEA Stage 2;Group Stage;Week 2;Cloud;GIANTX;68;9;177;86;0,72;112;62;32;9;3;0,3;0,11;1/9;16;42;49;22;6;2;7;2;2;2;28
868;VCT 2025: EMEA Stage 2;Group Stage;Week 2;ara;GIANTX;20;122;240;131;0,8;168;85;1;2;5;0,24;0,5;1/2;17;17;13;2;4;1;33;2;2;2;28
869;VCT 2025: EMEA Stage 2;Group Stage;Week 2;ara;GIANTX;24;95;197;10;0,67;123;71;13;25;17;0,3;0,33;1/3;17;17;17;3;6;4;33;2;2;2;28
870;VCT 2025: EMEA Stage 2;Group Stage;Week 2;ara;GIANTX;24;186;358;207;0,88;230;129;21;13;4;0,21;0,2;1/5;31;31;15;5;3;1;33;2;2;2;28
871;VCT 2025: EMEA Stage 2;Group Stage;Week 2;ara;GIANTX;68;135;265;144;0,78;174;96;15;19;9;0,24;0,3;3/10;31;65;45;10;13;6;33;2;2;2;28
872;VCT 2025: EMEA Stage 2;Group Stage;Week 2;Flickless;GIANTX;44;113;214;91;0,77;142;68;64;11;14;0,24;0,25;1/4;17;30;33;28;5;6;34;2;2;2;28
873;VCT 2025: EMEA Stage 2;Group Stage;Week 2;Flickless;GIANTX;68;103;207;87;0,82;141;66;57;1;13;0,23;0,2;1/5;17;45;52;39;7;9;34;2;2;2;28
874;VCT 2025: EMEA Stage 2;Group Stage;Week 2;grubinho;GIANTX;48;9;161;82;0,69;102;56;5;4;13;0,23;0,5;2/4;17;27;33;24;2;6;40;2;2;2;28
875;VCT 2025: EMEA Stage 2;Group Stage;Week 2;grubinho;GIANTX;20;107;211;133;0,65;124;8;2;1;25;0,3;0,67;2/3;16;16;12;4;2;5;40;2;2;2;28
876;VCT 2025: EMEA Stage 2;Group Stage;Week 2;grubinho;GIANTX;68;95;178;96;0,68;109;63;41;6;16;0,25;0,57;4/7;17;43;45;28;4;11;40;2;2;2;28
877;VCT 2025: EMEA Stage 2;Group Stage;Week 2;Shao;Natus Vincere;20;134;226;123;0,85;159;8;4;1;0;0,45;0,14;1/7;16;16;13;8;2;0;78;18;2;2;28
878;VCT 2025: EMEA Stage 2;Group Stage;Week 2;Shao;Natus Vincere;17;73;153;57;0,41;110;47;6;0;12;0,21;0,2;1/5;8;8;14;1;0;2;78;18;2;2;28
879;VCT 2025: EMEA Stage 2;Group Stage;Week 2;Shao;Natus Vincere;37;106;190;89;0,65;137;65;24;5;5;0,35;0,17;2/12;16;24;27;9;2;2;78;18;2;2;28
880;VCT 2025: EMEA Stage 2;Group Stage;Week 2;nataNk;KOI;20;13;244;12;0,75;155;9;2;5;1;0,26;0,29;2/7;18;18;15;4;1;2;95;22;2;2;28
881;VCT 2025: EMEA Stage 2;Group Stage;Week 2;nataNk;KOI;44;102;219;10;0,57;140;75;25;5;2;0,27;0,29;2/7;18;33;33;11;2;9;95;22;2;2;28
882;VCT 2025: EMEA Stage 2;Group Stage;Week 2;flyuh;KOI;24;111;189;113;0,58;144;71;17;4;13;0,36;1;2/2;17;17;15;4;1;3;94;22;2;2;28
883;VCT 2025: EMEA Stage 2;Group Stage;Week 2;flyuh;KOI;44;83;155;73;0,55;113;55;25;2;14;0,3;0,67;2/3;17;24;33;11;1;6;94;22;2;2;28
884;VCT 2025: EMEA Stage 2;Group Stage;Week 3;Boaster;FNATIC;23;7;108;63;0,65;74;43;17;0;13;0,4;0,25;1/4;10;10;16;4;0;3;32;6;2;2;29
885;VCT 2025: EMEA Stage 2;Group Stage;Week 3;Boaster;FNATIC;24;81;144;65;0,63;99;46;33;0;8;0,15;0,5;1/2;11;11;17;8;0;2;32;6;2;2;29
886;VCT 2025: EMEA Stage 2;Group Stage;Week 3;Boaster;FNATIC;75;8;130;69;0,63;92;47;31;1;7;0,28;0,22;2/9;14;35;51;23;1;5;32;6;2;2;29
887;VCT 2025: EMEA Stage 2;Group Stage;Week 3;Alfajer;FNATIC;23;122;221;136;0,65;144;83;17;13;13;0,32;0,5;1/2;19;19;14;4;3;3;18;6;2;2;29
888;VCT 2025: EMEA Stage 2;Group Stage;Week 3;Alfajer;FNATIC;75;124;256;13;0,67;175;92;17;9;9;0,34;0,14;1/7;26;69;53;13;7;7;18;6;2;2;29
889;VCT 2025: EMEA Stage 2;Group Stage;Week 3;crashies;FNATIC;28;96;154;94;0,79;122;54;5;0;11;0,51;0,4;2/5;15;15;16;14;0;3;17;6;2;2;29
890;VCT 2025: EMEA Stage 2;Group Stage;Week 3;crashies;FNATIC;47;117;219;117;0,7;157;74;26;4;2;0,34;0,14;1/7;20;35;30;12;2;1;17;6;2;2;29
891;VCT 2025: EMEA Stage 2;Group Stage;Week 3;crashies;FNATIC;75;109;197;109;0,73;144;67;35;3;5;0,4;0,25;3/12;20;50;46;26;2;4;17;6;2;2;29
892;VCT 2025: EMEA Stage 2;Group Stage;Week 3;kaajak;FNATIC;24;8;155;88;0,58;108;58;0;13;25;0,36;1;2/2;14;14;16;0;3;6;19;6;2;2;29
893;VCT 2025: EMEA Stage 2;Group Stage;Week 3;kaajak;FNATIC;28;101;239;109;0,61;141;86;11;14;25;0,38;0,33;1/3;24;24;22;3;4;7;19;6;2;2;29
894;VCT 2025: EMEA Stage 2;Group Stage;Week 3;kaajak;FNATIC;75;91;196;96;0,67;128;71;13;15;25;0,37;0,5;3/6;24;53;55;10;11;19;19;6;2;2;29
895;VCT 2025: EMEA Stage 2;Group Stage;Week 3;grubinho;GIANTX;43;144;279;14;0,79;184;98;44;19;9;0,32;0,2;2/10;26;42;30;19;8;4;40;2;2;2;29
896;VCT 2025: EMEA Stage 2;Group Stage;Week 3;grubinho;GIANTX;61;119;235;109;0,75;154;82;46;13;11;0,3;0,17;2/12;26;50;46;28;8;7;40;2;2;2;29
897;VCT 2025: EMEA Stage 2;Group Stage;Week 3;Flickless;GIANTX;18;143;266;164;0,56;162;10;11;0;17;0,2;0,25;1/4;18;18;11;2;0;3;34;2;2;2;29
898;VCT 2025: EMEA Stage 2;Group Stage;Week 3;Flickless;GIANTX;61;94;184;86;0,66;112;62;25;5;11;0,2;0,14;1/7;18;38;44;15;3;7;34;2;2;2;29
899;VCT 2025: EMEA Stage 2;Group Stage;Week 3;westside;GIANTX;43;102;208;97;0,77;145;72;21;14;2;0,45;0,2;1/5;19;31;32;9;6;1;6;2;2;2;29
900;VCT 2025: EMEA Stage 2;Group Stage;Week 3;westside;GIANTX;61;97;203;94;0,74;134;72;18;11;8;0,41;0,13;1/8;19;44;47;11;7;5;6;2;2;2;29
901;VCT 2025: EMEA Stage 2;Group Stage;Week 3;qRaxs;FUT Esports;19;182;281;21;0,79;169;111;26;16;0;0,47;1;1/1;21;21;10;5;3;0;98;23;2;2;29
902;VCT 2025: EMEA Stage 2;Group Stage;Week 3;qRaxs;FUT Esports;61;127;237;124;0,79;145;84;49;11;7;0,34;0,33;1/3;21;51;41;30;7;4;98;23;2;2;29
903;VCT 2025: EMEA Stage 2;Group Stage;Week 3;yetujey;FUT Esports;43;10;204;114;0,72;140;74;21;12;16;0,24;0,17;1/6;22;32;28;9;5;7;97;23;2;2;29
904;VCT 2025: EMEA Stage 2;Group Stage;Week 3;yetujey;FUT Esports;18;114;210;15;0,78;137;83;33;17;0;0,2;1;1/1;15;15;10;6;3;0;97;23;2;2;29
905;VCT 2025: EMEA Stage 2;Group Stage;Week 3;yetujey;FUT Esports;61;104;206;124;0,74;139;77;25;13;11;0,23;0,29;2/7;22;47;38;15;8;7;97;23;2;2;29
906;VCT 2025: EMEA Stage 2;Group Stage;Week 3;MrFaliN;FUT Esports;19;166;240;20;0,68;176;84;32;0;5;0,28;0,25;1/4;16;16;8;6;0;1;99;23;2;2;29
907;VCT 2025: EMEA Stage 2;Group Stage;Week 3;MrFaliN;FUT Esports;61;106;182;10;0,7;118;62;44;2;8;0,22;0,14;1/7;16;38;38;27;1;5;99;23;2;2;29
908;VCT 2025: EMEA Stage 2;Group Stage;Week 3;cNed;FUT Esports;61;112;210;12;0,75;132;79;3;13;5;0,33;0,11;1/9;19;48;40;18;8;3;100;23;2;2;29
909;VCT 2025: EMEA Stage 2;Group Stage;Week 3;baddyG;KOI;54;6;128;56;0,63;81;44;26;2;4;0,24;0,13;1/8;15;24;43;14;1;2;106;22;2;2;29
910;VCT 2025: EMEA Stage 2;Group Stage;Week 3;MONSTEERR;KOI;39;109;182;104;0,67;128;64;21;5;8;0,19;0,17;1/6;18;25;24;8;2;3;96;22;2;2;29
911;VCT 2025: EMEA Stage 2;Group Stage;Week 3;MONSTEERR;KOI;54;105;189;92;0,63;133;63;19;4;7;0,22;0,1;1/10;18;34;37;10;2;4;96;22;2;2;29
912;VCT 2025: EMEA Stage 2;Group Stage;Week 3;kamyk;Gentle Mates;26;81;122;75;0,62;85;46;27;4;4;0,31;0,2;1/5;12;12;16;7;1;1;107;21;2;2;29
913;VCT 2025: EMEA Stage 2;Group Stage;Week 3;kamyk;Gentle Mates;16;72;133;58;0,63;87;44;13;6;0;0,21;0,25;1/4;7;7;12;2;1;0;107;21;2;2;29
914;VCT 2025: EMEA Stage 2;Group Stage;Week 3;kamyk;Gentle Mates;42;78;128;68;0,62;86;45;21;5;2;0,27;0,22;2/9;12;19;28;9;2;1;107;21;2;2;29
915;VCT 2025: EMEA Stage 2;Group Stage;Week 3;ComeBack;Gentle Mates;42;12;236;128;0,64;160;88;17;19;17;0,37;0,17;1/6;29;37;29;7;8;7;108;21;2;2;29
916;VCT 2025: EMEA Stage 2;Group Stage;Week 3;Jamppi;BBL Esports;26;102;158;10;0,77;100;62;31;0;15;0,18;0,4;2/5;16;16;16;8;0;4;73;17;2;2;29
917;VCT 2025: EMEA Stage 2;Group Stage;Week 3;Jamppi;BBL Esports;42;132;220;162;0,86;135;81;31;2;1;0,23;0,33;2/6;18;34;21;13;1;4;73;17;2;2;29
918;VCT 2025: EMEA Stage 2;Group Stage;Week 3;PROFEK;BBL Esports;42;119;212;133;0,83;138;76;24;1;5;0,4;0,25;1/4;21;32;24;10;4;2;76;17;2;2;29
919;VCT 2025: EMEA Stage 2;Group Stage;Week 3;Less;Team Vitality;46;126;234;133;0,78;157;87;24;7;4;0,28;0,29;2/7;22;40;30;11;3;2;104;20;2;2;29
920;VCT 2025: EMEA Stage 2;Group Stage;Week 3;Derke;Team Vitality;24;10;218;106;0,54;156;79;17;13;25;0,27;1;1/1;19;19;18;4;3;6;109;20;2;2;29
921;VCT 2025: EMEA Stage 2;Group Stage;Week 3;Derke;Team Vitality;46;97;221;95;0,61;150;76;13;15;24;0,28;0,2;1/5;19;35;37;6;7;11;109;20;2;2;29
922;VCT 2025: EMEA Stage 2;Group Stage;Week 3;Kicks;Team Vitality;46;65;150;62;0,59;99;5;37;4;9;0,24;0,11;1/9;12;23;37;17;2;4;85;20;2;2;29
923;VCT 2025: EMEA Stage 2;Group Stage;Week 3;UNFAKE;Team Vitality;46;93;200;86;0,7;130;7;26;11;7;0,5;0,17;1/6;18;32;37;12;5;3;105;20;2;2;29
924;VCT 2025: EMEA Stage 2;Group Stage;Week 3;hiro;Natus Vincere;23;114;201;138;0,83;130;78;13;0;9;0,41;0,17;1/6;18;18;13;3;0;2;87;18;2;2;29
925;VCT 2025: EMEA Stage 2;Group Stage;Week 3;hiro;Natus Vincere;75;103;221;112;0,71;146;76;2;12;13;0,37;0,07;1/14;22;57;51;15;9;10;87;18;2;2;29
926;VCT 2025: EMEA Stage 2;Group Stage;Week 3;Shao;Natus Vincere;28;95;177;81;0,54;110;61;36;14;4;0,23;1;2/2;17;17;21;10;4;1;78;18;2;2;29
927;VCT 2025: EMEA Stage 2;Group Stage;Week 3;Shao;Natus Vincere;75;73;125;6;0,65;86;43;32;5;5;0,28;0,4;2/5;17;32;53;24;4;4;78;18;2;2;29
928;VCT 2025: EMEA Stage 2;Group Stage;Week 3;Ruxic;Natus Vincere;51;113;222;117;0,69;143;82;29;2;0;0,26;0,25;2/8;26;42;36;15;10;0;80;18;2;2;29
929;VCT 2025: EMEA Stage 2;Group Stage;Week 3;Ruxic;Natus Vincere;75;128;269;143;0,72;174;97;25;17;1;0,3;0,17;2/12;31;73;51;19;13;1;80;18;2;2;29
930;VCT 2025: EMEA Stage 2;Group Stage;Week 3;benjyfishy;Team Heretics;46;104;190;106;0,72;122;72;24;9;2;0,42;0,2;1/5;24;33;31;11;4;1;4;1;2;2;29
931;VCT 2025: EMEA Stage 2;Group Stage;Week 3;RieNs;Team Heretics;46;125;256;122;0,78;176;85;43;11;2;0,3;0,6;3/5;24;39;32;20;5;1;2;1;2;2;29
932;VCT 2025: EMEA Stage 2;Group Stage;Week 3;MiniBoo;Team Heretics;46;103;230;115;0,74;160;83;26;2;13;0,31;0,17;1/6;26;38;33;12;9;6;5;1;2;2;29
933;VCT 2025: EMEA Stage 2;Group Stage;Week 3;nAts;Team Liquid;24;127;204;129;0,67;149;75;25;8;4;0,3;0,2;1/5;18;18;14;6;2;1;64;13;2;2;29
934;VCT 2025: EMEA Stage 2;Group Stage;Week 3;nAts;Team Liquid;69;118;231;133;0,77;150;83;25;14;1;0,25;0,09;1/11;20;57;43;17;10;1;64;13;2;2;29
935;VCT 2025: EMEA Stage 2;Group Stage;Week 3;paTiTek;Team Liquid;26;124;225;131;0,81;132;81;46;15;15;0,25;0,5;1/2;21;21;16;12;4;4;59;13;2;2;29
936;VCT 2025: EMEA Stage 2;Group Stage;Week 3;paTiTek;Team Liquid;19;93;141;83;0,89;87;53;63;5;0;0,26;0,5;1/2;10;10;12;12;1;0;59;13;2;2;29
937;VCT 2025: EMEA Stage 2;Group Stage;Week 3;paTiTek;Team Liquid;69;95;174;93;0,77;112;62;43;7;1;0,28;0,29;2/7;21;43;46;30;5;7;59;13;2;2;29
938;VCT 2025: EMEA Stage 2;Group Stage;Week 3;keiko;Team Liquid;50;97;162;94;0,68;100;58;34;6;2;0,37;0,33;1/3;15;29;31;17;3;1;58;13;2;2;29
939;VCT 2025: EMEA Stage 2;Group Stage;Week 3;keiko;Team Liquid;19;136;275;21;0,79;171;111;5;26;11;0,24;0,5;1/2;21;21;10;1;5;2;58;13;2;2;29
940;VCT 2025: EMEA Stage 2;Group Stage;Week 3;keiko;Team Liquid;69;108;200;122;0,71;120;72;26;12;4;0,3;0,4;2/5;21;50;41;18;8;3;58;13;2;2;29
941;VCT 2025: EMEA Stage 2;Group Stage;Week 3;OLIZERA;Apeks;69;99;191;106;0,72;121;72;25;6;12;0,28;0,22;4/18;23;50;47;17;4;8;110;24;2;2;29
942;VCT 2025: EMEA Stage 2;Group Stage;Week 3;AvovA;Apeks;69;91;173;8;0,68;115;59;32;7;4;0,33;0,18;2/11;16;41;51;22;5;3;102;24;2;2;29
943;VCT 2025: EMEA Stage 2;Group Stage;Week 3;saadhak;Karmine Corp;32;129;183;143;0,88;128;63;5;3;0;0,29;0,67;2/3;12;20;14;16;1;0;92;19;2;2;29
944;VCT 2025: EMEA Stage 2;Group Stage;Week 3;saadhak;Karmine Corp;54;102;166;103;0,78;113;56;39;2;6;0,32;0,4;2/5;12;30;29;21;1;3;92;19;2;2;29
945;VCT 2025: EMEA Stage 2;Group Stage;Week 3;SUYGETSU;Karmine Corp;54;118;187;124;0,78;122;67;43;13;11;0,39;0,67;2/3;13;36;29;23;7;6;81;19;2;2;29
946;VCT 2025: EMEA Stage 2;Group Stage;Week 4;Alfajer;FNATIC;26;158;307;181;0,77;199;112;4;12;4;0,41;0,4;2/5;29;29;16;1;3;1;18;6;2;2;30
947;VCT 2025: EMEA Stage 2;Group Stage;Week 4;Alfajer;FNATIC;40;111;213;117;0,65;154;88;3;1;13;0,44;0,25;2/8;29;35;30;1;4;5;18;6;2;2;30
948;VCT 2025: EMEA Stage 2;Group Stage;Week 4;westside;GIANTX;64;115;188;119;0,67;127;67;14;5;8;0,51;0,17;2/12;16;43;36;9;3;5;6;2;2;2;30
949;VCT 2025: EMEA Stage 2;Group Stage;Week 4;Cloud;GIANTX;43;9;158;85;0,77;107;53;23;5;14;0,4;0,67;2/3;13;23;27;10;2;6;7;2;2;2;30
950;VCT 2025: EMEA Stage 2;Group Stage;Week 4;Cloud;GIANTX;64;84;151;74;0,72;106;5;19;6;13;0,38;0,33;2/6;13;32;43;12;4;8;7;2;2;2;30
951;VCT 2025: EMEA Stage 2;Group Stage;Week 4;flyuh;KOI;22;85;176;94;0,86;107;68;41;5;0;0,29;0,17;1/6;15;15;16;9;1;0;94;22;2;2;30
952;VCT 2025: EMEA Stage 2;Group Stage;Week 4;flyuh;KOI;60;10;213;113;0,82;134;75;37;7;3;0,23;0,13;1/8;16;45;40;22;4;2;94;22;2;2;30
953;VCT 2025: EMEA Stage 2;Group Stage;Week 4;Filu;KOI;21;146;240;146;0,81;158;9;19;14;5;0,31;0,5;1/2;19;19;13;4;3;1;111;22;2;2;30
954;VCT 2025: EMEA Stage 2;Group Stage;Week 4;Filu;KOI;60;129;262;133;0,82;172;88;22;27;7;0,28;0,5;1/2;19;53;40;13;16;4;111;22;2;2;30
955;VCT 2025: EMEA Stage 2;Group Stage;Week 4;MONSTEERR;KOI;21;102;207;113;0,67;130;81;5;5;14;0,33;0,25;1/4;17;17;15;1;1;3;96;22;2;2;30
956;VCT 2025: EMEA Stage 2;Group Stage;Week 4;MONSTEERR;KOI;17;98;150;10;0,82;97;59;29;6;12;0,39;0,5;1/2;10;10;10;5;1;2;96;22;2;2;30
957;VCT 2025: EMEA Stage 2;Group Stage;Week 4;MONSTEERR;KOI;60;95;173;103;0,72;114;68;15;5;1;0,33;0,22;2/9;17;41;40;9;3;6;96;22;2;2;30
958;VCT 2025: EMEA Stage 2;Group Stage;Week 4;nataNk;KOI;17;172;317;314;0,76;178;129;18;24;12;0,24;0,5;1/2;22;22;7;3;4;2;95;22;2;2;30
959;VCT 2025: EMEA Stage 2;Group Stage;Week 4;nataNk;KOI;60;107;208;125;0,63;132;75;13;18;13;0,28;0,33;1/3;22;45;36;8;11;8;95;22;2;2;30
960;VCT 2025: EMEA Stage 2;Group Stage;Week 4;baddyG;KOI;60;98;172;10;0,75;106;62;48;3;7;0,18;0,29;2/7;14;37;37;29;2;4;106;22;2;2;30
961;VCT 2025: EMEA Stage 2;Group Stage;Week 4;Shao;Natus Vincere;47;102;140;10;0,72;100;55;26;4;2;0,28;0,56;5/9;14;26;26;12;2;1;78;18;2;2;30
962;VCT 2025: EMEA Stage 2;Group Stage;Week 4;nAts;Team Liquid;14;129;251;156;0,93;169;10;21;21;0;0,22;0,5;1/2;14;14;9;3;3;0;64;13;2;2;30
963;VCT 2025: EMEA Stage 2;Group Stage;Week 4;nAts;Team Liquid;40;105;224;119;0,83;138;8;3;8;8;0,22;0,33;1/3;18;32;27;12;3;3;64;13;2;2;30
964;VCT 2025: EMEA Stage 2;Group Stage;Week 4;trexx;Team Liquid;26;103;192;94;0,77;131;62;42;15;15;0,24;0,33;1/3;16;16;17;11;4;4;63;13;2;2;30
965;VCT 2025: EMEA Stage 2;Group Stage;Week 4;trexx;Team Liquid;14;151;292;233;0,86;201;10;43;21;0;0,3;1;1/1;14;14;6;6;3;0;63;13;2;2;30
966;VCT 2025: EMEA Stage 2;Group Stage;Week 4;trexx;Team Liquid;40;12;242;13;0,8;156;75;43;18;1;0,26;0,5;2/4;16;30;23;17;7;4;63;13;2;2;30
967;VCT 2025: EMEA Stage 2;Group Stage;Week 4;paTiTek;Team Liquid;14;127;169;15;0,93;119;64;5;0;0;0,2;1;1/1;9;9;6;7;0;0;59;13;2;2;30
968;VCT 2025: EMEA Stage 2;Group Stage;Week 4;paTiTek;Team Liquid;26;102;178;123;0,92;111;62;31;15;8;0,16;0,25;1/4;16;16;13;8;4;2;59;13;2;2;30
969;VCT 2025: EMEA Stage 2;Group Stage;Week 4;paTiTek;Team Liquid;40;111;174;132;0,93;114;63;38;1;5;0,17;0,4;2/5;16;25;19;15;4;2;59;13;2;2;30
970;VCT 2025: EMEA Stage 2;Group Stage;Week 4;Boo;Team Heretics;20;116;197;127;0,9;126;7;35;5;0;0,26;0,67;2/3;14;14;11;7;1;0;1;1;2;2;30
971;VCT 2025: EMEA Stage 2;Group Stage;Week 4;Boo;Team Heretics;39;105;180;10;0,74;118;64;36;8;3;0,36;0,5;2/4;14;25;25;14;3;1;1;1;2;2;30
972;VCT 2025: EMEA Stage 2;Group Stage;Week 4;Wo0t;Team Heretics;19;128;247;131;0,79;143;89;21;16;11;0,57;1;1/1;17;17;13;4;3;2;3;1;2;2;30
973;VCT 2025: EMEA Stage 2;Group Stage;Week 4;Wo0t;Team Heretics;39;118;241;122;0,79;151;85;38;18;13;0,45;0,5;1/2;17;33;27;15;7;5;3;1;2;2;30
974;VCT 2025: EMEA Stage 2;Group Stage;Week 4;RieNs;Team Heretics;19;135;258;15;0,79;189;95;16;0;0;0,38;0,6;3/5;18;18;12;3;0;0;2;1;2;2;30
975;VCT 2025: EMEA Stage 2;Group Stage;Week 4;RieNs;Team Heretics;39;124;235;132;0,74;159;85;21;0;5;0,37;0,43;3/7;18;33;25;8;0;2;2;1;2;2;30
976;VCT 2025: EMEA Stage 2;Group Stage;Week 4;MiniBoo;Team Heretics;19;64;159;79;0,63;95;58;5;16;21;0,63;0,5;1/2;11;11;14;1;3;4;5;1;2;2;30
977;VCT 2025: EMEA Stage 2;Group Stage;Week 4;MiniBoo;Team Heretics;39;74;151;88;0,67;98;56;1;15;21;0,44;0,33;1/3;11;22;25;4;6;8;5;1;2;2;30
978;VCT 2025: EMEA Stage 2;Group Stage;Week 4;UNFAKE;Team Vitality;20;55;131;47;0,5;89;4;1;0;15;0,41;0,2;1/5;8;8;17;2;0;3;105;20;2;2;30
979;VCT 2025: EMEA Stage 2;Group Stage;Week 4;UNFAKE;Team Vitality;67;58;137;55;0,61;99;43;19;3;1;0,38;0,17;1/6;13;29;53;13;2;7;105;20;2;2;30
980;VCT 2025: EMEA Stage 2;Group Stage;Week 4;Derke;Team Vitality;20;82;146;75;0,5;119;6;1;0;15;0,26;1;2/2;12;12;16;2;0;3;109;20;2;2;30
981;VCT 2025: EMEA Stage 2;Group Stage;Week 4;Derke;Team Vitality;67;117;218;11;0,66;151;79;13;7;1;0,22;0,67;2/3;22;53;48;9;5;7;109;20;2;2;30
982;VCT 2025: EMEA Stage 2;Group Stage;Week 4;KovaQ;Team Vitality;23;99;204;10;0,61;127;7;13;22;13;0,41;0,2;1/5;16;16;16;3;5;3;93;20;2;2;30
983;VCT 2025: EMEA Stage 2;Group Stage;Week 4;KovaQ;Team Vitality;67;81;176;88;0,64;114;66;13;15;18;0,35;0,08;1/12;23;44;50;9;10;12;93;20;2;2;30
984;VCT 2025: EMEA Stage 2;Group Stage;Week 4;Less;Team Vitality;67;125;244;131;0,76;152;88;22;1;12;0,35;0,19;3/16;24;59;45;15;7;8;104;20;2;2;30
985;VCT 2025: EMEA Stage 2;Group Stage;Week 4;sociablEE;BBL Esports;24;94;200;9;0,67;149;75;8;13;8;0,42;0,33;2/6;18;18;20;2;3;2;77;17;2;2;30
986;VCT 2025: EMEA Stage 2;Group Stage;Week 4;sociablEE;BBL Esports;67;96;189;94;0,75;137;67;28;13;12;0,3;0,18;2/11;18;45;48;19;9;8;77;17;2;2;30
987;VCT 2025: EMEA Stage 2;Group Stage;Week 4;MAGNUM;BBL Esports;24;102;202;113;0,67;136;75;21;0;13;0,35;0,5;2/4;18;18;16;5;0;3;74;17;2;2;30
988;VCT 2025: EMEA Stage 2;Group Stage;Week 4;MAGNUM;BBL Esports;20;155;248;20;0,85;158;10;5;15;0;0,32;1;1/1;20;20;10;1;3;0;74;17;2;2;30
989;VCT 2025: EMEA Stage 2;Group Stage;Week 4;MAGNUM;BBL Esports;67;117;208;136;0,75;129;79;21;6;9;0,3;0,5;3/6;20;53;39;14;4;6;74;17;2;2;30
990;VCT 2025: EMEA Stage 2;Group Stage;Week 4;PROFEK;BBL Esports;24;97;173;94;0,67;122;63;29;4;8;0,36;0,33;1/3;15;15;16;7;1;2;76;17;2;2;30
991;VCT 2025: EMEA Stage 2;Group Stage;Week 4;PROFEK;BBL Esports;67;114;213;127;0,72;140;78;18;7;6;0,29;0,2;1/5;20;52;41;12;5;4;76;17;2;2;30
992;VCT 2025: EMEA Stage 2;Group Stage;Week 4;Elite;Karmine Corp;47;98;214;92;0,64;140;7;23;11;4;0,4;0,2;2/10;18;33;36;11;5;2;91;19;2;2;30
993;VCT 2025: EMEA Stage 2;Group Stage;Week 4;saadhak;Karmine Corp;26;65;151;75;0,42;92;58;12;4;19;0,34;0,75;3/4;15;15;20;3;1;5;92;19;2;2;30
994;VCT 2025: EMEA Stage 2;Group Stage;Week 4;saadhak;Karmine Corp;47;67;150;63;0,55;97;51;21;4;13;0,36;0,43;3/7;15;24;38;10;2;6;92;19;2;2;30
995;VCT 2025: EMEA Stage 2;Group Stage;Week 4;Avez;Karmine Corp;26;107;216;105;0,69;152;77;42;8;8;0,54;0,5;2/4;20;20;19;11;2;2;84;19;2;2;30
996;VCT 2025: EMEA Stage 2;Group Stage;Week 4;Avez;Karmine Corp;47;92;206;95;0,62;142;74;26;13;13;0,43;0,4;2/5;20;35;37;12;6;6;84;19;2;2;30
997;VCT 2025: EMEA Stage 2;Group Stage;Week 4;marteen;Karmine Corp;26;101;250;114;0,77;156;92;8;19;12;0,29;0,2;1/5;24;24;21;2;5;3;82;19;2;2;30
998;VCT 2025: EMEA Stage 2;Group Stage;Week 4;marteen;Karmine Corp;47;101;218;108;0,7;148;85;9;15;17;0,39;0,2;1/5;24;40;37;4;7;8;82;19;2;2;30
999;VCT 2025: EMEA Stage 2;Group Stage;Week 4;penny;Apeks;22;141;266;169;0,82;160;10;18;18;14;0,19;0,33;1/3;22;22;13;4;4;3;103;24;2;2;30
1000;VCT 2025: EMEA Stage 2;Group Stage;Week 4;penny;Apeks;60;102;207;10;0,73;138;73;23;15;15;0,21;0,17;1/6;22;44;44;14;9;9;103;24;2;2;30
1001;VCT 2025: EMEA Stage 2;Group Stage;Week 4;AvovA;Apeks;60;92;149;76;0,68;100;53;47;0;5;0,19;0,25;3/12;15;32;42;28;0;3;102;24;2;2;30
1002;VCT 2025: EMEA Stage 2;Group Stage;Week 4;Minny;Gentle Mates;43;82;142;67;0,65;104;47;9;7;12;0,35;0,4;2/5;13;20;30;4;3;5;89;21;2;2;30
1003;VCT 2025: EMEA Stage 2;Group Stage;Week 4;Minny;Gentle Mates;64;9;165;86;0,67;110;56;13;8;11;0,37;0,33;2/6;16;36;42;8;5;7;89;21;2;2;30
1004;VCT 2025: EMEA Stage 2;Group Stage;Week 5;SUYGETSU;Karmine Corp;28;153;239;16;0,79;174;86;39;0;4;0,44;0,27;3/11;24;24;15;11;0;1;81;19;2;2;31
1005;VCT 2025: EMEA Stage 2;Group Stage;Week 5;SUYGETSU;Karmine Corp;52;124;213;127;0,81;139;81;35;2;4;0,41;0,27;3/11;24;42;33;18;1;2;81;19;2;2;31
1006;VCT 2025: EMEA Stage 2;Group Stage;Week 5;SUYGETSU;Karmine Corp;80;134;222;138;0,8;152;83;36;1;4;0,42;0,27;6/22;24;66;48;29;1;3;81;19;2;2;31
1007;VCT 2025: EMEA Stage 2;Group Stage;Week 5;pyrolll;Karmine Corp;28;97;210;105;0,57;140;79;7;4;14;0,48;0,5;1/2;22;22;21;2;1;4;83;19;2;2;31
1008;VCT 2025: EMEA Stage 2;Group Stage;Week 5;pyrolll;Karmine Corp;80;74;133;7;0,59;91;49;14;4;8;0,38;0,13;1/8;22;39;56;11;3;6;83;19;2;2;31
1009;VCT 2025: EMEA Stage 2;Group Stage;Week 5;Avez;Karmine Corp;28;8;184;7;0,57;124;57;18;4;7;0,47;0,33;1/3;16;16;23;5;1;2;84;19;2;2;31
1010;VCT 2025: EMEA Stage 2;Group Stage;Week 5;Avez;Karmine Corp;80;85;198;81;0,6;125;65;19;1;15;0,33;0,25;1/4;18;52;64;15;8;12;84;19;2;2;31
1011;VCT 2025: EMEA Stage 2;Group Stage;Week 5;Boaster;FNATIC;18;98;152;138;0,78;100;61;17;11;17;0,5;0,5;1/2;11;11;8;3;2;3;32;6;2;2;31
1012;VCT 2025: EMEA Stage 2;Group Stage;Week 5;Boaster;FNATIC;23;91;146;10;0,65;105;52;3;0;17;0,22;1;1/1;12;12;12;7;0;4;32;6;2;2;31
1013;VCT 2025: EMEA Stage 2;Group Stage;Week 5;Boaster;FNATIC;41;94;149;115;0,71;103;56;24;5;17;0,33;0,67;2/3;12;23;20;10;2;7;32;6;2;2;31
1014;VCT 2025: EMEA Stage 2;Group Stage;Week 5;Alfajer;FNATIC;18;14;238;178;0,78;165;89;22;17;6;0,35;1;1/1;16;16;9;4;3;1;18;6;2;2;31
1015;VCT 2025: EMEA Stage 2;Group Stage;Week 5;Alfajer;FNATIC;41;138;242;161;0,8;162;9;22;12;2;0,33;0,2;1/5;21;37;23;9;5;1;18;6;2;2;31
1016;VCT 2025: EMEA Stage 2;Group Stage;Week 5;kamyk;Gentle Mates;23;126;223;125;0,74;126;87;57;0;13;0,49;0,5;2/4;20;20;16;13;0;3;107;21;2;2;31
1017;VCT 2025: EMEA Stage 2;Group Stage;Week 5;kamyk;Gentle Mates;62;113;206;114;0,79;122;81;45;0;6;0,44;0,13;2/15;20;50;44;28;0;4;107;21;2;2;31
1018;VCT 2025: EMEA Stage 2;Group Stage;Week 5;Minny;Gentle Mates;22;142;261;167;0,86;184;91;27;14;9;0,37;0,33;1/3;20;20;12;6;3;2;89;21;2;2;31
1019;VCT 2025: EMEA Stage 2;Group Stage;Week 5;Minny;Gentle Mates;62;103;213;98;0,77;151;73;31;11;13;0,32;0,2;1/5;20;45;46;19;7;8;89;21;2;2;31
1020;VCT 2025: EMEA Stage 2;Group Stage;Week 5;Veqaj;Gentle Mates;17;72;168;63;0,65;112;59;18;12;12;0,29;0,33;1/3;10;10;16;3;2;2;90;21;2;2;31
1021;VCT 2025: EMEA Stage 2;Group Stage;Week 5;Veqaj;Gentle Mates;45;77;167;81;0,69;112;56;2;7;18;0,2;0,25;1/4;15;25;31;9;3;8;90;21;2;2;31
1022;VCT 2025: EMEA Stage 2;Group Stage;Week 5;Veqaj;Gentle Mates;62;75;167;74;0,68;112;56;19;8;16;0,22;0,29;2/7;15;35;47;12;5;10;90;21;2;2;31
1023;VCT 2025: EMEA Stage 2;Group Stage;Week 5;ComeBack;Gentle Mates;23;118;251;138;0,74;167;96;13;13;17;0,24;0,33;2/6;22;22;16;3;3;4;108;21;2;2;31
1024;VCT 2025: EMEA Stage 2;Group Stage;Week 5;ComeBack;Gentle Mates;62;103;240;115;0,74;150;87;16;15;21;0,3;0,29;2/7;22;54;47;10;9;13;108;21;2;2;31
1025;VCT 2025: EMEA Stage 2;Group Stage;Week 5;westside;GIANTX;36;91;168;86;0,53;116;67;14;6;6;0,54;0,25;2/8;15;24;28;5;2;2;6;2;2;2;31
1026;VCT 2025: EMEA Stage 2;Group Stage;Week 5;AvovA;Apeks;23;111;158;107;0,7;101;65;26;4;4;0,56;0,33;1/3;15;15;14;6;1;1;102;24;2;2;31
1027;VCT 2025: EMEA Stage 2;Group Stage;Week 5;AvovA;Apeks;41;98;169;84;0,63;106;63;34;5;5;0,44;0,14;1/7;15;26;31;14;2;2;102;24;2;2;31
1028;VCT 2025: EMEA Stage 2;Group Stage;Week 5;penny;Apeks;18;52;103;47;0,44;63;39;17;6;44;0,09;0,33;1/3;7;7;15;3;1;8;103;24;2;2;31
1029;VCT 2025: EMEA Stage 2;Group Stage;Week 5;penny;Apeks;41;78;145;73;0,59;94;54;2;24;27;0,1;0,33;1/3;15;22;30;8;10;11;103;24;2;2;31
1030;VCT 2025: EMEA Stage 2;Group Stage;Week 5;OLIZERA;Apeks;18;10;189;86;0,44;126;67;22;6;0;0,27;0,33;1/3;12;12;14;4;1;0;110;24;2;2;31
1031;VCT 2025: EMEA Stage 2;Group Stage;Week 5;OLIZERA;Apeks;41;75;176;73;0,54;117;59;2;5;0;0,32;0,2;1/5;12;24;33;8;2;0;110;24;2;2;31
1032;VCT 2025: EMEA Stage 2;Group Stage;Week 5;paTiTek;Team Liquid;52;102;196;94;0,77;126;63;5;8;6;0,23;0,13;1/8;20;33;35;26;4;3;59;13;2;2;31
1033;VCT 2025: EMEA Stage 2;Group Stage;Week 5;paTiTek;Team Liquid;28;121;221;129;0,71;150;79;25;4;4;0,35;0,2;1/5;22;22;17;7;1;1;59;13;2;2;31
1034;VCT 2025: EMEA Stage 2;Group Stage;Week 5;paTiTek;Team Liquid;80;109;204;106;0,75;135;69;41;6;5;0,27;0,15;2/13;22;55;52;33;5;4;59;13;2;2;31
1035;VCT 2025: EMEA Stage 2;Group Stage;Week 5;Less;Team Vitality;23;91;175;10;0,65;109;7;13;9;9;0,38;0,25;1/4;16;16;16;3;2;2;104;20;2;2;31
1036;VCT 2025: EMEA Stage 2;Group Stage;Week 5;Less;Team Vitality;22;121;178;108;0,59;107;64;32;0;5;0,36;0,17;1/6;14;14;13;7;0;1;104;20;2;2;31
1037;VCT 2025: EMEA Stage 2;Group Stage;Week 5;Less;Team Vitality;62;102;180;102;0,73;108;68;24;1;8;0,33;0,2;2/10;16;42;41;15;6;5;104;20;2;2;31
1038;VCT 2025: EMEA Stage 2;Group Stage;Week 5;KovaQ;Team Vitality;23;101;222;95;0,7;148;78;57;9;13;0,23;1;1/1;18;18;19;13;2;3;93;20;2;2;31
1039;VCT 2025: EMEA Stage 2;Group Stage;Week 5;KovaQ;Team Vitality;62;93;180;93;0,73;116;66;4;6;11;0,27;0,25;1/4;18;41;44;25;4;7;93;20;2;2;31
1040;VCT 2025: EMEA Stage 2;Group Stage;Week 5;UNFAKE;Team Vitality;40;107;234;111;0,8;145;78;38;13;3;0,3;0,2;1/5;19;31;28;15;5;1;105;20;2;2;31
1041;VCT 2025: EMEA Stage 2;Group Stage;Week 5;UNFAKE;Team Vitality;62;115;241;118;0,79;144;84;29;11;3;0,32;0,11;1/9;21;52;44;18;7;2;105;20;2;2;31
1042;VCT 2025: EMEA Stage 2;Group Stage;Week 5;Derke;Team Vitality;23;123;232;133;0,65;163;87;4;35;9;0,24;0,5;1/2;20;20;15;1;8;2;109;20;2;2;31
1043;VCT 2025: EMEA Stage 2;Group Stage;Week 5;Derke;Team Vitality;62;112;238;113;0,73;158;84;16;21;1;0,28;0,33;1/3;20;52;46;10;13;6;109;20;2;2;31
1044;VCT 2025: EMEA Stage 2;Group Stage;Week 5;Kicks;Team Vitality;62;112;202;98;0,82;138;69;58;13;6;0,28;0,29;2/7;23;43;44;36;8;4;85;20;2;2;31
1045;VCT 2025: EMEA Stage 2;Group Stage;Week 5;LewN;BBL Esports;22;9;187;93;0,64;123;64;18;18;9;0,19;0,5;1/2;14;14;15;4;4;2;75;17;2;2;31
1046;VCT 2025: EMEA Stage 2;Group Stage;Week 5;LewN;BBL Esports;46;114;233;123;0,7;152;83;17;17;15;0,24;0,17;1/6;24;38;31;8;8;7;75;17;2;2;31
1047;VCT 2025: EMEA Stage 2;Group Stage;Week 5;Jamppi;BBL Esports;46;128;227;138;0,7;148;78;26;15;7;0,34;0,4;2/5;20;36;26;12;7;3;73;17;2;2;31
1048;VCT 2025: EMEA Stage 2;Group Stage;Week 5;flyuh;KOI;38;79;182;65;0,63;133;58;29;8;3;0,3;0,2;1/5;16;22;34;11;3;1;94;22;2;2;31
1049;VCT 2025: EMEA Stage 2;Group Stage;Week 5;flyuh;KOI;68;78;175;71;0,71;126;59;26;6;4;0,3;0,14;1/7;18;40;56;18;4;3;94;22;2;2;31
1050;VCT 2025: EMEA Stage 2;Group Stage;Week 5;MONSTEERR;KOI;22;129;249;14;0,86;164;95;14;5;0;0,23;0,14;1/7;21;21;15;3;1;0;96;22;2;2;31
1051;VCT 2025: EMEA Stage 2;Group Stage;Week 5;MONSTEERR;KOI;30;94;197;95;0,63;135;7;27;17;1;0,37;0,5;1/2;21;21;22;8;5;3;96;22;2;2;31
1052;VCT 2025: EMEA Stage 2;Group Stage;Week 5;MONSTEERR;KOI;68;103;222;104;0,69;150;79;16;9;7;0,31;0,14;2/14;21;54;52;11;6;5;96;22;2;2;31
1053;VCT 2025: EMEA Stage 2;Group Stage;Week 5;baddyG;KOI;46;128;246;129;0,74;159;96;22;15;4;0,33;0,29;2/7;30;44;34;10;7;2;106;22;2;2;31
1054;VCT 2025: EMEA Stage 2;Group Stage;Week 5;baddyG;KOI;22;121;275;129;0,59;161;10;36;18;9;0,31;0,5;1/2;22;22;17;8;4;2;106;22;2;2;31
1055;VCT 2025: EMEA Stage 2;Group Stage;Week 5;baddyG;KOI;68;126;256;129;0,69;160;97;26;16;6;0,32;0,33;3/9;30;66;51;18;11;4;106;22;2;2;31
1056;VCT 2025: EMEA Stage 2;Group Stage;Week 5;nataNk;KOI;30;9;206;88;0,77;141;7;17;13;17;0,2;0,25;1/4;21;21;24;5;4;5;95;22;2;2;31
1057;VCT 2025: EMEA Stage 2;Group Stage;Week 5;nataNk;KOI;68;64;129;57;0,65;94;47;24;1;18;0,22;0,11;1/9;21;32;56;16;7;12;95;22;2;2;31
1058;VCT 2025: EMEA Stage 2;Group Stage;Week 5;benjyfishy;Team Heretics;36;117;196;142;0,75;132;75;33;8;8;0,42;0,5;1/2;16;27;19;12;3;3;4;1;2;2;31
1059;VCT 2025: EMEA Stage 2;Group Stage;Week 5;Wo0t;Team Heretics;20;95;164;10;0,8;104;6;2;2;5;0,31;1;1/1;12;12;12;4;4;1;3;1;2;2;31
1060;VCT 2025: EMEA Stage 2;Group Stage;Week 5;Wo0t;Team Heretics;36;11;192;124;0,86;126;72;28;22;6;0,37;0,25;1/4;14;26;21;10;8;2;3;1;2;2;31
1061;VCT 2025: EMEA Stage 2;Group Stage;Week 5;Boo;Team Heretics;36;109;148;113;0,86;92;5;69;3;8;0,25;0,25;1/4;12;18;16;25;1;3;1;1;2;2;31
1062;VCT 2025: EMEA Stage 2;Group Stage;Week 5;hiro;Natus Vincere;16;96;145;113;0,88;106;56;31;6;6;0,32;1;1/1;9;9;8;5;1;1;87;18;2;2;31
1063;VCT 2025: EMEA Stage 2;Group Stage;Week 5;hiro;Natus Vincere;22;125;224;136;0,77;163;86;18;0;0;0,52;0,25;1/4;19;19;14;4;0;0;87;18;2;2;31
1064;VCT 2025: EMEA Stage 2;Group Stage;Week 5;hiro;Natus Vincere;68;133;223;136;0,78;163;88;34;9;3;0,42;0,22;2/9;32;60;44;23;6;2;87;18;2;2;31
1065;VCT 2025: EMEA Stage 2;Group Stage;Week 5;Shao;Natus Vincere;30;85;166;77;0,83;112;57;5;7;7;0,38;0,33;1/3;17;17;22;15;2;2;78;18;2;2;31
1066;VCT 2025: EMEA Stage 2;Group Stage;Week 5;Shao;Natus Vincere;16;159;259;175;0,94;186;88;81;0;0;0,43;0,5;1/2;14;14;8;13;0;0;78;18;2;2;31
1067;VCT 2025: EMEA Stage 2;Group Stage;Week 5;Shao;Natus Vincere;68;105;205;98;0,85;135;65;57;4;6;0,38;0,22;2/9;17;44;45;39;3;4;78;18;2;2;31
1068;VCT 2025: EMEA Stage 2;Group Stage;Week 5;ANGE1;Natus Vincere;30;91;211;95;0,7;145;7;3;3;23;0,33;0,2;1/5;21;21;22;9;1;7;79;18;2;2;31
1069;VCT 2025: EMEA Stage 2;Group Stage;Week 5;ANGE1;Natus Vincere;22;74;153;73;0,77;114;5;27;5;14;0,33;0,5;1/2;11;11;15;6;1;3;79;18;2;2;31
1070;VCT 2025: EMEA Stage 2;Group Stage;Week 5;ANGE1;Natus Vincere;68;9;190;94;0,75;134;65;4;4;18;0,29;0,29;2/7;21;44;47;27;3;12;79;18;2;2;31
1071;VCT 2025: EMEA Stage 2;Group Stage;Week 5;alexiiik;Natus Vincere;38;165;327;214;0,82;205;124;13;29;13;0,22;0,33;1/3;25;47;22;5;11;5;112;18;2;2;31
1072;VCT 2025: EMEA Stage 2;Group Stage;Week 5;alexiiik;Natus Vincere;30;71;142;64;0,7;107;47;2;3;13;0,16;0,5;2/4;14;14;22;6;1;4;112;18;2;2;31
1073;VCT 2025: EMEA Stage 2;Group Stage;Week 5;alexiiik;Natus Vincere;68;124;265;139;0,76;162;9;16;18;13;0,2;0,43;3/7;25;61;44;11;12;9;112;18;2;2;31
1074;VCT 2025: EMEA Stage 2;Group Stage;Week 5;Ruxic;Natus Vincere;16;11;226;118;0,81;150;81;5;6;13;0,24;0,5;1/2;13;13;11;8;1;2;80;18;2;2;31
1075;VCT 2025: EMEA Stage 2;Group Stage;Week 5;Ruxic;Natus Vincere;52;103;248;126;0,75;153;94;19;13;13;0,42;0,2;1/5;26;49;39;10;7;7;80;18;2;2;31
1076;VCT 2025: EMEA Stage 2;Group Stage;Week 5;Ruxic;Natus Vincere;68;105;241;124;0,76;152;91;26;12;13;0,36;0,29;2/7;26;62;50;18;8;9;80;18;2;2;31
1077;VCT 2025: EMEA Stage 2;Group Stage;Week 5;yetujey;FUT Esports;22;128;249;127;0,68;154;86;32;9;18;0,34;0,4;2/5;19;19;15;7;2;4;97;23;2;2;31
1078;VCT 2025: EMEA Stage 2;Group Stage;Week 5;yetujey;FUT Esports;46;96;194;85;0,67;128;61;3;9;15;0,29;0,29;2/7;19;28;33;14;4;7;97;23;2;2;31
1079;VCT 2025: EMEA Stage 2;Group Stage;Week 5;MrFaliN;FUT Esports;24;104;221;95;0,71;129;75;25;8;8;0,35;0,17;1/6;18;18;19;6;2;2;99;23;2;2;31
1080;VCT 2025: EMEA Stage 2;Group Stage;Week 5;MrFaliN;FUT Esports;22;92;210;82;0,59;126;64;36;5;5;0,32;0,33;1/3;14;14;17;8;1;1;99;23;2;2;31
1081;VCT 2025: EMEA Stage 2;Group Stage;Week 5;MrFaliN;FUT Esports;46;98;216;89;0,65;128;7;3;7;7;0,33;0,22;2/9;18;32;36;14;3;3;99;23;2;2;31
1082;VCT 2025: EMEA Stage 2;Group Stage;Week 5;qRaxs;FUT Esports;46;92;152;69;0,61;104;48;54;0;7;0,34;0,2;1/5;11;22;32;25;0;3;98;23;2;2;31
1083;VCT 2025: EMEA Stage 2;Group Stage;Week 5;cNed;FUT Esports;46;79;161;83;0,57;107;63;13;11;11;0,36;0,11;1/9;21;29;35;6;5;5;100;23;2;2;31
1084;VCT 2025: EMEA Stage 2;All Stages;All Match Types;SUYGETSU;Karmine Corp;69;137;239;137;0,75;162;86;33;6;7;0,44;0,17;3/18;24;59;43;23;4;5;81;19;2;3;25
1085;VCT 2025: EMEA Stage 2;All Stages;All Match Types;SUYGETSU;Karmine Corp;276;109;199;112;0,77;129;74;36;7;8;0,39;0,19;8/43;24;204;182;98;18;22;81;19;2;3;25
1086;VCT 2025: EMEA Stage 2;All Stages;All Match Types;SUYGETSU;Karmine Corp;44;131;271;148;0,73;169;98;11;18;16;0,47;0,4;2/5;26;43;29;5;8;7;81;19;2;3;25
1087;VCT 2025: EMEA Stage 2;All Stages;All Match Types;SUYGETSU;Karmine Corp;389;116;215;12;0,76;139;79;32;8;9;0,41;0,2;13/66;26;306;254;126;30;34;81;19;2;3;25
1088;VCT 2025: EMEA Stage 2;All Stages;All Match Types;marteen;Karmine Corp;44;89;168;77;0,8;108;52;41;9;9;0,33;0,17;1/6;13;23;30;18;4;4;82;19;2;3;25
1089;VCT 2025: EMEA Stage 2;All Stages;All Match Types;marteen;Karmine Corp;298;108;226;116;0,7;145;82;23;16;16;0,32;0,11;3/27;26;245;211;70;47;48;82;19;2;3;25
1090;VCT 2025: EMEA Stage 2;All Stages;All Match Types;marteen;Karmine Corp;389;104;216;109;0,7;139;78;25;15;15;0,34;0,12;4/34;26;302;277;96;58;59;82;19;2;3;25
1091;VCT 2025: EMEA Stage 2;All Stages;All Match Types;Elite;Karmine Corp;172;101;191;104;0,73;129;69;21;9;6;0,4;0,11;2/19;22;118;114;36;16;10;91;19;2;3;25
1092;VCT 2025: EMEA Stage 2;All Stages;All Match Types;Elite;Karmine Corp;44;93;186;93;0,57;125;64;11;9;14;0,47;0,25;1/4;14;28;30;5;4;6;91;19;2;3;25
1093;VCT 2025: EMEA Stage 2;All Stages;All Match Types;Elite;Karmine Corp;236;99;190;10;0,7;128;68;18;8;7;0,41;0,11;3/28;22;160;160;43;20;17;91;19;2;3;25
1094;VCT 2025: EMEA Stage 2;All Stages;All Match Types;saadhak;Karmine Corp;69;74;149;66;0,61;99;54;26;1;13;0,3;0,33;1/3;16;37;56;18;7;9;92;19;2;3;25
1095;VCT 2025: EMEA Stage 2;All Stages;All Match Types;saadhak;Karmine Corp;90;78;162;72;0,68;108;56;24;4;1;0,32;0,13;2/16;21;50;69;22;4;9;92;19;2;3;25
1096;VCT 2025: EMEA Stage 2;All Stages;All Match Types;saadhak;Karmine Corp;82;10;177;98;0,68;122;6;37;4;6;0,32;0,63;5/8;15;49;50;30;3;5;92;19;2;3;25
1097;VCT 2025: EMEA Stage 2;All Stages;All Match Types;saadhak;Karmine Corp;389;84;164;76;0,67;110;54;36;7;11;0,3;0,2;8/41;21;212;278;140;27;41;92;19;2;3;25
1098;VCT 2025: EMEA Stage 2;All Stages;All Match Types;pyrolll;Karmine Corp;52;86;140;77;0,63;99;46;23;0;2;0,3;0,14;1/7;16;24;31;12;0;1;83;19;2;3;25
1099;VCT 2025: EMEA Stage 2;All Stages;All Match Types;pyrolll;Karmine Corp;49;79;146;77;0,61;103;55;18;4;12;0,45;0,33;1/3;22;27;35;9;2;6;83;19;2;3;25
1100;VCT 2025: EMEA Stage 2;All Stages;All Match Types;pyrolll;Karmine Corp;153;82;147;77;0,62;101;52;18;4;7;0,36;0,11;2/18;22;80;104;28;6;11;83;19;2;3;25
1101;VCT 2025: EMEA Stage 2;All Stages;All Match Types;Avez;Karmine Corp;69;9;174;75;0,61;114;58;23;3;6;0,36;0,33;3/9;16;40;53;16;2;4;84;19;2;3;25
1102;VCT 2025: EMEA Stage 2;All Stages;All Match Types;Avez;Karmine Corp;134;114;249;131;0,74;155;86;31;14;11;0,36;0,22;2/9;22;115;88;42;19;15;84;19;2;3;25
1103;VCT 2025: EMEA Stage 2;All Stages;All Match Types;Avez;Karmine Corp;95;11;242;115;0,69;158;82;17;13;18;0,23;0,33;1/3;23;78;68;16;12;17;84;19;2;3;25
1104;VCT 2025: EMEA Stage 2;All Stages;All Match Types;Avez;Karmine Corp;70;116;204;124;0,73;139;8;19;1;3;0,41;0,5;4/8;28;56;45;13;7;2;84;19;2;3;25
1105;VCT 2025: EMEA Stage 2;All Stages;All Match Types;Avez;Karmine Corp;389;107;223;112;0,69;144;78;23;11;11;0,32;0,33;10/30;28;304;272;88;44;42;84;19;2;3;25
1106;VCT 2025: EMEA Stage 2;All Stages;All Match Types;grubinho;GIANTX;102;108;180;98;0,7;125;64;38;5;1;0,28;0,33;5/15;18;65;66;39;5;10;40;2;2;3;25
1107;VCT 2025: EMEA Stage 2;All Stages;All Match Types;grubinho;GIANTX;484;105;211;103;0,73;136;72;43;11;9;0,29;0,2;11/56;26;349;340;207;53;42;40;2;2;3;25
1108;VCT 2025: EMEA Stage 2;All Stages;All Match Types;grubinho;GIANTX;39;73;160;82;0,59;103;59;18;1;28;0,32;0,4;2/5;16;23;28;7;4;11;40;2;2;3;25
1109;VCT 2025: EMEA Stage 2;All Stages;All Match Types;grubinho;GIANTX;625;103;202;101;0,72;132;7;4;1;1;0,29;0,24;18/76;26;437;434;253;62;63;40;2;2;3;25
1110;VCT 2025: EMEA Stage 2;All Stages;All Match Types;Flickless;GIANTX;240;91;165;86;0,73;107;58;42;5;8;0,27;0,11;3/28;20;138;161;100;12;19;34;2;2;3;25
1111;VCT 2025: EMEA Stage 2;All Stages;All Match Types;Flickless;GIANTX;232;105;207;92;0,74;134;67;59;9;8;0,25;0,11;2/18;23;155;169;137;21;19;34;2;2;3;25
1112;VCT 2025: EMEA Stage 2;All Stages;All Match Types;Flickless;GIANTX;153;107;214;107;0,75;140;75;33;9;8;0,24;0,24;4/17;26;115;107;51;14;13;34;2;2;3;25
1113;VCT 2025: EMEA Stage 2;All Stages;All Match Types;Flickless;GIANTX;625;10;192;93;0,74;125;65;46;8;8;0,25;0,14;9/63;26;408;437;288;47;51;34;2;2;3;25
1114;VCT 2025: EMEA Stage 2;All Stages;All Match Types;westside;GIANTX;484;104;194;109;0,67;132;71;19;9;7;0,46;0,2;12/61;21;344;316;91;45;35;6;2;2;3;25
1115;VCT 2025: EMEA Stage 2;All Stages;All Match Types;westside;GIANTX;84;99;195;103;0,74;116;73;23;14;13;0,36;0,09;1/11;17;61;59;19;12;11;6;2;2;3;25
1116;VCT 2025: EMEA Stage 2;All Stages;All Match Types;westside;GIANTX;39;118;245;117;0,72;155;87;8;1;3;0,4;0,43;3/7;18;34;29;3;4;1;6;2;2;3;25
1117;VCT 2025: EMEA Stage 2;All Stages;All Match Types;westside;GIANTX;625;103;196;107;0,68;130;72;19;1;8;0,44;0,19;16/83;21;448;420;117;63;52;6;2;2;3;25
1118;VCT 2025: EMEA Stage 2;All Stages;All Match Types;Cloud;GIANTX;156;97;187;92;0,69;126;67;26;4;8;0,34;0,08;2/24;20;104;113;40;7;12;7;2;2;3;25
1119;VCT 2025: EMEA Stage 2;All Stages;All Match Types;Cloud;GIANTX;346;99;184;98;0,72;129;64;27;1;7;0,3;0,11;4/37;21;221;226;95;33;25;7;2;2;3;25
1120;VCT 2025: EMEA Stage 2;All Stages;All Match Types;Cloud;GIANTX;625;94;181;91;0,7;124;63;27;8;8;0,3;0,09;6/68;21;395;433;170;47;48;7;2;2;3;25
1121;VCT 2025: EMEA Stage 2;All Stages;All Match Types;ara;GIANTX;145;115;229;125;0,73;152;8;13;19;15;0,25;0,24;4/17;24;116;93;19;28;22;33;2;2;3;25
1122;VCT 2025: EMEA Stage 2;All Stages;All Match Types;ara;GIANTX;309;101;212;111;0,67;134;77;13;17;14;0,28;0,12;3/25;28;237;213;41;54;42;33;2;2;3;25
1123;VCT 2025: EMEA Stage 2;All Stages;All Match Types;ara;GIANTX;171;104;216;103;0,73;143;75;18;17;1;0,24;0,18;4/22;31;129;125;31;29;17;33;2;2;3;25
1124;VCT 2025: EMEA Stage 2;All Stages;All Match Types;ara;GIANTX;625;105;217;112;0,7;140;77;15;18;13;0,26;0,17;11/64;31;482;431;91;111;81;33;2;2;3;25
1125;VCT 2025: EMEA Stage 2;All Stages;All Match Types;Proxh;Gentle Mates;38;97;195;96;0,71;117;71;29;5;11;0,32;0,2;1/5;14;27;28;11;2;4;88;21;2;3;25
1126;VCT 2025: EMEA Stage 2;All Stages;All Match Types;Proxh;Gentle Mates;268;83;156;76;0,72;106;54;4;5;7;0,25;0,08;2/25;18;144;190;108;14;20;88;21;2;3;25
1127;VCT 2025: EMEA Stage 2;All Stages;All Match Types;Proxh;Gentle Mates;306;85;162;78;0,72;107;56;39;5;8;0,25;0,1;3/30;18;171;218;119;16;24;88;21;2;3;25
1128;VCT 2025: EMEA Stage 2;All Stages;All Match Types;kamyk;Gentle Mates;96;87;164;91;0,75;102;61;4;7;3;0,28;0,07;1/14;20;59;65;38;7;3;107;21;2;3;25
1129;VCT 2025: EMEA Stage 2;All Stages;All Match Types;kamyk;Gentle Mates;75;109;231;103;0,81;140;8;65;13;13;0,37;0,18;2/11;22;60;58;49;10;10;107;21;2;3;25
1130;VCT 2025: EMEA Stage 2;All Stages;All Match Types;kamyk;Gentle Mates;97;106;209;11;0,68;135;77;21;7;9;0,41;0,05;1/19;24;75;68;20;7;9;107;21;2;3;25
1131;VCT 2025: EMEA Stage 2;All Stages;All Match Types;kamyk;Gentle Mates;306;98;194;98;0,75;123;7;38;8;8;0,34;0,09;4/46;24;214;219;117;25;26;107;21;2;3;25
1132;VCT 2025: EMEA Stage 2;All Stages;All Match Types;Minny;Gentle Mates;18;66;184;75;0,56;117;67;0;11;22;0,46;0,5;1/2;12;12;16;0;2;4;89;21;2;3;25
1133;VCT 2025: EMEA Stage 2;All Stages;All Match Types;Minny;Gentle Mates;92;97;186;89;0,72;130;64;16;9;11;0,32;0,33;3/9;20;59;66;15;8;10;89;21;2;3;25
1134;VCT 2025: EMEA Stage 2;All Stages;All Match Types;Minny;Gentle Mates;116;126;253;131;0,79;170;91;31;1;9;0,38;0,18;4/22;34;105;80;36;12;11;89;21;2;3;25
1135;VCT 2025: EMEA Stage 2;All Stages;All Match Types;Minny;Gentle Mates;26;82;136;75;0,58;93;46;27;4;12;0,33;0,2;1/5;12;12;16;7;1;3;89;21;2;3;25
1136;VCT 2025: EMEA Stage 2;All Stages;All Match Types;Minny;Gentle Mates;306;101;199;99;0,7;136;71;22;8;12;0,36;0,2;9/44;34;217;219;67;26;38;89;21;2;3;25
1137;VCT 2025: EMEA Stage 2;All Stages;All Match Types;Veqaj;Gentle Mates;102;105;209;107;0,74;141;77;33;9;9;0,33;0,1;1/10;28;79;74;34;9;9;90;21;2;3;25
1138;VCT 2025: EMEA Stage 2;All Stages;All Match Types;Veqaj;Gentle Mates;204;94;188;89;0,71;134;66;29;5;1;0,24;0,09;3/32;27;134;150;60;11;21;90;21;2;3;25
1139;VCT 2025: EMEA Stage 2;All Stages;All Match Types;Veqaj;Gentle Mates;306;98;196;95;0,72;136;7;31;7;1;0,27;0,1;4/42;28;213;224;94;20;30;90;21;2;3;25
1140;VCT 2025: EMEA Stage 2;All Stages;All Match Types;ComeBack;Gentle Mates;75;95;207;98;0,67;135;72;13;15;13;0,31;0,22;2/9;22;54;55;10;11;10;108;21;2;3;25
1141;VCT 2025: EMEA Stage 2;All Stages;All Match Types;ComeBack;Gentle Mates;193;99;219;107;0,67;139;79;19;16;19;0,31;0,08;1/12;29;152;142;37;31;37;108;21;2;3;25
1142;VCT 2025: EMEA Stage 2;All Stages;All Match Types;ComeBack;Gentle Mates;306;10;220;106;0,68;140;78;17;16;17;0,33;0,11;3/27;29;239;225;53;48;53;108;21;2;3;25
1143;VCT 2025: EMEA Stage 2;All Stages;All Match Types;Boaster;FNATIC;159;8;128;76;0,69;86;45;31;6;1;0,32;0,15;2/13;14;72;95;49;9;16;32;6;2;3;25
1144;VCT 2025: EMEA Stage 2;All Stages;All Match Types;Boaster;FNATIC;241;78;146;73;0,66;96;51;31;3;12;0,31;0,24;6/25;19;123;168;74;8;28;32;6;2;3;25
1145;VCT 2025: EMEA Stage 2;All Stages;All Match Types;Boaster;FNATIC;48;81;165;77;0,6;114;56;29;8;8;0,23;0,2;1/5;16;27;35;14;4;4;32;6;2;3;25
1146;VCT 2025: EMEA Stage 2;All Stages;All Match Types;Boaster;FNATIC;448;79;142;74;0,66;94;5;31;5;11;0,3;0,21;9/43;19;222;298;137;21;48;32;6;2;3;25
1147;VCT 2025: EMEA Stage 2;All Stages;All Match Types;Alfajer;FNATIC;77;92;207;103;0,61;140;78;8;19;19;0,4;0,17;1/6;23;60;58;6;15;15;18;6;2;3;25
1148;VCT 2025: EMEA Stage 2;All Stages;All Match Types;Alfajer;FNATIC;165;106;230;107;0,67;153;79;13;15;1;0,31;0,04;1/23;24;131;123;22;24;17;18;6;2;3;25
1149;VCT 2025: EMEA Stage 2;All Stages;All Match Types;Alfajer;FNATIC;113;121;224;142;0,75;156;87;12;11;5;0,38;0,36;4/11;29;98;69;13;12;6;18;6;2;3;25
1150;VCT 2025: EMEA Stage 2;All Stages;All Match Types;Alfajer;FNATIC;448;106;222;115;0,68;149;81;13;14;11;0,36;0,14;6/44;29;363;317;60;64;48;18;6;2;3;25
1151;VCT 2025: EMEA Stage 2;All Stages;All Match Types;Chronicle;FNATIC;47;91;168;87;0,7;116;57;3;9;17;0,26;0,1;1/10;17;27;31;14;4;8;26;6;2;3;25
1152;VCT 2025: EMEA Stage 2;All Stages;All Match Types;Chronicle;FNATIC;48;68;144;62;0,52;95;5;29;6;8;0,34;0,25;2/8;12;24;39;14;3;4;26;6;2;3;25
1153;VCT 2025: EMEA Stage 2;All Stages;All Match Types;Chronicle;FNATIC;276;116;238;121;0,74;157;81;29;1;9;0,25;0,11;4/38;28;223;184;80;28;24;26;6;2;3;25
1154;VCT 2025: EMEA Stage 2;All Stages;All Match Types;Chronicle;FNATIC;77;81;161;77;0,61;121;6;22;5;9;0,32;0,06;1/16;20;46;60;17;4;7;26;6;2;3;25
1155;VCT 2025: EMEA Stage 2;All Stages;All Match Types;Chronicle;FNATIC;448;102;206;102;0,69;140;71;28;9;1;0,27;0,11;8/72;28;320;314;125;39;43;26;6;2;3;25
1156;VCT 2025: EMEA Stage 2;All Stages;All Match Types;crashies;FNATIC;228;97;177;10;0,77;120;64;35;6;7;0,31;0,14;5/35;21;146;146;80;13;15;17;6;2;3;25
1157;VCT 2025: EMEA Stage 2;All Stages;All Match Types;crashies;FNATIC;220;112;206;106;0,74;148;7;28;5;6;0,34;0,19;6/32;22;155;146;61;10;14;17;6;2;3;25
1158;VCT 2025: EMEA Stage 2;All Stages;All Match Types;crashies;FNATIC;448;105;192;103;0,75;134;67;31;5;6;0,33;0,16;11/67;22;301;292;141;23;29;17;6;2;3;25
1159;VCT 2025: EMEA Stage 2;All Stages;All Match Types;kaajak;FNATIC;48;97;184;11;0,67;123;71;4;15;19;0,35;0,75;3/4;20;34;31;2;7;9;19;6;2;3;25
1160;VCT 2025: EMEA Stage 2;All Stages;All Match Types;kaajak;FNATIC;161;122;277;126;0,71;175;93;2;19;11;0,33;0,25;3/12;26;150;119;32;31;18;19;6;2;3;25
1161;VCT 2025: EMEA Stage 2;All Stages;All Match Types;kaajak;FNATIC;191;113;234;115;0,69;152;83;16;16;13;0,38;0,36;4/11;26;159;138;31;30;25;19;6;2;3;25
1162;VCT 2025: EMEA Stage 2;All Stages;All Match Types;kaajak;FNATIC;448;11;236;114;0,68;151;82;15;17;13;0,35;0,36;10/28;26;368;324;69;74;59;19;6;2;3;25
1163;VCT 2025: EMEA Stage 2;All Stages;All Match Types;PROFEK;BBL Esports;45;107;188;91;0,69;142;69;36;4;4;0,22;0,14;1/7;24;31;34;16;2;2;76;17;2;3;25
1164;VCT 2025: EMEA Stage 2;All Stages;All Match Types;PROFEK;BBL Esports;330;103;188;103;0,71;125;68;32;7;7;0,27;0,2;9/46;23;225;218;105;23;23;76;17;2;3;25
1165;VCT 2025: EMEA Stage 2;All Stages;All Match Types;PROFEK;BBL Esports;120;113;210;118;0,73;143;77;25;8;6;0,26;0,08;1/13;21;92;78;30;10;7;76;17;2;3;25
1166;VCT 2025: EMEA Stage 2;All Stages;All Match Types;PROFEK;BBL Esports;519;104;192;103;0,71;130;69;3;7;6;0,26;0,16;11/67;24;358;348;158;36;33;76;17;2;3;25
1167;VCT 2025: EMEA Stage 2;All Stages;All Match Types;Jamppi;BBL Esports;44;83;152;74;0,75;101;52;3;11;7;0,29;0,17;1/6;16;23;31;13;5;3;73;17;2;3;25
1168;VCT 2025: EMEA Stage 2;All Stages;All Match Types;Jamppi;BBL Esports;119;76;146;7;0,66;98;5;24;3;8;0,22;0,15;2/13;16;60;86;28;4;10;73;17;2;3;25
1169;VCT 2025: EMEA Stage 2;All Stages;All Match Types;Jamppi;BBL Esports;67;9;171;81;0,66;113;58;24;7;9;0,29;0,14;1/7;15;39;48;16;5;6;73;17;2;3;25
1170;VCT 2025: EMEA Stage 2;All Stages;All Match Types;Jamppi;BBL Esports;82;93;173;82;0,7;114;57;54;5;12;0,23;0,09;1/11;15;47;57;44;4;10;73;17;2;3;25
1171;VCT 2025: EMEA Stage 2;All Stages;All Match Types;Jamppi;BBL Esports;207;117;223;126;0,77;146;79;27;8;7;0,31;0,25;5/20;24;163;129;55;17;14;73;17;2;3;25
1172;VCT 2025: EMEA Stage 2;All Stages;All Match Types;Jamppi;BBL Esports;519;98;186;95;0,72;122;64;3;7;8;0,27;0,18;10/57;24;332;351;156;35;43;73;17;2;3;25
1173;VCT 2025: EMEA Stage 2;All Stages;All Match Types;sociablEE;BBL Esports;96;92;202;93;0,65;136;72;16;14;1;0,3;0,18;3/17;20;69;74;15;13;10;77;17;2;3;25
1174;VCT 2025: EMEA Stage 2;All Stages;All Match Types;sociablEE;BBL Esports;108;117;235;133;0,7;153;9;7;11;6;0,38;0,11;2/19;36;97;73;8;12;6;77;17;2;3;25
1175;VCT 2025: EMEA Stage 2;All Stages;All Match Types;sociablEE;BBL Esports;144;95;199;97;0,74;130;72;33;1;9;0,3;0,17;4/24;21;103;106;48;15;13;77;17;2;3;25
1176;VCT 2025: EMEA Stage 2;All Stages;All Match Types;sociablEE;BBL Esports;44;87;194;83;0,61;127;66;27;7;9;0,26;0,25;1/4;17;29;35;12;3;4;77;17;2;3;25
1177;VCT 2025: EMEA Stage 2;All Stages;All Match Types;sociablEE;BBL Esports;82;81;170;73;0,62;112;57;21;11;2;0,25;0,2;3/15;17;47;64;17;9;2;77;17;2;3;25
1178;VCT 2025: EMEA Stage 2;All Stages;All Match Types;sociablEE;BBL Esports;519;93;198;95;0,67;130;71;2;12;9;0,31;0,15;13/85;36;370;391;103;61;45;77;17;2;3;25
1179;VCT 2025: EMEA Stage 2;All Stages;All Match Types;MAGNUM;BBL Esports;44;119;228;117;0,66;141;8;23;16;11;0,31;0,33;2/6;21;35;30;10;7;5;74;17;2;3;25
1180;VCT 2025: EMEA Stage 2;All Stages;All Match Types;MAGNUM;BBL Esports;74;97;196;10;0,66;121;7;3;1;11;0,33;0,25;2/8;19;52;52;22;1;8;74;17;2;3;25
1181;VCT 2025: EMEA Stage 2;All Stages;All Match Types;MAGNUM;BBL Esports;149;98;194;95;0,65;125;68;38;5;13;0,28;0,07;1/15;17;101;106;56;7;19;74;17;2;3;25
1182;VCT 2025: EMEA Stage 2;All Stages;All Match Types;MAGNUM;BBL Esports;77;115;226;131;0,79;151;83;16;1;8;0,34;0,5;2/4;20;64;49;12;8;6;74;17;2;3;25
1183;VCT 2025: EMEA Stage 2;All Stages;All Match Types;MAGNUM;BBL Esports;153;85;173;83;0,67;113;58;22;7;14;0,26;0,08;1/13;17;89;107;33;10;22;74;17;2;3;25
1184;VCT 2025: EMEA Stage 2;All Stages;All Match Types;MAGNUM;BBL Esports;519;10;198;101;0,69;127;69;27;7;12;0,3;0,17;8/48;21;359;357;139;35;60;74;17;2;3;25
1185;VCT 2025: EMEA Stage 2;All Stages;All Match Types;LewN;BBL Esports;45;94;222;89;0,58;153;76;13;11;18;0,35;0,17;1/6;22;34;38;6;5;8;75;17;2;3;25
1186;VCT 2025: EMEA Stage 2;All Stages;All Match Types;LewN;BBL Esports;203;103;222;111;0,68;150;81;14;17;2;0,34;0,15;3/20;24;165;148;28;34;40;75;17;2;3;25
1187;VCT 2025: EMEA Stage 2;All Stages;All Match Types;LewN;BBL Esports;74;109;246;121;0,61;150;86;9;2;12;0,27;1;2/2;26;64;53;7;15;9;75;17;2;3;25
1188;VCT 2025: EMEA Stage 2;All Stages;All Match Types;LewN;BBL Esports;65;91;206;92;0,62;134;71;2;17;15;0,23;0,25;1/4;26;46;50;13;11;10;75;17;2;3;25
1189;VCT 2025: EMEA Stage 2;All Stages;All Match Types;LewN;BBL Esports;519;98;215;103;0,65;141;77;14;16;17;0,3;0,17;7/41;26;399;386;75;83;88;75;17;2;3;25
1190;VCT 2025: EMEA Stage 2;All Stages;All Match Types;qRaxs;FUT Esports;53;105;188;95;0,79;111;72;45;6;4;0,43;0,2;1/5;21;38;40;24;3;2;98;23;2;3;25
1191;VCT 2025: EMEA Stage 2;All Stages;All Match Types;qRaxs;FUT Esports;48;86;170;74;0,69;108;58;4;2;6;0,33;0,11;1/9;19;28;38;19;1;3;98;23;2;3;25
1192;VCT 2025: EMEA Stage 2;All Stages;All Match Types;qRaxs;FUT Esports;146;95;182;79;0,71;118;59;61;4;6;0,34;0,2;3/15;18;86;109;89;6;9;98;23;2;3;25
1193;VCT 2025: EMEA Stage 2;All Stages;All Match Types;qRaxs;FUT Esports;247;95;182;81;0,72;115;62;53;4;6;0,36;0,17;5/29;21;152;187;132;10;14;98;23;2;3;25
1194;VCT 2025: EMEA Stage 2;All Stages;All Match Types;yetujey;FUT Esports;167;97;194;97;0,7;133;68;19;9;1;0,26;0,16;5/31;24;113;117;31;15;17;97;23;2;3;25
1195;VCT 2025: EMEA Stage 2;All Stages;All Match Types;yetujey;FUT Esports;58;111;211;11;0,69;146;74;26;12;7;0,28;0,25;2/8;15;43;39;15;7;4;97;23;2;3;25
1196;VCT 2025: EMEA Stage 2;All Stages;All Match Types;yetujey;FUT Esports;22;128;249;127;0,68;154;86;32;9;18;0,34;0,4;2/5;19;19;15;7;2;4;97;23;2;3;25
1197;VCT 2025: EMEA Stage 2;All Stages;All Match Types;yetujey;FUT Esports;247;103;203;102;0,7;138;71;21;1;1;0,27;0,2;9/44;24;175;171;53;24;25;97;23;2;3;25
1198;VCT 2025: EMEA Stage 2;All Stages;All Match Types;MrFaliN;FUT Esports;124;8;151;7;0,67;99;5;35;7;1;0,24;0,06;1/16;18;62;89;44;9;12;99;23;2;3;25
1199;VCT 2025: EMEA Stage 2;All Stages;All Match Types;MrFaliN;FUT Esports;48;106;214;10;0,69;127;77;46;8;6;0,23;0,29;2/7;25;37;37;22;4;3;99;23;2;3;25
1200;VCT 2025: EMEA Stage 2;All Stages;All Match Types;MrFaliN;FUT Esports;75;89;172;75;0,57;123;56;35;7;8;0,24;0,17;2/12;16;42;56;26;5;6;99;23;2;3;25
1201;VCT 2025: EMEA Stage 2;All Stages;All Match Types;MrFaliN;FUT Esports;247;88;169;77;0,64;111;57;37;7;9;0,24;0,14;5/35;25;141;182;92;18;21;99;23;2;3;25
1202;VCT 2025: EMEA Stage 2;All Stages;All Match Types;cNed;FUT Esports;199;105;213;106;0,69;135;78;27;12;7;0,34;0,06;2/31;21;155;146;54;23;14;100;23;2;3;25
1203;VCT 2025: EMEA Stage 2;All Stages;All Match Types;cNed;FUT Esports;48;102;229;103;0,63;152;81;23;13;27;0,31;0,33;2/6;25;39;38;11;6;13;100;23;2;3;25
1204;VCT 2025: EMEA Stage 2;All Stages;All Match Types;cNed;FUT Esports;247;105;216;105;0,68;139;79;26;12;11;0,33;0,11;4/37;25;194;184;65;29;27;100;23;2;3;25
1205;VCT 2025: EMEA Stage 2;All Stages;All Match Types;KovaQ;Team Vitality;24;93;190;106;0,75;110;71;25;13;0;0,35;0,33;1/3;17;17;16;6;3;0;93;20;2;3;25
1206;VCT 2025: EMEA Stage 2;All Stages;All Match Types;KovaQ;Team Vitality;45;78;171;75;0,64;119;6;38;11;16;0,25;0,33;1/3;18;27;36;17;5;7;93;20;2;3;25
1207;VCT 2025: EMEA Stage 2;All Stages;All Match Types;KovaQ;Team Vitality;23;99;204;10;0,61;127;7;13;22;13;0,41;0,2;1/5;16;16;16;3;5;3;93;20;2;3;25
1208;VCT 2025: EMEA Stage 2;All Stages;All Match Types;KovaQ;Team Vitality;255;92;199;97;0,7;124;71;25;12;11;0,33;0,12;3/26;23;182;187;64;30;28;93;20;2;3;25
1209;VCT 2025: EMEA Stage 2;All Stages;All Match Types;Kicks;Team Vitality;208;93;166;83;0,75;112;57;47;7;6;0,28;0,22;7/32;23;118;143;98;15;12;85;20;2;3;25
1210;VCT 2025: EMEA Stage 2;All Stages;All Match Types;Kicks;Team Vitality;299;89;166;79;0,72;110;56;44;7;6;0,29;0,18;7/38;23;168;214;132;20;19;85;20;2;3;25
1211;VCT 2025: EMEA Stage 2;All Stages;All Match Types;Less;Team Vitality;127;109;200;117;0,75;130;76;2;7;7;0,32;0,18;4/22;22;96;82;25;9;9;104;20;2;3;25
1212;VCT 2025: EMEA Stage 2;All Stages;All Match Types;Less;Team Vitality;155;116;213;119;0,72;138;77;24;1;1;0,33;0,17;5/29;24;119;100;37;15;15;104;20;2;3;25
1213;VCT 2025: EMEA Stage 2;All Stages;All Match Types;Less;Team Vitality;299;111;206;117;0,75;133;76;22;9;9;0,32;0,18;9/51;24;227;194;67;28;26;104;20;2;3;25
1214;VCT 2025: EMEA Stage 2;All Stages;All Match Types;UNFAKE;Team Vitality;164;97;199;94;0,73;129;68;3;8;7;0,38;0,24;5/21;19;112;119;50;13;11;105;20;2;3;25
1215;VCT 2025: EMEA Stage 2;All Stages;All Match Types;UNFAKE;Team Vitality;299;89;186;89;0,7;121;65;26;7;8;0,38;0,17;5/30;21;193;218;78;22;24;105;20;2;3;25
1216;VCT 2025: EMEA Stage 2;All Stages;All Match Types;Sayf;Team Vitality;24;134;199;121;0,75;129;71;33;0;0;0,4;0,22;2/9;17;17;14;8;0;0;86;20;2;3;25
1217;VCT 2025: EMEA Stage 2;All Stages;All Match Types;Sayf;Team Vitality;44;111;176;93;0,7;123;61;2;2;7;0,37;0,18;2/11;17;27;29;9;1;3;86;20;2;3;25
1218;VCT 2025: EMEA Stage 2;All Stages;All Match Types;Derke;Team Vitality;65;101;201;96;0,62;143;74;8;18;15;0,27;0,38;3/8;20;48;50;5;12;10;109;20;2;3;25
1219;VCT 2025: EMEA Stage 2;All Stages;All Match Types;Derke;Team Vitality;100;108;269;111;0,71;172;91;25;16;18;0,3;0,33;1/3;21;91;82;25;16;18;109;20;2;3;25
1220;VCT 2025: EMEA Stage 2;All Stages;All Match Types;Derke;Team Vitality;299;112;244;112;0,71;162;85;18;17;16;0,26;0,25;4/16;23;253;225;55;50;48;109;20;2;3;25
1221;VCT 2025: EMEA Stage 2;All Stages;All Match Types;flyuh;KOI;44;85;160;81;0,8;110;57;36;7;5;0,28;0,11;1/9;15;25;31;16;3;2;94;22;2;3;25
1222;VCT 2025: EMEA Stage 2;All Stages;All Match Types;flyuh;KOI;85;77;176;81;0,69;116;65;2;6;6;0,26;0,13;1/8;18;55;68;17;5;5;94;22;2;3;25
1223;VCT 2025: EMEA Stage 2;All Stages;All Match Types;flyuh;KOI;123;107;216;105;0,7;155;75;28;8;5;0,27;0,25;3/12;23;92;88;34;10;6;94;22;2;3;25
1224;VCT 2025: EMEA Stage 2;All Stages;All Match Types;flyuh;KOI;287;88;186;85;0,69;128;65;28;6;7;0,26;0,16;5/32;23;187;219;80;18;19;94;22;2;3;25
1225;VCT 2025: EMEA Stage 2;All Stages;All Match Types;baddyG;KOI;248;97;184;94;0,73;117;69;34;8;6;0,24;0,16;5/31;30;170;180;85;21;16;106;22;2;3;25
1226;VCT 2025: EMEA Stage 2;All Stages;All Match Types;baddyG;KOI;22;121;275;129;0,59;161;10;36;18;9;0,31;0,5;1/2;22;22;17;8;4;2;106;22;2;3;25
1227;VCT 2025: EMEA Stage 2;All Stages;All Match Types;baddyG;KOI;287;99;192;95;0,72;122;71;35;9;7;0,24;0,17;6/36;30;203;213;100;26;19;106;22;2;3;25
1228;VCT 2025: EMEA Stage 2;All Stages;All Match Types;Filu;KOI;62;106;212;109;0,71;130;77;19;16;13;0,28;0,11;1/9;19;48;44;12;10;8;111;22;2;3;25
1229;VCT 2025: EMEA Stage 2;All Stages;All Match Types;Filu;KOI;287;85;200;84;0,66;132;66;22;16;14;0,27;0,04;1/23;20;190;227;64;45;39;111;22;2;3;25
1230;VCT 2025: EMEA Stage 2;All Stages;All Match Types;MONSTEERR;KOI;45;85;178;97;0,67;112;73;7;7;7;0,33;0,11;1/9;17;33;34;3;3;3;96;22;2;3;25
1231;VCT 2025: EMEA Stage 2;All Stages;All Match Types;MONSTEERR;KOI;42;9;188;91;0,64;125;69;1;1;12;0,23;0,11;1/9;21;29;32;4;4;5;96;22;2;3;25
1232;VCT 2025: EMEA Stage 2;All Stages;All Match Types;MONSTEERR;KOI;152;105;206;106;0,7;141;74;24;9;6;0,27;0,21;5/24;23;112;106;36;14;9;96;22;2;3;25
1233;VCT 2025: EMEA Stage 2;All Stages;All Match Types;MONSTEERR;KOI;48;92;191;82;0,65;132;65;15;2;1;0,34;0,09;1/11;12;31;38;7;1;5;96;22;2;3;25
1234;VCT 2025: EMEA Stage 2;All Stages;All Match Types;MONSTEERR;KOI;287;98;196;98;0,68;132;71;17;8;8;0,28;0,15;8/53;23;205;210;50;22;22;96;22;2;3;25
1235;VCT 2025: EMEA Stage 2;All Stages;All Match Types;nataNk;KOI;30;9;206;88;0,77;141;7;17;13;17;0,2;0,25;1/4;21;21;24;5;4;5;95;22;2;3;25
1236;VCT 2025: EMEA Stage 2;All Stages;All Match Types;nataNk;KOI;79;91;178;86;0,65;127;63;16;11;8;0,31;0,18;2/11;18;50;58;13;9;6;95;22;2;3;25
1237;VCT 2025: EMEA Stage 2;All Stages;All Match Types;nataNk;KOI;38;10;195;86;0,76;133;63;29;16;16;0,27;0,1;1/10;13;24;28;11;6;6;95;22;2;3;25
1238;VCT 2025: EMEA Stage 2;All Stages;All Match Types;nataNk;KOI;33;111;215;127;0,61;126;85;18;21;12;0,25;0,2;1/5;22;28;22;6;7;4;95;22;2;3;25
1239;VCT 2025: EMEA Stage 2;All Stages;All Match Types;nataNk;KOI;287;85;172;83;0,66;117;61;22;11;16;0,27;0,14;5/37;22;174;210;63;32;45;95;22;2;3;25
1240;VCT 2025: EMEA Stage 2;All Stages;All Match Types;ANGE1;Natus Vincere;51;85;186;84;0,71;127;61;33;8;18;0,38;0,14;1/7;21;31;37;17;4;9;79;18;2;3;25
1241;VCT 2025: EMEA Stage 2;All Stages;All Match Types;ANGE1;Natus Vincere;200;84;169;77;0,71;111;58;48;6;7;0,28;0,09;2/23;18;115;149;96;12;14;79;18;2;3;25
1242;VCT 2025: EMEA Stage 2;All Stages;All Match Types;ANGE1;Natus Vincere;176;72;146;69;0,68;101;48;27;5;1;0,31;0,15;2/13;15;85;124;48;9;17;79;18;2;3;25
1243;VCT 2025: EMEA Stage 2;All Stages;All Match Types;ANGE1;Natus Vincere;472;77;156;73;0,69;105;53;37;6;9;0,31;0,11;5/47;21;249;342;175;26;43;79;18;2;3;25
1244;VCT 2025: EMEA Stage 2;All Stages;All Match Types;hiro;Natus Vincere;175;97;191;10;0,71;138;71;19;6;1;0,37;0,13;2/16;24;124;124;33;10;17;87;18;2;3;25
1245;VCT 2025: EMEA Stage 2;All Stages;All Match Types;hiro;Natus Vincere;176;124;236;138;0,77;155;85;21;11;7;0,33;0,13;4/30;22;150;109;37;20;13;87;18;2;3;25
1246;VCT 2025: EMEA Stage 2;All Stages;All Match Types;hiro;Natus Vincere;70;112;221;115;0,76;140;79;36;14;14;0,33;0,14;1/7;26;55;48;25;10;10;87;18;2;3;25
1247;VCT 2025: EMEA Stage 2;All Stages;All Match Types;hiro;Natus Vincere;472;114;220;119;0,74;150;81;25;1;9;0,35;0,12;7/57;32;380;320;118;47;44;87;18;2;3;25
1248;VCT 2025: EMEA Stage 2;All Stages;All Match Types;Shao;Natus Vincere;202;108;183;107;0,75;119;65;31;8;3;0,34;0,38;11/29;19;132;123;63;17;6;78;18;2;3;25
1249;VCT 2025: EMEA Stage 2;All Stages;All Match Types;Shao;Natus Vincere;78;103;200;106;0,69;125;71;23;15;13;0,29;0,17;1/6;22;55;52;18;12;10;78;18;2;3;25
1250;VCT 2025: EMEA Stage 2;All Stages;All Match Types;Shao;Natus Vincere;98;84;152;81;0,8;97;51;39;4;5;0,29;0,09;1/11;15;50;62;38;4;5;78;18;2;3;25
1251;VCT 2025: EMEA Stage 2;All Stages;All Match Types;Shao;Natus Vincere;94;99;192;88;0,72;134;61;32;3;7;0,3;0,1;2/20;20;57;65;30;3;7;78;18;2;3;25
1252;VCT 2025: EMEA Stage 2;All Stages;All Match Types;Shao;Natus Vincere;472;10;181;97;0,75;118;62;32;8;6;0,32;0,23;15/66;22;294;302;149;36;28;78;18;2;3;25
1253;VCT 2025: EMEA Stage 2;All Stages;All Match Types;alexiiik;Natus Vincere;192;121;248;138;0,73;161;94;11;2;13;0,27;0,09;1/11;25;180;130;21;38;24;112;18;2;3;25
1254;VCT 2025: EMEA Stage 2;All Stages;All Match Types;alexiiik;Natus Vincere;166;91;195;94;0,69;128;67;18;14;17;0,23;0,2;2/10;24;112;119;30;24;29;112;18;2;3;25
1255;VCT 2025: EMEA Stage 2;All Stages;All Match Types;alexiiik;Natus Vincere;472;10;210;108;0,68;137;77;14;16;17;0,26;0,11;3/27;25;362;334;66;75;78;112;18;2;3;25
1256;VCT 2025: EMEA Stage 2;All Stages;All Match Types;Ruxic;Natus Vincere;245;119;232;123;0,74;151;86;33;12;8;0,29;0,16;6/38;31;211;171;81;30;19;80;18;2;3;25
1257;VCT 2025: EMEA Stage 2;All Stages;All Match Types;Ruxic;Natus Vincere;227;128;262;15;0,77;169;96;27;11;9;0,33;0,14;3/21;31;219;146;61;26;20;80;18;2;3;25
1258;VCT 2025: EMEA Stage 2;All Stages;All Match Types;Ruxic;Natus Vincere;472;123;246;136;0,75;159;91;3;12;8;0,31;0,15;9/59;31;430;317;142;56;39;80;18;2;3;25
1259;VCT 2025: EMEA Stage 2;All Stages;All Match Types;keiko;Team Liquid;120;112;221;118;0,81;133;78;5;5;5;0,34;0,09;1/11;24;93;79;60;6;6;58;13;2;3;25
1260;VCT 2025: EMEA Stage 2;All Stages;All Match Types;keiko;Team Liquid;23;104;200;94;0,83;146;7;13;13;0;0,51;0,25;1/4;16;16;17;3;3;0;58;13;2;3;25
1261;VCT 2025: EMEA Stage 2;All Stages;All Match Types;keiko;Team Liquid;157;114;204;117;0,75;131;73;36;1;8;0,32;0,27;3/11;26;115;98;57;15;12;58;13;2;3;25
1262;VCT 2025: EMEA Stage 2;All Stages;All Match Types;keiko;Team Liquid;194;135;267;161;0,75;173;102;11;15;13;0,29;0,29;5/17;26;198;123;21;29;26;58;13;2;3;25
1263;VCT 2025: EMEA Stage 2;All Stages;All Match Types;keiko;Team Liquid;494;121;233;133;0,77;149;85;29;11;9;0,32;0,23;10/43;26;422;317;141;53;44;58;13;2;3;25
1264;VCT 2025: EMEA Stage 2;All Stages;All Match Types;nAts;Team Liquid;195;106;209;11;0,79;137;74;26;9;5;0,22;0,09;2/23;23;144;131;50;18;10;64;13;2;3;25
1265;VCT 2025: EMEA Stage 2;All Stages;All Match Types;nAts;Team Liquid;211;12;253;12;0,74;168;87;36;1;8;0,29;0,13;3/24;30;184;153;75;22;16;64;13;2;3;25
1266;VCT 2025: EMEA Stage 2;All Stages;All Match Types;nAts;Team Liquid;88;122;232;136;0,81;149;82;41;9;6;0,25;0,25;2/8;20;72;53;36;8;5;64;13;2;3;25
1267;VCT 2025: EMEA Stage 2;All Stages;All Match Types;nAts;Team Liquid;494;115;231;119;0,77;152;81;33;1;6;0,25;0,13;7/55;30;400;337;161;48;31;64;13;2;3;25
1268;VCT 2025: EMEA Stage 2;All Stages;All Match Types;paTiTek;Team Liquid;67;82;183;88;0,7;121;64;16;3;1;0,24;0,2;2/10;16;43;49;11;2;7;59;13;2;3;25
1269;VCT 2025: EMEA Stage 2;All Stages;All Match Types;paTiTek;Team Liquid;89;127;230;141;0,8;146;85;47;12;1;0,22;0,43;3/7;25;76;54;42;11;9;59;13;2;3;25
1270;VCT 2025: EMEA Stage 2;All Stages;All Match Types;paTiTek;Team Liquid;194;101;177;97;0,77;117;64;46;1;9;0,25;0,14;3/22;21;124;128;89;20;17;59;13;2;3;25
1271;VCT 2025: EMEA Stage 2;All Stages;All Match Types;paTiTek;Team Liquid;120;104;179;107;0,83;118;65;33;9;9;0,28;0,26;5/19;22;78;73;39;11;11;59;13;2;3;25
1272;VCT 2025: EMEA Stage 2;All Stages;All Match Types;paTiTek;Team Liquid;494;102;186;104;0,77;122;68;37;9;9;0,25;0,21;13/62;25;334;322;185;46;46;59;13;2;3;25
1273;VCT 2025: EMEA Stage 2;All Stages;All Match Types;trexx;Team Liquid;262;114;210;11;0,77;132;71;52;5;5;0,2;0,15;6/40;26;187;170;137;14;14;63;13;2;3;25
1274;VCT 2025: EMEA Stage 2;All Stages;All Match Types;trexx;Team Liquid;120;96;181;99;0,73;120;65;35;11;8;0,22;0,18;2/11;21;78;79;42;13;9;63;13;2;3;25
1275;VCT 2025: EMEA Stage 2;All Stages;All Match Types;trexx;Team Liquid;23;64;137;47;0,52;94;39;3;0;9;0,14;0,25;1/4;9;9;19;7;0;2;63;13;2;3;25
1276;VCT 2025: EMEA Stage 2;All Stages;All Match Types;trexx;Team Liquid;89;122;229;134;0,73;146;75;33;6;4;0,2;0,31;4/13;20;67;50;29;5;4;63;13;2;3;25
1277;VCT 2025: EMEA Stage 2;All Stages;All Match Types;trexx;Team Liquid;494;109;204;107;0,74;130;69;44;6;6;0,2;0,19;13/68;26;341;318;215;32;29;63;13;2;3;25
1278;VCT 2025: EMEA Stage 2;All Stages;All Match Types;kamo;Team Liquid;120;96;212;101;0,72;143;73;13;18;16;0,24;0,33;2/6;24;88;87;16;22;19;65;13;2;3;25
1279;VCT 2025: EMEA Stage 2;All Stages;All Match Types;kamo;Team Liquid;262;97;205;10;0,73;136;71;3;15;15;0,28;0,18;2/11;23;185;185;79;40;40;65;13;2;3;25
1280;VCT 2025: EMEA Stage 2;All Stages;All Match Types;kamo;Team Liquid;494;98;212;103;0,72;138;73;23;17;17;0,26;0,18;4/22;24;360;351;114;82;83;65;13;2;3;25
1281;VCT 2025: EMEA Stage 2;All Stages;All Match Types;Boo;Team Heretics;38;103;159;11;0,84;104;58;45;5;0;0,25;0,5;3/6;14;22;20;17;2;0;1;1;2;3;25
1282;VCT 2025: EMEA Stage 2;All Stages;All Match Types;Boo;Team Heretics;243;9;148;8;0,71;95;5;48;6;8;0,31;0,17;6/35;16;121;151;116;15;20;1;1;2;3;25
1283;VCT 2025: EMEA Stage 2;All Stages;All Match Types;Boo;Team Heretics;53;76;171;69;0,66;116;58;21;9;2;0,27;0,08;1/12;16;31;45;11;5;1;1;1;2;3;25
1284;VCT 2025: EMEA Stage 2;All Stages;All Match Types;Boo;Team Heretics;334;89;154;81;0,72;99;52;43;7;6;0,3;0,19;10/53;16;174;216;144;22;21;1;1;2;3;25
1285;VCT 2025: EMEA Stage 2;All Stages;All Match Types;benjyfishy;Team Heretics;193;104;196;111;0,7;124;72;27;8;7;0,37;0,13;3/24;24;138;124;53;16;14;4;1;2;3;25
1286;VCT 2025: EMEA Stage 2;All Stages;All Match Types;benjyfishy;Team Heretics;53;75;188;74;0,62;125;7;11;9;11;0,32;0,08;1/12;18;37;50;6;5;6;4;1;2;3;25
1287;VCT 2025: EMEA Stage 2;All Stages;All Match Types;benjyfishy;Team Heretics;24;119;216;113;0,75;155;71;5;13;4;0,44;0,2;1/5;17;17;15;12;3;1;4;1;2;3;25
1288;VCT 2025: EMEA Stage 2;All Stages;All Match Types;benjyfishy;Team Heretics;334;99;199;102;0,68;128;71;25;8;8;0,37;0,11;5/46;24;237;232;83;28;26;4;1;2;3;25
1289;VCT 2025: EMEA Stage 2;All Stages;All Match Types;Wo0t;Team Heretics;38;133;250;148;0,84;160;89;47;21;8;0,27;0,5;2/4;18;34;23;18;8;3;3;1;2;3;25
1290;VCT 2025: EMEA Stage 2;All Stages;All Match Types;Wo0t;Team Heretics;101;102;215;113;0,73;139;77;25;15;12;0,4;0,29;2/7;19;78;69;25;15;12;3;1;2;3;25
1291;VCT 2025: EMEA Stage 2;All Stages;All Match Types;Wo0t;Team Heretics;127;109;224;112;0,74;152;8;2;14;13;0,38;0,3;3/10;25;101;90;25;18;16;3;1;2;3;25
1292;VCT 2025: EMEA Stage 2;All Stages;All Match Types;Wo0t;Team Heretics;42;125;218;128;0,81;137;88;48;1;5;0,41;0,17;1/6;28;37;29;20;4;2;3;1;2;3;25
1293;VCT 2025: EMEA Stage 2;All Stages;All Match Types;Wo0t;Team Heretics;334;112;227;118;0,74;149;82;28;15;11;0,38;0,3;8/27;28;274;233;92;51;37;3;1;2;3;25
1294;VCT 2025: EMEA Stage 2;All Stages;All Match Types;RieNs;Team Heretics;26;113;214;9;0,62;149;69;38;8;4;0,37;0,33;1/3;18;18;20;10;2;1;2;1;2;3;25
1295;VCT 2025: EMEA Stage 2;All Stages;All Match Types;RieNs;Team Heretics;270;115;232;118;0,76;160;82;29;7;3;0,36;0,26;9/35;24;222;188;79;20;7;2;1;2;3;25
1296;VCT 2025: EMEA Stage 2;All Stages;All Match Types;RieNs;Team Heretics;334;115;227;115;0,75;156;8;31;7;3;0,35;0,24;10/41;24;267;232;105;22;10;2;1;2;3;25
1297;VCT 2025: EMEA Stage 2;All Stages;All Match Types;MiniBoo;Team Heretics;24;102;231;94;0,79;156;71;29;21;13;0,32;0,5;1/2;17;17;18;7;5;3;5;1;2;3;25
1298;VCT 2025: EMEA Stage 2;All Stages;All Match Types;MiniBoo;Team Heretics;254;10;229;106;0,7;148;81;18;2;14;0,31;0,16;3/19;27;207;195;46;52;36;5;1;2;3;25
1299;VCT 2025: EMEA Stage 2;All Stages;All Match Types;MiniBoo;Team Heretics;334;10;224;106;0,71;146;8;19;2;15;0,31;0,17;4/23;27;266;251;63;66;51;5;1;2;3;25
1300;VCT 2025: EMEA Stage 2;All Stages;All Match Types;AvovA;Apeks;235;87;149;77;0,68;100;54;33;5;5;0,29;0,18;7/38;16;127;165;77;12;12;102;24;2;3;25
1301;VCT 2025: EMEA Stage 2;All Stages;All Match Types;AvovA;Apeks;290;83;147;73;0,66;98;53;34;5;6;0,31;0,16;7/45;16;153;211;98;15;18;102;24;2;3;25
1302;VCT 2025: EMEA Stage 2;All Stages;All Match Types;OLIZERA;Apeks;131;102;206;106;0,73;131;76;21;13;1;0,27;0,14;4/28;23;99;93;27;17;13;110;24;2;3;25
1303;VCT 2025: EMEA Stage 2;All Stages;All Match Types;OLIZERA;Apeks;61;95;199;91;0,67;126;66;28;7;11;0,3;0,25;1/4;18;40;44;17;4;7;110;24;2;3;25
1304;VCT 2025: EMEA Stage 2;All Stages;All Match Types;OLIZERA;Apeks;290;92;194;93;0,69;127;69;21;1;9;0,28;0,11;5/47;23;199;215;60;29;26;110;24;2;3;25
1305;VCT 2025: EMEA Stage 2;All Stages;All Match Types;MOLSI;Apeks;59;84;160;7;0,66;107;54;59;5;5;0,27;0,11;1/9;17;32;46;35;3;3;101;24;2;3;25
1306;VCT 2025: EMEA Stage 2;All Stages;All Match Types;MOLSI;Apeks;144;107;216;96;0,72;151;69;29;7;3;0,28;0,04;1/28;19;99;103;42;10;5;101;24;2;3;25
1307;VCT 2025: EMEA Stage 2;All Stages;All Match Types;MOLSI;Apeks;290;93;187;82;0,7;128;61;37;6;6;0,27;0,04;2/45;19;177;215;106;17;16;101;24;2;3;25
1308;VCT 2025: EMEA Stage 2;All Stages;All Match Types;penny;Apeks;88;117;226;128;0,75;150;84;16;17;11;0,25;0,33;2/6;24;74;58;14;15;10;103;24;2;3;25
1309;VCT 2025: EMEA Stage 2;All Stages;All Match Types;penny;Apeks;83;98;198;95;0,64;134;71;24;13;25;0,17;0,25;2/8;22;59;62;20;11;21;103;24;2;3;25
1310;VCT 2025: EMEA Stage 2;All Stages;All Match Types;penny;Apeks;290;99;201;102;0,68;134;73;18;16;19;0,21;0,17;4/23;24;211;207;53;47;55;103;24;2;3;25
1311;VCT 2025: Americas Stage 2;Playoffs;Upper Round 1;BABYBAY;G2 Esports;17;154;281;178;0,94;199;94;41;24;6;0,2;1;1/1;16;16;9;7;4;1;113;3;3;1;26
1312;VCT 2025: Americas Stage 2;Playoffs;Upper Round 1;BABYBAY;G2 Esports;35;14;260;155;0,91;178;89;4;26;3;0,22;0,33;1/3;16;31;20;14;9;1;113;3;3;1;26
1313;VCT 2025: Americas Stage 2;Playoffs;Upper Round 1;jawgemo;G2 Esports;18;173;345;278;0,89;196;139;22;6;6;0,17;0,5;1/2;25;25;9;4;1;1;10;3;3;1;26
1314;VCT 2025: Americas Stage 2;Playoffs;Upper Round 1;jawgemo;G2 Esports;35;163;323;215;0,89;191;123;23;23;3;0,23;0,5;1/2;25;43;20;8;8;1;10;3;3;1;26
1315;VCT 2025: Americas Stage 2;Playoffs;Upper Round 1;tex;LEVIATÃN;23;66;137;71;0,57;94;52;9;9;17;0,14;0,25;1/4;12;12;17;2;2;4;114;25;3;1;26
1316;VCT 2025: Americas Stage 2;Playoffs;Upper Round 1;tex;LEVIATÃN;70;67;123;65;0,67;83;44;16;6;7;0,24;0,1;1/10;12;31;48;11;4;5;114;25;3;1;26
1317;VCT 2025: Americas Stage 2;Playoffs;Upper Round 1;C0M;LEVIATÃN;47;53;126;59;0,72;85;43;21;11;2;0,26;0,14;1/7;11;20;34;10;5;1;115;25;3;1;26
1318;VCT 2025: Americas Stage 2;Playoffs;Upper Round 1;C0M;LEVIATÃN;70;68;141;84;0,76;94;53;17;9;4;0,27;0,1;1/10;17;37;44;12;6;3;115;25;3;1;26
1319;VCT 2025: Americas Stage 2;Playoffs;Upper Round 1;Okeanos;LEVIATÃN;23;123;239;143;0,87;169;87;13;17;4;0,31;0,5;1/2;20;20;14;3;4;1;116;25;3;1;26
1320;VCT 2025: Americas Stage 2;Playoffs;Upper Round 1;Okeanos;LEVIATÃN;47;136;282;135;0,74;190;98;4;9;9;0,29;0,25;2/8;30;46;34;19;4;4;116;25;3;1;26
1321;VCT 2025: Americas Stage 2;Playoffs;Upper Round 1;Okeanos;LEVIATÃN;70;132;268;138;0,79;183;94;31;11;7;0,3;0,3;3/10;30;66;48;22;8;5;116;25;3;1;26
1322;VCT 2025: Americas Stage 2;Playoffs;Upper Round 1;Kess;100 Thieves;35;55;130;53;0,54;79;46;9;6;11;0,29;0,14;1/7;11;16;30;3;2;4;117;26;3;1;26
1323;VCT 2025: Americas Stage 2;Playoffs;Upper Round 1;zander;100 Thieves;35;61;146;55;0,66;95;49;46;0;11;0,21;0,13;1/8;9;17;31;16;0;4;118;26;3;1;26
1324;VCT 2025: Americas Stage 2;Playoffs;Upper Round 1;Xeppaa;Cloud9;47;101;220;109;0,81;149;79;28;13;2;0,22;0,4;2/5;20;37;34;13;6;1;119;27;3;1;26
1325;VCT 2025: Americas Stage 2;Playoffs;Upper Round 1;Xeppaa;Cloud9;70;87;203;98;0,76;136;71;23;9;4;0,26;0,25;2/8;20;50;51;16;6;3;119;27;3;1;26
1326;VCT 2025: Americas Stage 2;Playoffs;Upper Round 1;v1c;Cloud9;70;97;174;9;0,8;119;61;31;7;6;0,33;0,57;4/7;18;43;48;22;5;4;120;27;3;1;26
1327;VCT 2025: Americas Stage 2;Playoffs;Upper Round 1;neT;Cloud9;70;111;214;108;0,76;135;76;21;9;6;0,38;0,25;3/12;18;53;49;15;6;4;121;27;3;1;26
1328;VCT 2025: Americas Stage 2;Playoffs;Upper Semifinals;s0m;Mega Minors;20;138;259;146;0,65;163;95;25;2;15;0,37;0,25;1/4;19;19;13;5;4;3;28;8;3;1;2
1329;VCT 2025: Americas Stage 2;Playoffs;Upper Semifinals;s0m;Mega Minors;67;137;258;143;0,73;162;94;27;18;15;0,38;0,1;1/10;22;63;44;18;12;10;28;8;3;1;2
1330;VCT 2025: Americas Stage 2;Playoffs;Upper Semifinals;skuba;Mega Minors;43;101;208;10;0,74;129;72;35;12;9;0,19;0,14;1/7;19;31;31;15;5;4;24;8;3;1;2
1331;VCT 2025: Americas Stage 2;Playoffs;Upper Semifinals;skuba;Mega Minors;67;85;181;85;0,73;114;61;34;7;12;0,2;0,13;1/8;19;41;48;23;5;8;24;8;3;1;2
1332;VCT 2025: Americas Stage 2;Playoffs;Upper Semifinals;BABYBAY;G2 Esports;24;123;262;128;0,83;161;96;21;21;13;0,23;0,2;1/5;23;23;18;5;5;3;113;3;3;1;2
1333;VCT 2025: Americas Stage 2;Playoffs;Upper Semifinals;BABYBAY;G2 Esports;67;116;208;128;0,81;132;76;18;13;7;0,23;0,09;1/11;23;51;40;12;9;5;113;3;3;1;2
1334;VCT 2025: Americas Stage 2;Playoffs;Upper Semifinals;JonahP;G2 Esports;20;138;253;158;0,75;168;95;3;0;15;0,29;1;2/2;19;19;12;6;0;3;36;3;3;1;2
1335;VCT 2025: Americas Stage 2;Playoffs;Upper Semifinals;JonahP;G2 Esports;47;116;178;111;0,72;110;66;43;11;4;0,34;0,11;1/9;19;31;28;20;5;2;36;3;3;1;2
1336;VCT 2025: Americas Stage 2;Playoffs;Upper Semifinals;JonahP;G2 Esports;67;122;203;125;0,73;128;75;39;7;7;0,32;0,27;3/11;19;50;40;26;5;5;36;3;3;1;2
1337;VCT 2025: Americas Stage 2;Playoffs;Upper Semifinals;N4RRATE;Sentinels;46;116;208;124;0,76;128;78;3;13;4;0,22;0,33;1/3;21;36;29;14;6;2;41;9;3;1;2
1338;VCT 2025: Americas Stage 2;Playoffs;Upper Semifinals;N4RRATE;Sentinels;68;103;179;11;0,71;111;68;26;1;4;0,23;0,2;1/5;21;46;42;18;7;3;41;9;3;1;2
1339;VCT 2025: Americas Stage 2;Playoffs;Upper Semifinals;Zellsis;Sentinels;46;12;226;124;0,87;146;78;48;7;11;0,19;0,14;1/7;18;36;29;22;3;5;122;9;3;1;2
1340;VCT 2025: Americas Stage 2;Playoffs;Upper Semifinals;Zellsis;Sentinels;68;118;228;12;0,82;148;78;38;9;9;0,21;0,09;1/11;18;53;44;26;6;6;122;9;3;1;2
1341;VCT 2025: Americas Stage 2;Playoffs;Upper Semifinals;bang;Sentinels;22;109;210;94;0,68;148;68;14;14;9;0,3;0,2;1/5;15;15;16;3;3;2;47;9;3;1;2
1342;VCT 2025: Americas Stage 2;Playoffs;Upper Semifinals;bang;Sentinels;68;81;159;66;0,76;102;49;47;7;12;0,28;0,17;1/6;15;33;50;32;5;8;47;9;3;1;2
1343;VCT 2025: Americas Stage 2;Playoffs;Upper Semifinals;johnqt;Sentinels;46;129;214;127;0,85;146;72;43;9;0;0,33;0,25;2/8;18;33;26;20;4;0;48;9;3;1;2
1344;VCT 2025: Americas Stage 2;Playoffs;Upper Semifinals;johnqt;Sentinels;68;111;188;102;0,81;127;62;41;7;1;0,32;0,18;2/11;18;42;41;28;5;1;48;9;3;1;2
1345;VCT 2025: Americas Stage 2;Playoffs;Upper Semifinals;mitch;Cloud9;23;49;122;42;0,7;83;35;35;9;17;0,04;0,25;1/4;8;8;19;8;2;4;123;27;3;1;2
1346;VCT 2025: Americas Stage 2;Playoffs;Upper Semifinals;mitch;Cloud9;23;121;219;129;0,78;134;78;39;4;4;0,21;1;2/2;18;18;14;9;1;1;123;27;3;1;2
1347;VCT 2025: Americas Stage 2;Playoffs;Upper Semifinals;mitch;Cloud9;22;133;230;164;0,77;151;82;18;5;0;0,27;0,33;1/3;18;18;11;4;1;0;123;27;3;1;2
1348;VCT 2025: Americas Stage 2;Playoffs;Upper Semifinals;mitch;Cloud9;68;10;190;10;0,75;122;65;31;6;7;0,17;0,44;4/9;18;44;44;21;4;5;123;27;3;1;2
1349;VCT 2025: Americas Stage 2;Playoffs;Upper Semifinals;Xeppaa;Cloud9;22;123;223;15;0,68;159;82;9;5;9;0,37;0,33;1/3;18;18;12;2;1;2;119;27;3;1;2
1350;VCT 2025: Americas Stage 2;Playoffs;Upper Semifinals;Xeppaa;Cloud9;46;95;186;88;0,78;124;61;41;7;7;0,16;0,2;1/5;16;28;32;19;3;3;119;27;3;1;2
1351;VCT 2025: Americas Stage 2;Playoffs;Upper Semifinals;Xeppaa;Cloud9;68;104;198;105;0,75;136;68;31;6;7;0,22;0,25;2/8;18;46;44;21;4;5;119;27;3;1;2
1352;VCT 2025: Americas Stage 2;Playoffs;Upper Semifinals;neT;Cloud9;68;97;165;105;0,78;103;63;35;1;12;0,24;0,33;2/6;16;43;41;24;7;8;121;27;3;1;2
1353;VCT 2025: Americas Stage 2;Playoffs;Upper Final;N4RRATE;Sentinels;22;97;230;89;0,77;146;73;45;23;14;0,14;1;1/1;16;16;18;10;5;3;41;9;3;1;3
1354;VCT 2025: Americas Stage 2;Playoffs;Upper Final;N4RRATE;Sentinels;43;89;216;88;0,72;131;7;3;26;19;0,19;1;1/1;16;30;34;13;11;8;41;9;3;1;3
1355;VCT 2025: Americas Stage 2;Playoffs;Upper Final;bang;Sentinels;22;111;185;107;0,68;122;68;27;5;0;0,39;0,33;1/3;15;15;14;6;1;0;47;9;3;1;3
1356;VCT 2025: Americas Stage 2;Playoffs;Upper Final;bang;Sentinels;21;117;230;121;0,76;141;81;19;1;0;0,4;0,5;1/2;17;17;14;4;2;0;47;9;3;1;3
1357;VCT 2025: Americas Stage 2;Playoffs;Upper Final;bang;Sentinels;43;114;208;114;0,72;131;74;23;7;0;0,4;0,4;2/5;17;32;28;10;3;0;47;9;3;1;3
1358;VCT 2025: Americas Stage 2;Playoffs;Upper Final;valyn;G2 Esports;21;121;195;136;0,86;131;71;33;5;1;0,3;0,33;1/3;15;15;11;7;1;2;35;3;3;1;3
1359;VCT 2025: Americas Stage 2;Playoffs;Upper Final;valyn;G2 Esports;43;94;178;97;0,79;114;65;35;7;12;0,31;0,33;1/3;15;28;29;15;3;5;35;3;3;1;3
1360;VCT 2025: Americas Stage 2;Playoffs;Upper Final;leaf;G2 Esports;22;13;239;127;0,73;159;86;14;5;9;0,19;0,33;2/6;19;19;15;3;1;2;8;3;3;1;3
1361;VCT 2025: Americas Stage 2;Playoffs;Upper Final;leaf;G2 Esports;43;123;241;121;0,74;161;81;26;9;9;0,25;0,33;2/6;19;35;29;11;4;4;8;3;3;1;3
1362;VCT 2025: Americas Stage 2;Playoffs;Upper Final;JonahP;G2 Esports;22;101;195;107;0,68;126;73;18;5;9;0,22;0,75;3/4;16;16;15;4;1;2;36;3;3;1;3
1363;VCT 2025: Americas Stage 2;Playoffs;Upper Final;JonahP;G2 Esports;43;109;190;125;0,74;117;7;33;5;7;0,24;0,43;3/7;16;30;24;14;2;3;36;3;3;1;3
1364;VCT 2025: Americas Stage 2;Playoffs;Upper Final;trent;G2 Esports;22;117;222;10;0,82;150;68;73;0;0;0,35;0,25;1/4;15;15;15;16;0;0;9;3;3;1;3
1365;VCT 2025: Americas Stage 2;Playoffs;Upper Final;trent;G2 Esports;43;98;183;9;0,72;124;6;51;5;7;0,3;0,17;1/6;15;26;29;22;2;3;9;3;3;1;3
1366;VCT 2025: Americas Stage 2;Playoffs;Grand Final;leaf;G2 Esports;21;91;165;108;0,67;113;62;14;14;14;0,23;1;1/1;13;13;12;3;3;3;8;3;3;1;4
1367;VCT 2025: Americas Stage 2;Playoffs;Grand Final;leaf;G2 Esports;68;96;192;104;0,6;126;71;16;18;12;0,28;0,14;1/7;20;48;46;11;12;8;8;3;3;1;4
1368;VCT 2025: Americas Stage 2;Playoffs;Grand Final;trent;G2 Esports;23;132;213;138;0,65;150;78;17;4;9;0,33;0,4;2/5;18;18;13;4;1;2;9;3;3;1;4
1369;VCT 2025: Americas Stage 2;Playoffs;Grand Final;trent;G2 Esports;68;104;189;114;0,65;129;72;16;7;9;0,31;0,25;2/8;18;49;43;11;5;6;9;3;3;1;4
1370;VCT 2025: Americas Stage 2;Playoffs;Grand Final;jawgemo;G2 Esports;68;96;197;98;0,69;123;69;12;12;1;0,18;0,14;1/7;18;47;48;8;8;7;10;3;3;1;4
1371;VCT 2025: Americas Stage 2;Playoffs;Grand Final;brawk;Mega Minors;23;131;233;154;0,74;160;87;22;13;4;0,2;0,5;2/4;20;20;13;5;3;1;30;8;3;1;4
1372;VCT 2025: Americas Stage 2;Playoffs;Grand Final;brawk;Mega Minors;68;97;187;10;0,71;126;66;26;7;6;0,2;0,17;2/12;20;45;45;18;5;4;30;8;3;1;4
1373;VCT 2025: Americas Stage 2;Playoffs;Grand Final;skuba;Mega Minors;45;114;202;135;0,71;124;78;27;9;11;0,26;0,14;1/7;18;35;26;12;4;5;24;8;3;1;4
1374;VCT 2025: Americas Stage 2;Playoffs;Grand Final;skuba;Mega Minors;68;109;187;123;0,71;116;72;29;7;1;0,29;0,08;1/12;18;49;40;20;5;7;24;8;3;1;4
1375;VCT 2025: Americas Stage 2;Playoffs;Lower Round 1;Cryocells;100 Thieves;26;136;263;141;0,81;167;92;19;31;4;0,38;0,25;1/4;24;24;17;5;8;1;124;26;3;1;5
1376;VCT 2025: Americas Stage 2;Playoffs;Lower Round 1;Cryocells;100 Thieves;43;134;240;156;0,84;151;91;21;26;7;0,3;0,2;1/5;24;39;25;9;11;3;124;26;3;1;5
1377;VCT 2025: Americas Stage 2;Playoffs;Lower Round 1;eeiu;100 Thieves;17;111;149;143;0,71;90;59;65;12;12;0,26;0,5;1/2;10;10;7;11;2;2;125;26;3;1;5
1378;VCT 2025: Americas Stage 2;Playoffs;Lower Round 1;eeiu;100 Thieves;43;127;208;157;0,77;133;84;4;9;9;0,26;0,17;1/6;26;36;23;17;4;4;125;26;3;1;5
1379;VCT 2025: Americas Stage 2;Playoffs;Lower Round 1;zander;100 Thieves;26;135;243;144;0,88;156;88;62;19;4;0,33;0,33;1/3;23;23;16;16;5;1;118;26;3;1;5
1380;VCT 2025: Americas Stage 2;Playoffs;Lower Round 1;zander;100 Thieves;43;119;210;127;0,84;144;77;47;16;2;0,34;0,33;1/3;23;33;26;20;7;1;118;26;3;1;5
1381;VCT 2025: Americas Stage 2;Playoffs;Lower Round 1;Asuna;100 Thieves;17;192;304;40;0,94;201;118;24;18;0;0,11;1;2/2;20;20;5;4;3;0;126;26;3;1;5
1382;VCT 2025: Americas Stage 2;Playoffs;Lower Round 1;Asuna;100 Thieves;43;117;222;129;0,79;138;72;3;12;7;0,16;1;2/2;20;31;24;13;5;3;126;26;3;1;5
1383;VCT 2025: Americas Stage 2;Playoffs;Lower Round 1;supamen;Evil Geniuses;43;66;140;56;0,56;104;44;21;2;9;0,31;0,14;1/7;15;19;34;9;1;4;127;28;3;1;5
1384;VCT 2025: Americas Stage 2;Playoffs;Lower Round 1;C0M;LEVIATÃN;26;134;224;143;0,69;150;77;23;8;0;0,24;0,33;1/3;20;20;14;6;2;0;115;25;3;1;5
1385;VCT 2025: Americas Stage 2;Playoffs;Lower Round 1;C0M;LEVIATÃN;66;113;196;115;0,71;128;68;27;5;6;0,23;0,14;1/7;20;45;39;18;3;4;115;25;3;1;5
1386;VCT 2025: Americas Stage 2;Playoffs;Lower Round 1;kiNgg;LEVIATÃN;40;125;220;152;0,78;130;88;3;1;8;0,26;0,25;2/8;19;35;23;12;4;3;128;25;3;1;5
1387;VCT 2025: Americas Stage 2;Playoffs;Lower Round 1;kiNgg;LEVIATÃN;26;122;193;123;0,69;126;62;19;0;0;0,25;0,33;1/3;16;16;13;5;0;0;128;25;3;1;5
1388;VCT 2025: Americas Stage 2;Playoffs;Lower Round 1;kiNgg;LEVIATÃN;66;124;211;142;0,74;128;77;26;6;5;0,26;0,27;3/11;19;51;36;17;4;3;128;25;3;1;5
1389;VCT 2025: Americas Stage 2;Playoffs;Lower Round 1;Shyy;KRÃœ Esports;40;102;222;9;0,73;158;7;38;13;5;0,26;0,13;1/8;14;28;31;15;5;2;129;29;3;1;5
1390;VCT 2025: Americas Stage 2;Playoffs;Lower Round 1;Shyy;KRÃœ Esports;66;97;203;91;0,7;138;65;3;9;6;0,3;0,09;1/11;15;43;47;20;6;4;129;29;3;1;5
1391;VCT 2025: Americas Stage 2;Playoffs;Lower Round 1;Mazino;KRÃœ Esports;40;99;204;104;0,75;137;73;23;1;8;0,2;0,33;2/6;16;29;28;9;4;3;130;29;3;1;5
1392;VCT 2025: Americas Stage 2;Playoffs;Lower Round 1;Mazino;KRÃœ Esports;66;108;224;116;0,77;151;77;26;11;8;0,26;0,22;2/9;22;51;44;17;7;5;130;29;3;1;5
1393;VCT 2025: Americas Stage 2;Playoffs;Lower Round 1;Dantedeu5;KRÃœ Esports;47;88;186;94;0,64;117;66;19;17;13;0,36;0,25;1/4;20;31;33;9;8;6;131;29;3;1;5
1394;VCT 2025: Americas Stage 2;Playoffs;Lower Round 1;Dantedeu5;KRÃœ Esports;66;88;185;89;0,64;122;64;24;15;14;0,29;0,25;1/4;20;42;47;16;10;9;131;29;3;1;5
1395;VCT 2025: Americas Stage 2;Playoffs;Lower Round 2;C0M;LEVIATÃN;30;6;138;46;0,63;92;43;2;0;7;0,29;0,14;1/7;8;13;28;6;0;2;115;25;3;1;6
1396;VCT 2025: Americas Stage 2;Playoffs;Lower Round 2;kiNgg;LEVIATÃN;15;73;173;57;0,53;133;53;7;7;13;0,29;0,14;1/7;8;8;14;1;1;2;128;25;3;1;6
1397;VCT 2025: Americas Stage 2;Playoffs;Lower Round 2;kiNgg;LEVIATÃN;30;53;127;41;0,43;95;37;13;7;17;0,28;0,13;1/8;8;11;27;4;2;5;128;25;3;1;6
1398;VCT 2025: Americas Stage 2;Playoffs;Lower Round 2;Kess;100 Thieves;22;56;122;61;0,45;83;5;9;5;18;0,28;1;2/2;11;11;18;2;1;4;117;26;3;1;6
1399;VCT 2025: Americas Stage 2;Playoffs;Lower Round 2;Kess;100 Thieves;48;68;146;63;0,56;108;5;23;6;1;0,22;0,29;2/7;13;24;38;11;3;5;117;26;3;1;6
1400;VCT 2025: Americas Stage 2;Playoffs;Lower Round 2;zander;100 Thieves;26;79;201;9;0,58;133;73;8;8;19;0,33;1;1/1;19;19;21;2;2;5;118;26;3;1;6
1401;VCT 2025: Americas Stage 2;Playoffs;Lower Round 2;zander;100 Thieves;48;94;207;97;0,65;131;73;25;15;13;0,28;0,5;1/2;19;35;36;12;7;6;118;26;3;1;6
1402;VCT 2025: Americas Stage 2;Playoffs;Lower Round 2;Ethan;Mega Minors;15;175;255;28;0,93;159;93;73;13;7;0,13;1;2/2;14;14;5;11;2;1;31;8;3;1;6
1403;VCT 2025: Americas Stage 2;Playoffs;Lower Round 2;Ethan;Mega Minors;15;138;214;186;0,93;134;87;33;0;7;0,25;0,5;1/2;13;13;7;5;0;1;31;8;3;1;6
1404;VCT 2025: Americas Stage 2;Playoffs;Lower Round 2;Ethan;Mega Minors;30;156;234;225;0,93;146;9;53;7;7;0,17;0,75;3/4;14;27;12;16;2;2;31;8;3;1;6
1405;VCT 2025: Americas Stage 2;Playoffs;Lower Round 2;s0m;Mega Minors;15;128;234;188;0,8;132;10;7;13;7;0,15;1;1/1;15;15;8;1;2;1;28;8;3;1;6
1406;VCT 2025: Americas Stage 2;Playoffs;Lower Round 2;s0m;Mega Minors;30;123;239;181;0,83;145;97;13;17;7;0,19;1;1/1;15;29;16;4;5;2;28;8;3;1;6
1407;VCT 2025: Americas Stage 2;Playoffs;Lower Round 2;OXY;Cloud9;26;139;293;15;0,85;199;104;12;12;4;0,27;0,25;1/4;27;27;18;3;3;1;132;27;3;1;6
1408;VCT 2025: Americas Stage 2;Playoffs;Lower Round 2;OXY;Cloud9;48;13;261;144;0,83;164;96;8;17;1;0,27;0,17;1/6;27;46;32;4;8;5;132;27;3;1;6
1409;VCT 2025: Americas Stage 2;Playoffs;Lower Round 2;Xeppaa;Cloud9;48;84;192;78;0,71;138;6;23;6;8;0,2;0,33;2/6;18;29;37;11;3;4;119;27;3;1;6
1410;VCT 2025: Americas Stage 2;Playoffs;Lower Round 2;mitch;Cloud9;26;82;155;78;0,73;112;54;23;0;12;0,33;0,5;1/2;14;14;18;6;0;3;123;27;3;1;6
1411;VCT 2025: Americas Stage 2;Playoffs;Lower Round 2;mitch;Cloud9;48;95;190;94;0,77;128;65;33;2;6;0,22;0,33;1/3;17;31;33;16;1;3;123;27;3;1;6
1412;VCT 2025: Americas Stage 2;Playoffs;Lower Round 2;neT;Cloud9;48;86;180;81;0,77;122;6;31;8;13;0,3;0,13;1/8;22;29;36;15;4;6;121;27;3;1;6
1413;VCT 2025: Americas Stage 2;Playoffs;Lower Round 3;Ethan;Mega Minors;23;132;270;144;0,87;151;10;35;17;9;0,21;1;1/1;23;23;16;8;4;2;31;8;3;1;7
1414;VCT 2025: Americas Stage 2;Playoffs;Lower Round 3;Ethan;Mega Minors;61;113;242;116;0,85;142;85;38;2;8;0,21;0,2;1/5;23;52;45;23;12;5;31;8;3;1;7
1415;VCT 2025: Americas Stage 2;Playoffs;Lower Round 3;skuba;Mega Minors;38;85;144;79;0,76;102;5;45;11;8;0,23;0,25;1/4;11;19;24;17;4;3;24;8;3;1;7
1416;VCT 2025: Americas Stage 2;Playoffs;Lower Round 3;skuba;Mega Minors;61;94;163;9;0,75;115;59;28;8;7;0,29;0,13;1/8;17;36;40;17;5;4;24;8;3;1;7
1417;VCT 2025: Americas Stage 2;Playoffs;Lower Round 3;s0m;Mega Minors;38;123;174;126;0,79;121;63;74;8;0;0,2;0,5;2/4;17;24;19;28;3;0;28;8;3;1;7
1418;VCT 2025: Americas Stage 2;Playoffs;Lower Round 3;s0m;Mega Minors;23;126;241;119;0,65;176;83;43;4;9;0,34;0,33;1/3;19;19;16;10;1;2;28;8;3;1;7
1419;VCT 2025: Americas Stage 2;Playoffs;Lower Round 3;s0m;Mega Minors;61;124;196;123;0,74;142;7;62;7;3;0,25;0,43;3/7;19;43;35;38;4;2;28;8;3;1;7
1420;VCT 2025: Americas Stage 2;Playoffs;Lower Round 3;brawk;Mega Minors;38;123;254;129;0,74;157;82;29;13;5;0,2;0,33;1/3;18;31;24;11;5;2;30;8;3;1;7
1421;VCT 2025: Americas Stage 2;Playoffs;Lower Round 3;brawk;Mega Minors;61;129;250;144;0,77;156;85;34;1;5;0,18;0,13;1/8;21;52;36;21;6;3;30;8;3;1;7
1422;VCT 2025: Americas Stage 2;Playoffs;Lower Round 3;OXY;Cloud9;23;107;254;116;0,7;162;96;17;17;13;0,32;0,67;2/3;22;22;19;4;4;3;132;27;3;1;7
1423;VCT 2025: Americas Stage 2;Playoffs;Lower Round 3;OXY;Cloud9;61;99;214;106;0,64;136;85;16;15;2;0,24;0,4;2/5;24;52;49;10;9;12;132;27;3;1;7
1424;VCT 2025: Americas Stage 2;Playoffs;Lower Round 3;v1c;Cloud9;61;111;222;109;0,77;147;8;41;11;8;0,32;0,09;1/11;22;49;45;25;7;5;120;27;3;1;7
1425;VCT 2025: Americas Stage 2;Playoffs;Lower Round 3;neT;Cloud9;61;64;149;66;0,66;103;51;2;7;16;0,4;0,29;2/7;18;31;47;12;4;10;121;27;3;1;7
1426;VCT 2025: Americas Stage 2;Playoffs;Lower Round 3;Xeppaa;Cloud9;61;9;195;86;0,69;131;7;33;5;7;0,25;0,15;2/13;21;43;50;20;3;4;119;27;3;1;7
1427;VCT 2025: Americas Stage 2;Playoffs;Lower Final;skuba;Mega Minors;23;92;164;93;0,65;105;61;26;0;0;0,29;0,29;2/7;14;14;15;6;0;0;24;8;3;1;8
1428;VCT 2025: Americas Stage 2;Playoffs;Lower Final;skuba;Mega Minors;62;114;203;129;0,77;134;73;39;8;8;0,32;0,22;2/9;17;45;35;24;5;5;24;8;3;1;8
1429;VCT 2025: Americas Stage 2;Playoffs;Lower Final;skuba;Mega Minors;85;108;194;118;0,74;126;69;35;6;6;0,31;0,25;4/16;17;59;50;30;5;5;24;8;3;1;8
1430;VCT 2025: Americas Stage 2;Playoffs;Lower Final;brawk;Mega Minors;68;137;282;137;0,78;187;93;26;12;0;0,25;0,17;2/12;25;63;46;18;8;0;30;8;3;1;8
1431;VCT 2025: Americas Stage 2;Playoffs;Lower Final;brawk;Mega Minors;17;181;287;317;0,94;160;112;29;6;0;0,16;1;1/1;19;19;6;5;1;0;30;8;3;1;8
1432;VCT 2025: Americas Stage 2;Playoffs;Lower Final;brawk;Mega Minors;85;146;283;158;0,81;182;96;27;11;0;0,22;0,23;3/13;25;82;52;23;9;0;30;8;3;1;8
1433;VCT 2025: Americas Stage 2;Playoffs;Lower Final;johnqt;Sentinels;38;124;228;143;0,79;132;87;32;3;8;0,32;0,13;1/8;17;33;23;12;1;3;48;9;3;1;8
1434;VCT 2025: Americas Stage 2;Playoffs;Lower Final;johnqt;Sentinels;85;103;192;109;0,76;111;69;44;2;8;0,26;0,07;1/15;18;59;54;37;2;7;48;9;3;1;8
1435;VCT 2025: Americas Stage 2;Playoffs;Lower Final;zekken;Sentinels;24;134;271;15;0,83;175;113;4;21;4;0,38;0,33;1/3;27;27;18;1;5;1;42;9;3;1;8
1436;VCT 2025: Americas Stage 2;Playoffs;Lower Final;zekken;Sentinels;85;97;215;101;0,71;143;81;12;22;19;0,25;0,17;1/6;27;69;68;10;19;16;42;9;3;1;8
1437;VCT 2025: Americas Stage 2;Group Stage;Week 1;xenom;MIBR;36;81;181;78;0,75;130;58;31;6;11;0,34;0,11;1/9;14;21;27;11;2;4;39;4;3;2;27
1438;VCT 2025: Americas Stage 2;Group Stage;Week 1;xenom;MIBR;58;91;169;84;0,78;118;53;43;7;9;0,31;0,1;1/10;14;31;37;25;4;5;39;4;3;2;27
1439;VCT 2025: Americas Stage 2;Group Stage;Week 1;cortezia;MIBR;22;112;200;106;0,59;135;77;9;9;5;0,42;0,25;1/4;17;17;16;2;2;1;53;4;3;2;27
1440;VCT 2025: Americas Stage 2;Group Stage;Week 1;cortezia;MIBR;58;93;165;9;0,6;118;64;14;3;3;0,44;0,14;1/7;17;37;41;8;2;2;53;4;3;2;27
1441;VCT 2025: Americas Stage 2;Group Stage;Week 1;Verno;MIBR;36;3;91;37;0,58;62;31;17;6;19;0,4;0,33;1/3;8;11;30;6;2;7;13;4;3;2;27
1442;VCT 2025: Americas Stage 2;Group Stage;Week 1;Verno;MIBR;58;63;116;58;0,64;82;4;19;7;12;0,24;0,2;1/5;12;23;40;11;4;7;13;4;3;2;27
1443;VCT 2025: Americas Stage 2;Group Stage;Week 1;artzin;MIBR;22;95;232;94;0,59;152;77;23;9;9;0,23;0,5;1/2;17;17;18;5;2;2;11;4;3;2;27
1444;VCT 2025: Americas Stage 2;Group Stage;Week 1;artzin;MIBR;58;71;172;74;0,57;126;6;22;7;21;0,18;0,5;1/2;17;35;47;13;4;12;11;4;3;2;27
1445;VCT 2025: Americas Stage 2;Group Stage;Week 1;gobera;2Game Esports;44;91;154;7;0,75;102;48;59;9;2;0,28;0,5;3/6;12;21;30;26;4;1;133;30;3;2;27
1446;VCT 2025: Americas Stage 2;Group Stage;Week 1;gobera;2Game Esports;66;68;125;53;0,65;85;38;45;6;6;0,21;0,43;3/7;12;25;47;30;4;4;133;30;3;2;27
1447;VCT 2025: Americas Stage 2;Group Stage;Week 1;silentzz;2Game Esports;44;88;158;87;0,64;106;59;14;5;9;0,43;0,17;1/6;13;26;30;6;2;4;134;30;3;2;27
1448;VCT 2025: Americas Stage 2;Group Stage;Week 1;silentzz;2Game Esports;66;115;209;127;0,68;134;79;11;14;8;0,37;0,11;1/9;26;52;41;7;9;5;134;30;3;2;27
1449;VCT 2025: Americas Stage 2;Group Stage;Week 1;spike;2Game Esports;44;138;295;159;0,66;190;105;11;2;11;0,26;1;2/2;27;46;29;5;9;5;135;30;3;2;27
1450;VCT 2025: Americas Stage 2;Group Stage;Week 1;spike;2Game Esports;66;126;259;136;0,68;162;91;27;15;11;0,24;0,67;2/3;27;60;44;18;10;7;135;30;3;2;27
1451;VCT 2025: Americas Stage 2;Group Stage;Week 1;lz;2Game Esports;66;113;209;107;0,73;129;68;53;18;12;0,42;0,17;1/6;18;45;42;35;12;8;136;30;3;2;27
1452;VCT 2025: Americas Stage 2;Group Stage;Week 1;mitch;Cloud9;35;127;190;16;0,91;128;69;43;3;9;0,2;0,2;1/5;18;24;15;15;1;3;123;27;3;2;27
1453;VCT 2025: Americas Stage 2;Group Stage;Week 1;neT;Cloud9;35;104;152;162;0,8;98;6;14;3;11;0,36;0,75;3/4;12;21;13;5;1;4;121;27;3;2;27
1454;VCT 2025: Americas Stage 2;Group Stage;Week 1;Kess;100 Thieves;23;138;223;12;0,78;140;78;43;13;4;0,24;0,2;1/5;18;18;15;10;3;1;117;26;3;2;27
1455;VCT 2025: Americas Stage 2;Group Stage;Week 1;Kess;100 Thieves;40;131;225;15;0,83;138;83;33;13;3;0,29;0,17;1/6;18;33;22;13;5;1;117;26;3;2;27
1456;VCT 2025: Americas Stage 2;Group Stage;Week 1;eeiu;100 Thieves;17;18;281;317;0,82;189;112;29;18;12;0,34;0,5;1/2;19;19;6;5;3;2;125;26;3;2;27
1457;VCT 2025: Americas Stage 2;Group Stage;Week 1;eeiu;100 Thieves;40;127;225;167;0,78;135;88;23;13;1;0,31;0,5;1/2;19;35;21;9;5;4;125;26;3;2;27
1458;VCT 2025: Americas Stage 2;Group Stage;Week 1;zander;100 Thieves;23;104;179;114;0,74;114;7;17;13;4;0,21;0,25;1/4;16;16;14;4;3;1;118;26;3;2;27
1459;VCT 2025: Americas Stage 2;Group Stage;Week 1;zander;100 Thieves;40;12;204;152;0,8;125;8;2;1;3;0,27;0,2;1/5;16;32;21;8;4;1;118;26;3;2;27
1460;VCT 2025: Americas Stage 2;Group Stage;Week 1;C0M;LEVIATÃN;23;74;123;71;0,65;85;43;35;9;22;0,37;0,33;1/3;10;10;14;8;2;5;115;25;3;2;27
1461;VCT 2025: Americas Stage 2;Group Stage;Week 1;C0M;LEVIATÃN;70;94;177;91;0,64;119;61;23;6;1;0,23;0,1;1/10;22;43;47;16;4;7;115;25;3;2;27
1462;VCT 2025: Americas Stage 2;Group Stage;Week 1;Sato;LEVIATÃN;47;85;192;86;0,57;124;66;15;15;28;0,37;0,5;1/2;17;31;36;7;7;13;137;25;3;2;27
1463;VCT 2025: Americas Stage 2;Group Stage;Week 1;Sato;LEVIATÃN;70;119;253;122;0,66;162;89;16;21;2;0,41;0,33;1/3;31;62;51;11;15;14;137;25;3;2;27
1464;VCT 2025: Americas Stage 2;Group Stage;Week 1;kiNgg;LEVIATÃN;47;121;196;112;0,81;133;62;32;0;2;0,31;0,17;1/6;21;29;26;15;0;1;128;25;3;2;27
1465;VCT 2025: Americas Stage 2;Group Stage;Week 1;kiNgg;LEVIATÃN;70;99;159;88;0,73;109;53;33;3;6;0,31;0,1;1/10;21;37;42;23;2;4;128;25;3;2;27
1466;VCT 2025: Americas Stage 2;Group Stage;Week 1;s0m;Mega Minors;23;102;205;94;0,87;134;65;74;9;13;0,19;0,5;1/2;15;15;16;17;2;3;28;8;3;2;27
1467;VCT 2025: Americas Stage 2;Group Stage;Week 1;s0m;Mega Minors;40;69;142;61;0,7;104;48;5;5;18;0,24;0,5;1/2;15;19;31;20;2;7;28;8;3;2;27
1468;VCT 2025: Americas Stage 2;Group Stage;Week 1;skuba;Mega Minors;40;10;164;92;0,63;117;6;23;0;0;0,16;0,15;2/13;16;24;26;9;0;0;24;8;3;2;27
1469;VCT 2025: Americas Stage 2;Group Stage;Week 1;tuyz;FURIA;17;72;104;46;0,47;74;35;47;0;12;0,55;0,33;1/3;6;6;13;8;0;2;138;31;3;2;27
1470;VCT 2025: Americas Stage 2;Group Stage;Week 1;tuyz;FURIA;18;58;97;46;0,72;63;33;33;11;11;0,5;0,33;1/3;6;6;13;6;2;2;138;31;3;2;27
1471;VCT 2025: Americas Stage 2;Group Stage;Week 1;tuyz;FURIA;35;65;100;46;0,6;68;34;4;6;11;0,52;0,33;2/6;6;12;26;14;2;4;138;31;3;2;27
1472;VCT 2025: Americas Stage 2;Group Stage;Week 1;adverso;FURIA;18;9;211;86;0,83;156;67;22;0;0;0,24;0,5;1/2;12;12;14;4;0;0;139;31;3;2;27
1473;VCT 2025: Americas Stage 2;Group Stage;Week 1;adverso;FURIA;35;76;176;69;0,6;119;57;2;6;14;0,24;0,33;1/3;12;20;29;7;2;5;139;31;3;2;27
1474;VCT 2025: Americas Stage 2;Group Stage;Week 1;pANcada;LOUD;23;66;107;6;0,61;68;39;3;4;13;0,26;0,5;1/2;9;9;15;7;1;3;140;32;3;2;27
1475;VCT 2025: Americas Stage 2;Group Stage;Week 1;pANcada;LOUD;24;154;319;175;0,79;205;117;21;13;0;0,45;0,25;1/4;28;28;16;5;3;0;140;32;3;2;27
1476;VCT 2025: Americas Stage 2;Group Stage;Week 1;pANcada;LOUD;70;95;186;10;0,71;122;67;26;6;7;0,39;0,2;2/10;28;47;47;18;4;5;140;32;3;2;27
1477;VCT 2025: Americas Stage 2;Group Stage;Week 1;RobbieBk;LOUD;23;86;128;92;0,74;88;52;17;0;0;0,33;0,2;1/5;12;12;13;4;0;0;141;32;3;2;27
1478;VCT 2025: Americas Stage 2;Group Stage;Week 1;RobbieBk;LOUD;70;83;148;8;0,69;104;53;17;4;3;0,3;0,13;1/8;13;37;46;12;3;2;141;32;3;2;27
1479;VCT 2025: Americas Stage 2;Group Stage;Week 1;Derrek;Evil Geniuses;42;123;214;115;0,6;152;74;31;2;5;0,31;0,11;1/9;18;31;27;13;1;2;142;28;3;2;27
1480;VCT 2025: Americas Stage 2;Group Stage;Week 1;Derrek;Evil Geniuses;66;136;259;145;0,67;184;92;26;6;6;0,31;0,08;1/13;30;61;42;17;4;4;142;28;3;2;27
1481;VCT 2025: Americas Stage 2;Group Stage;Week 1;icy;Evil Geniuses;24;127;224;154;0,71;129;83;13;17;8;0,2;0,5;1/2;20;20;13;3;4;2;143;28;3;2;27
1482;VCT 2025: Americas Stage 2;Group Stage;Week 1;icy;Evil Geniuses;66;10;174;105;0,67;111;64;15;8;5;0,29;0,17;1/6;20;42;40;10;5;3;143;28;3;2;27
1483;VCT 2025: Americas Stage 2;Group Stage;Week 1;supamen;Evil Geniuses;42;87;156;83;0,67;92;57;29;7;1;0,47;0,4;2/5;13;24;29;12;3;4;127;28;3;2;27
1484;VCT 2025: Americas Stage 2;Group Stage;Week 1;supamen;Evil Geniuses;66;9;150;83;0,67;94;52;27;9;11;0,34;0,29;2/7;13;34;41;18;6;7;127;28;3;2;27
1485;VCT 2025: Americas Stage 2;Group Stage;Week 1;JonahP;G2 Esports;26;88;177;8;0,69;103;62;38;4;8;0,19;0,17;1/6;16;16;20;10;1;2;36;3;3;2;27
1486;VCT 2025: Americas Stage 2;Group Stage;Week 1;JonahP;G2 Esports;21;78;130;6;0,76;93;43;24;1;14;0,3;0,33;1/3;9;9;15;5;2;3;36;3;3;2;27
1487;VCT 2025: Americas Stage 2;Group Stage;Week 1;JonahP;G2 Esports;19;126;200;156;0,84;128;74;21;5;0;0,25;0,33;1/3;14;14;9;4;1;0;36;3;3;2;27
1488;VCT 2025: Americas Stage 2;Group Stage;Week 1;JonahP;G2 Esports;66;96;169;89;0,76;107;59;29;6;8;0,24;0,25;3/12;16;39;44;19;4;5;36;3;3;2;27
1489;VCT 2025: Americas Stage 2;Group Stage;Week 1;trent;G2 Esports;40;152;296;15;0,78;197;98;3;1;5;0,32;0,17;1/6;21;39;26;12;4;2;9;3;3;2;27
1490;VCT 2025: Americas Stage 2;Group Stage;Week 1;trent;G2 Esports;26;73;105;63;0,62;66;38;27;4;4;0,1;0,5;1/2;10;10;16;7;1;1;9;3;3;2;27
1491;VCT 2025: Americas Stage 2;Group Stage;Week 1;trent;G2 Esports;66;121;232;117;0,71;146;74;29;8;5;0,26;0,25;2/8;21;49;42;19;5;3;9;3;3;2;27
1492;VCT 2025: Americas Stage 2;Group Stage;Week 1;Zellsis;Sentinels;47;108;192;114;0,7;131;7;17;9;4;0,26;0,25;2/8;18;33;29;8;4;2;122;9;3;2;27
1493;VCT 2025: Americas Stage 2;Group Stage;Week 1;Zellsis;Sentinels;66;98;187;10;0,67;124;68;14;8;6;0,26;0,15;2/13;18;45;45;9;5;4;122;9;3;2;27
1494;VCT 2025: Americas Stage 2;Group Stage;Week 1;N4RRATE;Sentinels;47;109;214;11;0,81;125;72;36;19;6;0,2;0,5;1/2;17;34;31;17;9;3;41;9;3;2;27
1495;VCT 2025: Americas Stage 2;Group Stage;Week 1;N4RRATE;Sentinels;66;107;219;102;0,8;130;73;35;18;6;0,22;0,25;1/4;17;48;47;23;12;4;41;9;3;2;27
1496;VCT 2025: Americas Stage 2;Group Stage;Week 1;zekken;Sentinels;21;132;282;147;0,76;166;105;14;33;14;0,27;0,5;1/2;22;22;15;3;7;3;42;9;3;2;27
1497;VCT 2025: Americas Stage 2;Group Stage;Week 1;zekken;Sentinels;66;102;229;116;0,67;149;86;14;21;23;0,28;0,5;1/2;26;57;49;9;14;15;42;9;3;2;27
1498;VCT 2025: Americas Stage 2;Group Stage;Week 1;bang;Sentinels;66;99;173;105;0,7;109;62;27;3;9;0,34;0,2;1/5;16;41;39;18;2;6;47;9;3;2;27
1499;VCT 2025: Americas Stage 2;Group Stage;Week 1;Shyy;KRÃœ Esports;36;88;136;10;0,83;88;53;33;6;0;0,16;0,33;1/3;10;19;19;12;2;0;129;29;3;2;27
1500;VCT 2025: Americas Stage 2;Group Stage;Week 1;Shyy;KRÃœ Esports;58;86;137;94;0,81;90;52;24;7;5;0,18;0,2;1/5;11;30;32;14;4;3;129;29;3;2;27
1501;VCT 2025: Americas Stage 2;Group Stage;Week 1;keznit;KRÃœ Esports;22;166;282;20;0,91;198;10;45;9;9;0,22;0,5;1/2;22;22;11;10;2;2;144;29;3;2;27
1502;VCT 2025: Americas Stage 2;Group Stage;Week 1;keznit;KRÃœ Esports;14;232;423;367;1;274;157;57;29;0;0,16;1;1/1;22;22;6;8;4;0;144;29;3;2;27
1503;VCT 2025: Americas Stage 2;Group Stage;Week 1;keznit;KRÃœ Esports;58;16;303;184;0,88;191;98;43;17;3;0,22;0,4;2/5;22;57;31;25;10;2;144;29;3;2;27
1504;VCT 2025: Americas Stage 2;Group Stage;Week 2;Zellsis;Sentinels;17;135;204;133;1;138;71;88;0;0;0,26;0,5;1/2;12;12;9;15;0;0;122;9;3;2;28
1505;VCT 2025: Americas Stage 2;Group Stage;Week 2;Zellsis;Sentinels;13;16;330;213;0,85;200;131;23;15;15;0,23;1;1/1;17;17;8;3;2;2;122;9;3;2;28
1506;VCT 2025: Americas Stage 2;Group Stage;Week 2;Zellsis;Sentinels;30;145;267;171;0,93;165;97;6;7;7;0,24;0,67;2/3;17;29;17;18;2;2;122;9;3;2;28
1507;VCT 2025: Americas Stage 2;Group Stage;Week 2;johnqt;Sentinels;17;106;143;143;0,71;93;59;18;0;6;0,32;0,25;1/4;10;10;7;3;0;1;48;9;3;2;28
1508;VCT 2025: Americas Stage 2;Group Stage;Week 2;johnqt;Sentinels;30;114;152;158;0,8;101;63;37;0;3;0,3;0,25;1/4;10;19;12;11;0;1;48;9;3;2;28
1509;VCT 2025: Americas Stage 2;Group Stage;Week 2;cauanzin;LOUD;22;133;221;173;0,68;152;86;14;9;5;0,33;0,5;2/4;19;19;11;3;2;1;145;32;3;2;28
1510;VCT 2025: Americas Stage 2;Group Stage;Week 2;cauanzin;LOUD;39;106;177;108;0,64;130;67;13;13;3;0,27;0,33;2/6;19;26;24;5;5;1;145;32;3;2;28
1511;VCT 2025: Americas Stage 2;Group Stage;Week 2;NaturE;Evil Geniuses;23;67;126;59;0,61;76;43;48;0;4;0,25;0,5;1/2;10;10;17;11;0;1;146;28;3;2;28
1512;VCT 2025: Americas Stage 2;Group Stage;Week 2;NaturE;Evil Geniuses;43;68;130;54;0,65;80;44;44;2;9;0,23;0,2;1/5;10;19;35;19;1;4;146;28;3;2;28
1513;VCT 2025: Americas Stage 2;Group Stage;Week 2;yay;Evil Geniuses;23;115;208;12;0,7;131;78;13;22;26;0,25;1;1/1;18;18;15;3;5;6;147;28;3;2;28
1514;VCT 2025: Americas Stage 2;Group Stage;Week 2;yay;Evil Geniuses;43;97;206;103;0,63;132;79;12;14;16;0,29;0,5;1/2;18;34;33;5;6;7;147;28;3;2;28
1515;VCT 2025: Americas Stage 2;Group Stage;Week 2;icy;Evil Geniuses;20;73;180;76;0,6;106;65;2;1;3;0,22;1;1/1;13;13;17;4;2;6;143;28;3;2;28
1516;VCT 2025: Americas Stage 2;Group Stage;Week 2;icy;Evil Geniuses;43;82;165;76;0,63;101;58;21;9;14;0,27;0,17;1/6;13;25;33;9;4;6;143;28;3;2;28
1517;VCT 2025: Americas Stage 2;Group Stage;Week 2;Asuna;100 Thieves;18;164;316;238;0,72;216;106;28;6;17;0,18;1;1/1;19;19;8;5;1;3;126;26;3;2;28
1518;VCT 2025: Americas Stage 2;Group Stage;Week 2;Asuna;100 Thieves;17;125;256;136;0,94;162;88;53;24;12;0,26;1;1/1;15;15;11;9;4;2;126;26;3;2;28
1519;VCT 2025: Americas Stage 2;Group Stage;Week 2;Asuna;100 Thieves;35;145;286;179;0,83;190;97;4;14;14;0,21;1;2/2;19;34;19;14;5;5;126;26;3;2;28
1520;VCT 2025: Americas Stage 2;Group Stage;Week 2;valyn;G2 Esports;39;137;249;17;0,85;142;87;44;8;3;0,22;0,5;1/2;23;34;20;17;3;1;35;3;3;2;28
1521;VCT 2025: Americas Stage 2;Group Stage;Week 2;JonahP;G2 Esports;18;176;294;238;0,89;182;106;56;17;6;0,19;0,5;1/2;19;19;8;10;3;1;36;3;3;2;28
1522;VCT 2025: Americas Stage 2;Group Stage;Week 2;JonahP;G2 Esports;21;117;227;136;0,71;148;9;19;1;0;0,22;0,5;1/2;19;19;14;4;2;0;36;3;3;2;28
1523;VCT 2025: Americas Stage 2;Group Stage;Week 2;JonahP;G2 Esports;39;144;260;173;0,79;164;97;36;13;3;0,2;0,5;2/4;19;38;22;14;5;1;36;3;3;2;28
1524;VCT 2025: Americas Stage 2;Group Stage;Week 2;cortezia;MIBR;21;86;182;93;0,62;122;67;1;1;1;0,31;0,33;1/3;14;14;15;2;2;2;53;4;3;2;28
1525;VCT 2025: Americas Stage 2;Group Stage;Week 2;cortezia;MIBR;37;73;184;77;0,62;119;65;14;5;11;0,33;0,2;1/5;14;24;31;5;2;4;53;4;3;2;28
1526;VCT 2025: Americas Stage 2;Group Stage;Week 2;aspas;MIBR;37;59;143;66;0,73;102;51;19;8;5;0,21;0,25;1/4;12;19;29;7;3;2;12;4;3;2;28
1527;VCT 2025: Americas Stage 2;Group Stage;Week 2;artzin;MIBR;37;107;234;115;0,68;147;84;16;24;24;0,26;0,14;1/7;18;31;27;6;9;9;11;4;3;2;28
1528;VCT 2025: Americas Stage 2;Group Stage;Week 2;spike;2Game Esports;21;81;184;58;0,52;119;52;52;1;14;0,28;0,25;1/4;11;11;19;11;2;3;135;30;3;2;28
1529;VCT 2025: Americas Stage 2;Group Stage;Week 2;spike;2Game Esports;39;78;198;69;0,54;131;62;36;13;15;0,36;0,17;1/6;13;24;35;14;5;6;135;30;3;2;28
1530;VCT 2025: Americas Stage 2;Group Stage;Week 2;lz;2Game Esports;39;68;137;56;0,54;95;46;41;3;13;0,45;0,33;2/6;12;18;32;16;1;5;136;30;3;2;28
1531;VCT 2025: Americas Stage 2;Group Stage;Week 2;pryze;2Game Esports;39;99;176;8;0,62;135;62;21;5;0;0,31;0,3;3/10;15;24;30;8;2;0;148;30;3;2;28
1532;VCT 2025: Americas Stage 2;Group Stage;Week 2;mitch;Cloud9;23;113;231;115;0,7;153;65;65;9;4;0,17;1;1/1;15;15;13;15;2;1;123;27;3;2;28
1533;VCT 2025: Americas Stage 2;Group Stage;Week 2;mitch;Cloud9;43;125;238;124;0,79;155;72;63;12;7;0,19;0,33;1/3;16;31;25;27;5;3;123;27;3;2;28
1534;VCT 2025: Americas Stage 2;Group Stage;Week 2;Xeppaa;Cloud9;20;122;197;125;0,95;142;75;45;1;15;0,33;0,25;1/4;15;15;12;9;2;3;119;27;3;2;28
1535;VCT 2025: Americas Stage 2;Group Stage;Week 2;Xeppaa;Cloud9;43;96;175;97;0,77;116;65;3;9;7;0,2;0,2;1/5;15;28;29;13;4;3;119;27;3;2;28
1536;VCT 2025: Americas Stage 2;Group Stage;Week 2;v1c;Cloud9;43;122;224;138;0,74;144;84;51;5;7;0,27;0,25;1/4;18;36;26;22;2;3;120;27;3;2;28
1537;VCT 2025: Americas Stage 2;Group Stage;Week 2;neT;Cloud9;43;114;204;128;0,7;132;74;35;12;9;0,33;0,33;1/3;17;32;25;15;5;4;121;27;3;2;28
1538;VCT 2025: Americas Stage 2;Group Stage;Week 2;C0M;LEVIATÃN;21;103;113;89;0,86;79;38;48;0;5;0,45;0,33;1/3;8;8;9;10;0;1;115;25;3;2;28
1539;VCT 2025: Americas Stage 2;Group Stage;Week 2;C0M;LEVIATÃN;16;133;205;171;0,81;136;75;19;0;0;0,2;0,5;1/2;12;12;7;3;0;0;115;25;3;2;28
1540;VCT 2025: Americas Stage 2;Group Stage;Week 2;C0M;LEVIATÃN;37;116;159;125;0,84;104;54;35;0;3;0,31;0,4;2/5;12;20;16;13;0;1;115;25;3;2;28
1541;VCT 2025: Americas Stage 2;Group Stage;Week 2;Okeanos;LEVIATÃN;21;96;173;117;0,81;108;67;33;5;1;0,33;0,2;1/5;14;14;12;7;1;2;116;25;3;2;28
1542;VCT 2025: Americas Stage 2;Group Stage;Week 2;Okeanos;LEVIATÃN;37;9;154;95;0,81;97;57;54;5;8;0,31;0,2;1/5;14;21;22;20;2;3;116;25;3;2;28
1543;VCT 2025: Americas Stage 2;Group Stage;Week 2;Sato;LEVIATÃN;16;117;252;145;0,69;158;10;6;6;31;0,35;1;1/1;16;16;11;1;1;5;137;25;3;2;28
1544;VCT 2025: Americas Stage 2;Group Stage;Week 2;Sato;LEVIATÃN;37;116;240;119;0,76;168;86;3;14;24;0,25;1;1/1;16;32;27;11;5;9;137;25;3;2;28
1545;VCT 2025: Americas Stage 2;Group Stage;Week 2;kiNgg;LEVIATÃN;16;177;295;317;0,75;188;119;19;13;6;0,39;1;1/1;19;19;6;3;2;1;128;25;3;2;28
1546;VCT 2025: Americas Stage 2;Group Stage;Week 2;kiNgg;LEVIATÃN;21;192;326;25;0,81;214;119;19;1;14;0,37;0,5;1/2;25;25;10;4;2;3;128;25;3;2;28
1547;VCT 2025: Americas Stage 2;Group Stage;Week 2;kiNgg;LEVIATÃN;37;185;310;275;0,78;202;119;19;11;11;0,38;0,67;2/3;25;44;16;7;4;4;128;25;3;2;28
1548;VCT 2025: Americas Stage 2;Group Stage;Week 2;brawk;Mega Minors;39;141;284;182;0,79;182;103;13;13;5;0,22;0,25;1/4;21;40;22;5;5;2;30;8;3;2;28
1549;VCT 2025: Americas Stage 2;Group Stage;Week 2;adverso;FURIA;30;91;194;78;0,57;130;7;13;0;3;0,24;0,1;1/10;13;21;27;4;0;1;139;31;3;2;28
1550;VCT 2025: Americas Stage 2;Group Stage;Week 2;heat;FURIA;30;81;204;73;0,73;127;63;17;1;7;0,29;0,13;1/8;10;19;26;5;3;2;149;31;3;2;28
1551;VCT 2025: Americas Stage 2;Group Stage;Week 3;gobera;2Game Esports;15;208;356;263;0,93;236;14;13;0;7;0,31;1;4/4;21;21;8;2;0;1;133;30;3;2;29
1552;VCT 2025: Americas Stage 2;Group Stage;Week 3;gobera;2Game Esports;26;79;163;88;0,69;106;58;19;8;4;0,23;0,33;1/3;15;15;17;5;2;1;133;30;3;2;29
1553;VCT 2025: Americas Stage 2;Group Stage;Week 3;gobera;2Game Esports;57;132;266;161;0,81;162;93;23;7;4;0,31;0,63;5/8;21;53;33;13;4;2;133;30;3;2;29
1554;VCT 2025: Americas Stage 2;Group Stage;Week 3;silentzz;2Game Esports;16;183;261;38;0,88;176;119;0;25;6;0,58;1;1/1;19;19;5;0;4;1;134;30;3;2;29
1555;VCT 2025: Americas Stage 2;Group Stage;Week 3;silentzz;2Game Esports;57;141;223;183;0,82;156;93;16;14;7;0,46;0,14;1/7;26;53;29;9;8;4;134;30;3;2;29
1556;VCT 2025: Americas Stage 2;Group Stage;Week 3;pryze;2Game Esports;26;113;246;95;0,85;170;77;65;12;4;0,2;0,5;1/2;20;20;21;17;3;1;148;30;3;2;29
1557;VCT 2025: Americas Stage 2;Group Stage;Week 3;pryze;2Game Esports;57;128;242;13;0,84;162;84;44;12;4;0,25;0,33;1/3;20;48;37;25;7;2;148;30;3;2;29
1558;VCT 2025: Americas Stage 2;Group Stage;Week 3;lz;2Game Esports;57;7;141;73;0,74;92;51;4;4;12;0,42;0,2;1/5;11;29;40;23;2;7;136;30;3;2;29
1559;VCT 2025: Americas Stage 2;Group Stage;Week 3;NaturE;Evil Geniuses;17;119;253;93;0,82;147;76;71;6;6;0,21;0,5;1/2;13;13;14;12;1;1;146;28;3;2;29
1560;VCT 2025: Americas Stage 2;Group Stage;Week 3;NaturE;Evil Geniuses;24;115;209;12;0,79;135;75;21;13;4;0,24;1;2/2;18;18;15;5;3;1;146;28;3;2;29
1561;VCT 2025: Americas Stage 2;Group Stage;Week 3;NaturE;Evil Geniuses;58;122;259;111;0,81;158;84;43;7;5;0,21;0,43;3/7;18;49;44;25;4;3;146;28;3;2;29
1562;VCT 2025: Americas Stage 2;Group Stage;Week 3;icy;Evil Geniuses;24;49;115;44;0,58;85;33;21;0;17;0,26;0,5;1/2;8;8;18;5;0;4;143;28;3;2;29
1563;VCT 2025: Americas Stage 2;Group Stage;Week 3;icy;Evil Geniuses;58;49;109;38;0,55;81;31;22;5;1;0,26;0,14;1/7;8;18;47;13;3;6;143;28;3;2;29
1564;VCT 2025: Americas Stage 2;Group Stage;Week 3;Derrek;Evil Geniuses;34;91;190;68;0,68;143;56;29;9;3;0,34;0,14;1/7;11;19;28;10;3;1;142;28;3;2;29
1565;VCT 2025: Americas Stage 2;Group Stage;Week 3;Derrek;Evil Geniuses;58;102;205;89;0,72;146;69;22;5;3;0,39;0,09;1/11;21;40;45;13;3;2;142;28;3;2;29
1566;VCT 2025: Americas Stage 2;Group Stage;Week 3;supamen;Evil Geniuses;34;52;106;5;0,74;68;41;29;6;12;0,3;0,17;1/6;8;14;28;10;2;4;127;28;3;2;29
1567;VCT 2025: Americas Stage 2;Group Stage;Week 3;supamen;Evil Geniuses;58;54;109;51;0,62;72;4;22;7;1;0,36;0,1;1/10;9;23;45;13;4;6;127;28;3;2;29
1568;VCT 2025: Americas Stage 2;Group Stage;Week 3;pANcada;LOUD;37;52;90;36;0,51;67;27;32;0;11;0,32;0,13;1/8;9;10;28;12;0;4;140;32;3;2;29
1569;VCT 2025: Americas Stage 2;Group Stage;Week 3;pANcada;LOUD;59;8;142;65;0,61;105;47;47;2;8;0,4;0,09;1/11;18;28;43;28;1;5;140;32;3;2;29
1570;VCT 2025: Americas Stage 2;Group Stage;Week 3;lukxo;LOUD;22;106;204;113;0,73;140;77;18;9;0;0,37;0,33;1/3;17;17;15;4;2;0;150;32;3;2;29
1571;VCT 2025: Americas Stage 2;Group Stage;Week 3;lukxo;LOUD;59;92;190;98;0,66;129;71;1;14;5;0,41;0,09;1/11;17;42;43;6;8;3;150;32;3;2;29
1572;VCT 2025: Americas Stage 2;Group Stage;Week 3;RobbieBk;LOUD;22;107;220;113;0,59;138;77;23;5;14;0,44;0,25;1/4;17;17;15;5;1;3;141;32;3;2;29
1573;VCT 2025: Americas Stage 2;Group Stage;Week 3;RobbieBk;LOUD;59;94;192;88;0,63;132;64;25;3;8;0,38;0,17;1/6;17;38;43;15;2;5;141;32;3;2;29
1574;VCT 2025: Americas Stage 2;Group Stage;Week 3;Urango;FURIA;26;92;157;78;0,73;89;54;5;0;19;0,24;0,43;3/7;14;14;18;13;0;5;151;31;3;2;29
1575;VCT 2025: Americas Stage 2;Group Stage;Week 3;Urango;FURIA;57;88;176;78;0,67;106;61;37;2;14;0,33;0,27;3/11;14;35;45;21;1;8;151;31;3;2;29
1576;VCT 2025: Americas Stage 2;Group Stage;Week 3;adverso;FURIA;26;117;257;10;0,92;169;81;5;8;19;0,2;0,33;1/3;21;21;21;13;2;5;139;31;3;2;29
1577;VCT 2025: Americas Stage 2;Group Stage;Week 3;adverso;FURIA;31;71;180;66;0,65;126;61;26;1;0;0,1;0,17;1/6;10;19;29;8;3;0;139;31;3;2;29
1578;VCT 2025: Americas Stage 2;Group Stage;Week 3;adverso;FURIA;57;92;206;8;0,77;146;7;37;9;9;0,15;0,22;2/9;21;40;50;21;5;5;139;31;3;2;29
1579;VCT 2025: Americas Stage 2;Group Stage;Week 3;tuyz;FURIA;57;86;162;76;0,75;107;54;42;9;11;0,32;0,15;2/13;17;31;41;24;5;6;138;31;3;2;29
1580;VCT 2025: Americas Stage 2;Group Stage;Week 3;xenom;MIBR;23;72;138;69;0,61;93;48;22;0;4;0,43;0,33;1/3;11;11;16;5;0;1;39;4;3;2;29
1581;VCT 2025: Americas Stage 2;Group Stage;Week 3;xenom;MIBR;49;85;154;88;0,67;101;57;22;2;4;0,45;0,2;1/5;17;28;32;11;1;2;39;4;3;2;29
1582;VCT 2025: Americas Stage 2;Group Stage;Week 3;artzin;MIBR;23;81;202;94;0,78;127;7;39;4;17;0,19;0,5;1/2;16;16;17;9;1;4;11;4;3;2;29
1583;VCT 2025: Americas Stage 2;Group Stage;Week 3;artzin;MIBR;49;54;151;63;0,71;95;51;31;6;27;0,16;0,5;1/2;16;25;40;15;3;13;11;4;3;2;29
1584;VCT 2025: Americas Stage 2;Group Stage;Week 3;aspas;MIBR;23;157;287;218;0,83;176;104;13;3;13;0,39;0,5;1/2;24;24;11;3;7;3;12;4;3;2;29
1585;VCT 2025: Americas Stage 2;Group Stage;Week 3;aspas;MIBR;26;96;212;95;0,73;142;73;27;4;8;0,16;0,67;2/3;19;19;20;7;1;2;12;4;3;2;29
1586;VCT 2025: Americas Stage 2;Group Stage;Week 3;aspas;MIBR;49;125;250;139;0,78;158;88;2;16;1;0,25;0,6;3/5;24;43;31;10;8;5;12;4;3;2;29
1587;VCT 2025: Americas Stage 2;Group Stage;Week 3;cortezia;MIBR;26;153;279;20;0,69;168;108;8;8;12;0,38;0,25;2/8;28;28;14;2;2;3;53;4;3;2;29
1588;VCT 2025: Americas Stage 2;Group Stage;Week 3;cortezia;MIBR;49;145;271;172;0,71;178;102;14;8;12;0,38;0,25;2/8;28;50;29;7;4;6;53;4;3;2;29
1589;VCT 2025: Americas Stage 2;Group Stage;Week 3;Verno;MIBR;26;96;195;79;0,62;125;58;46;8;12;0,46;0,33;1/3;15;15;19;12;2;3;13;4;3;2;29
1590;VCT 2025: Americas Stage 2;Group Stage;Week 3;Verno;MIBR;49;95;180;82;0,71;118;55;33;6;8;0,37;0,17;1/6;15;27;33;16;3;4;13;4;3;2;29
1591;VCT 2025: Americas Stage 2;Group Stage;Week 3;Kess;100 Thieves;23;74;151;75;0,7;104;52;4;13;9;0,32;0,25;1/4;12;12;16;1;3;2;117;26;3;2;29
1592;VCT 2025: Americas Stage 2;Group Stage;Week 3;Kess;100 Thieves;49;68;150;65;0,67;104;49;31;14;12;0,3;0,25;1/4;12;24;37;15;7;6;117;26;3;2;29
1593;VCT 2025: Americas Stage 2;Group Stage;Week 3;eeiu;100 Thieves;26;94;181;113;0,81;128;65;35;4;4;0,22;0,33;1/3;17;17;15;9;1;1;125;26;3;2;29
1594;VCT 2025: Americas Stage 2;Group Stage;Week 3;eeiu;100 Thieves;49;93;180;97;0,78;122;63;27;2;4;0,26;0,17;1/6;17;31;32;13;1;2;125;26;3;2;29
1595;VCT 2025: Americas Stage 2;Group Stage;Week 3;Cryocells;100 Thieves;23;122;221;133;0,83;134;87;4;9;13;0,34;0,4;2/5;20;20;15;1;2;3;124;26;3;2;29
1596;VCT 2025: Americas Stage 2;Group Stage;Week 3;Cryocells;100 Thieves;49;122;233;147;0,8;143;96;6;1;12;0,3;0,2;2/10;27;47;32;3;5;6;124;26;3;2;29
1597;VCT 2025: Americas Stage 2;Group Stage;Week 3;Melser;KRÃœ Esports;37;112;164;135;0,81;109;62;3;3;14;0,3;0,2;1/5;15;23;17;11;1;5;152;29;3;2;29
1598;VCT 2025: Americas Stage 2;Group Stage;Week 3;Melser;KRÃœ Esports;59;86;154;89;0,75;99;56;24;2;14;0,32;0,11;1/9;15;33;37;14;1;8;152;29;3;2;29
1599;VCT 2025: Americas Stage 2;Group Stage;Week 3;Shyy;KRÃœ Esports;22;13;246;133;0,77;166;91;32;14;0;0,43;0,33;1/3;20;20;15;7;3;0;129;29;3;2;29
1600;VCT 2025: Americas Stage 2;Group Stage;Week 3;Shyy;KRÃœ Esports;59;114;181;126;0,78;127;73;22;1;2;0,35;0,2;1/5;20;43;34;13;6;1;129;29;3;2;29
1601;VCT 2025: Americas Stage 2;Group Stage;Week 3;Mazino;KRÃœ Esports;22;87;177;94;0,59;99;68;18;18;5;0,17;0,25;1/4;15;15;16;4;4;1;130;29;3;2;29
1602;VCT 2025: Americas Stage 2;Group Stage;Week 3;Mazino;KRÃœ Esports;37;113;228;116;0,76;149;78;38;8;11;0,25;0,33;1/3;17;29;25;14;3;4;130;29;3;2;29
1603;VCT 2025: Americas Stage 2;Group Stage;Week 3;Mazino;KRÃœ Esports;59;103;211;107;0,69;130;75;31;12;8;0,22;0,29;2/7;17;44;41;18;7;5;130;29;3;2;29
1604;VCT 2025: Americas Stage 2;Group Stage;Week 3;Dantedeu5;KRÃœ Esports;42;128;274;124;0,67;170;10;24;19;1;0,27;0,25;1/4;24;42;34;10;8;4;131;29;3;2;29
1605;VCT 2025: Americas Stage 2;Group Stage;Week 3;Dantedeu5;KRÃœ Esports;59;13;258;133;0,69;160;95;25;15;12;0,26;0,25;1/4;24;56;42;15;9;7;131;29;3;2;29
1606;VCT 2025: Americas Stage 2;Group Stage;Week 3;BABYBAY;G2 Esports;41;9;179;10;0,68;113;63;7;12;12;0,21;0,5;1/2;15;26;26;3;5;5;113;3;3;2;29
1607;VCT 2025: Americas Stage 2;Group Stage;Week 3;BABYBAY;G2 Esports;58;86;173;9;0,72;112;6;21;9;16;0,23;0,33;1/3;15;35;39;12;5;9;113;3;3;2;29
1608;VCT 2025: Americas Stage 2;Group Stage;Week 3;trent;G2 Esports;41;139;208;168;0,83;136;78;37;0;1;0,32;0,17;1/6;17;32;19;15;0;4;9;3;3;2;29
1609;VCT 2025: Americas Stage 2;Group Stage;Week 3;trent;G2 Esports;17;118;224;13;0,82;161;76;41;6;6;0,28;0,33;1/3;13;13;10;7;1;1;9;3;3;2;29
1610;VCT 2025: Americas Stage 2;Group Stage;Week 3;trent;G2 Esports;58;133;213;155;0,83;143;78;38;2;9;0,3;0,22;2/9;17;45;29;22;1;5;9;3;3;2;29
1611;VCT 2025: Americas Stage 2;Group Stage;Week 3;valyn;G2 Esports;58;137;255;146;0,81;173;93;4;1;3;0,32;0,4;2/5;23;54;37;23;6;2;35;3;3;2;29
1612;VCT 2025: Americas Stage 2;Group Stage;Week 3;JonahP;G2 Esports;41;149;301;172;0,8;184;105;29;15;7;0,29;0,14;1/7;23;43;25;12;6;3;36;3;3;2;29
1613;VCT 2025: Americas Stage 2;Group Stage;Week 3;JonahP;G2 Esports;58;138;279;161;0,79;169;10;31;14;9;0,26;0,13;1/8;23;58;36;18;8;5;36;3;3;2;29
1614;VCT 2025: Americas Stage 2;Group Stage;Week 3;tex;LEVIATÃN;26;79;117;8;0,62;86;46;15;4;15;0,34;0,33;1/3;12;12;15;4;1;4;114;25;3;2;29
1615;VCT 2025: Americas Stage 2;Group Stage;Week 3;tex;LEVIATÃN;44;82;169;88;0,7;128;66;11;5;7;0,39;0,25;1/4;18;29;33;5;2;3;114;25;3;2;29
1616;VCT 2025: Americas Stage 2;Group Stage;Week 3;tex;LEVIATÃN;70;81;152;85;0,67;113;59;13;4;1;0,38;0,29;2/7;18;41;48;9;3;7;114;25;3;2;29
1617;VCT 2025: Americas Stage 2;Group Stage;Week 3;C0M;LEVIATÃN;50;91;135;67;0,7;107;4;5;4;6;0,21;0,29;2/7;10;20;30;25;2;3;115;25;3;2;29
1618;VCT 2025: Americas Stage 2;Group Stage;Week 3;C0M;LEVIATÃN;70;91;138;71;0,66;103;43;4;4;6;0,21;0,17;2/12;10;30;42;28;3;4;115;25;3;2;29
1619;VCT 2025: Americas Stage 2;Group Stage;Week 3;Okeanos;LEVIATÃN;26;74;153;75;0,62;94;58;15;4;19;0,25;0,5;1/2;15;15;20;4;1;5;116;25;3;2;29
1620;VCT 2025: Americas Stage 2;Group Stage;Week 3;Okeanos;LEVIATÃN;70;83;163;79;0,69;102;59;27;1;17;0,29;0,14;1/7;15;41;52;19;7;12;116;25;3;2;29
1621;VCT 2025: Americas Stage 2;Group Stage;Week 3;N4RRATE;Sentinels;22;161;284;167;0,86;193;91;36;18;14;0,19;0,5;1/2;20;20;12;8;4;3;41;9;3;2;29
1622;VCT 2025: Americas Stage 2;Group Stage;Week 3;N4RRATE;Sentinels;40;151;282;165;0,88;190;95;35;18;1;0,25;0,5;1/2;20;38;23;14;7;4;41;9;3;2;29
1623;VCT 2025: Americas Stage 2;Group Stage;Week 3;Zellsis;Sentinels;18;96;130;10;0,83;90;44;22;0;11;0,17;0,5;1/2;8;8;8;4;0;2;122;9;3;2;29
1624;VCT 2025: Americas Stage 2;Group Stage;Week 3;Zellsis;Sentinels;40;93;158;11;0,75;107;58;18;3;1;0,2;0,33;1/3;15;23;21;7;1;4;122;9;3;2;29
1625;VCT 2025: Americas Stage 2;Group Stage;Week 3;johnqt;Sentinels;40;115;184;133;0,85;122;6;53;3;0;0,14;0,14;1/7;14;24;18;21;1;0;48;9;3;2;29
1626;VCT 2025: Americas Stage 2;Group Stage;Week 3;s0m;Mega Minors;26;96;168;10;0,69;104;65;46;0;12;0,28;0,33;2/6;17;17;17;12;0;3;28;8;3;2;29
1627;VCT 2025: Americas Stage 2;Group Stage;Week 3;s0m;Mega Minors;70;109;200;116;0,73;121;71;37;9;11;0,28;0,25;2/8;18;50;43;26;6;8;28;8;3;2;29
1628;VCT 2025: Americas Stage 2;Group Stage;Week 3;skuba;Mega Minors;44;93;200;107;0,73;150;73;14;5;11;0,27;0,29;2/7;18;32;30;6;2;5;24;8;3;2;29
1629;VCT 2025: Americas Stage 2;Group Stage;Week 3;skuba;Mega Minors;70;98;204;108;0,76;144;74;13;6;9;0,23;0,22;2/9;20;52;48;9;4;6;24;8;3;2;29
1630;VCT 2025: Americas Stage 2;Group Stage;Week 3;mitch;Cloud9;18;75;132;77;0,67;82;56;22;0;17;0,21;1;1/1;10;10;13;4;0;3;123;27;3;2;29
1631;VCT 2025: Americas Stage 2;Group Stage;Week 3;mitch;Cloud9;40;84;151;74;0,65;104;5;38;3;15;0,18;0,25;1/4;10;20;27;15;1;6;123;27;3;2;29
1632;VCT 2025: Americas Stage 2;Group Stage;Week 4;pANcada;LOUD;20;101;164;85;0,75;116;55;55;5;0;0,38;0,25;1/4;11;11;13;11;1;0;140;32;3;2;30
1633;VCT 2025: Americas Stage 2;Group Stage;Week 4;pANcada;LOUD;41;115;216;121;0,71;128;71;32;7;2;0,38;0,22;2/9;16;29;24;13;3;1;140;32;3;2;30
1634;VCT 2025: Americas Stage 2;Group Stage;Week 4;pANcada;LOUD;61;11;199;108;0,72;124;66;39;7;2;0,38;0,23;3/13;16;40;37;24;4;1;140;32;3;2;30
1635;VCT 2025: Americas Stage 2;Group Stage;Week 4;lukxo;LOUD;46;102;196;94;0,61;138;74;15;15;11;0,37;0,11;1/9;28;34;36;7;7;5;150;32;3;2;30
1636;VCT 2025: Americas Stage 2;Group Stage;Week 4;lukxo;LOUD;61;115;236;111;0,7;162;84;2;16;8;0,38;0,11;1/9;28;51;46;12;10;5;150;32;3;2;30
1637;VCT 2025: Americas Stage 2;Group Stage;Week 4;RobbieBk;LOUD;20;73;142;67;0,65;89;5;35;0;5;0,39;0,33;1/3;10;10;15;7;0;1;141;32;3;2;30
1638;VCT 2025: Americas Stage 2;Group Stage;Week 4;RobbieBk;LOUD;15;85;88;10;0,73;73;4;13;0;13;0,5;1;1/1;6;6;6;2;0;2;141;32;3;2;30
1639;VCT 2025: Americas Stage 2;Group Stage;Week 4;RobbieBk;LOUD;61;77;132;66;0,7;93;44;43;0;7;0,32;0,33;2/6;11;27;41;26;0;4;141;32;3;2;30
1640;VCT 2025: Americas Stage 2;Group Stage;Week 4;Virtyy;LOUD;46;7;158;69;0,61;100;52;15;15;33;0,19;0,5;1/2;15;24;35;7;7;15;153;32;3;2;30
1641;VCT 2025: Americas Stage 2;Group Stage;Week 4;Virtyy;LOUD;61;84;214;91;0,64;120;69;16;18;3;0,23;0,5;1/2;18;42;46;10;11;18;153;32;3;2;30
1642;VCT 2025: Americas Stage 2;Group Stage;Week 4;gobera;2Game Esports;14;27;100;29;0,29;70;29;0;7;14;0,31;0,25;1/4;4;4;14;0;1;2;133;30;3;2;30
1643;VCT 2025: Americas Stage 2;Group Stage;Week 4;gobera;2Game Esports;34;61;136;59;0,59;90;47;24;6;12;0,19;0,2;1/5;12;16;27;8;2;4;133;30;3;2;30
1644;VCT 2025: Americas Stage 2;Group Stage;Week 4;v1c;Cloud9;14;214;378;35;1;216;15;36;36;7;0,38;1;1/1;21;21;6;5;5;1;120;27;3;2;30
1645;VCT 2025: Americas Stage 2;Group Stage;Week 4;v1c;Cloud9;34;15;276;179;0,91;150;10;41;24;3;0,35;0,5;1/2;21;34;19;14;8;1;120;27;3;2;30
1646;VCT 2025: Americas Stage 2;Group Stage;Week 4;OXY;Cloud9;20;177;346;193;0,75;219;135;1;25;15;0,25;1;2/2;27;27;14;2;5;3;132;27;3;2;30
1647;VCT 2025: Americas Stage 2;Group Stage;Week 4;OXY;Cloud9;34;179;318;239;0,85;207;126;15;15;9;0,19;1;2/2;27;43;18;5;5;3;132;27;3;2;30
1648;VCT 2025: Americas Stage 2;Group Stage;Week 4;s0m;Mega Minors;23;144;232;15;0,87;153;78;48;4;4;0,26;0,5;1/2;18;18;12;11;1;1;28;8;3;2;30
1649;VCT 2025: Americas Stage 2;Group Stage;Week 4;s0m;Mega Minors;28;105;220;95;0,68;144;71;46;11;11;0,23;0,5;1/2;20;20;21;13;3;3;28;8;3;2;30
1650;VCT 2025: Americas Stage 2;Group Stage;Week 4;s0m;Mega Minors;51;123;226;115;0,76;148;75;47;8;8;0,24;0,5;2/4;20;38;33;24;4;4;28;8;3;2;30
1651;VCT 2025: Americas Stage 2;Group Stage;Week 4;mada;Mega Minors;51;109;242;117;0,67;142;8;16;22;25;0,25;1;1/1;24;41;35;8;11;13;29;8;3;2;30
1652;VCT 2025: Americas Stage 2;Group Stage;Week 4;skuba;Mega Minors;51;118;199;144;0,75;129;76;2;6;6;0,25;0,17;2/12;26;39;27;10;3;3;24;8;3;2;30
1653;VCT 2025: Americas Stage 2;Group Stage;Week 4;tex;LEVIATÃN;17;13;218;229;0,82;146;94;24;0;6;0,26;1;1/1;16;16;7;4;0;1;114;25;3;2;30
1654;VCT 2025: Americas Stage 2;Group Stage;Week 4;tex;LEVIATÃN;59;79;160;85;0,69;107;58;24;7;1;0,24;0,17;1/6;16;34;40;14;4;6;114;25;3;2;30
1655;VCT 2025: Americas Stage 2;Group Stage;Week 4;C0M;LEVIATÃN;40;115;198;123;0,83;154;68;38;3;0;0,28;0,2;1/5;18;27;22;15;1;0;115;25;3;2;30
1656;VCT 2025: Americas Stage 2;Group Stage;Week 4;C0M;LEVIATÃN;59;106;182;10;0,78;136;61;36;3;2;0,28;0,11;1/9;18;36;36;21;2;1;115;25;3;2;30
1657;VCT 2025: Americas Stage 2;Group Stage;Week 4;kiNgg;LEVIATÃN;23;118;177;115;0,74;114;65;26;9;4;0,26;0,6;3/5;15;15;13;6;2;1;128;25;3;2;30
1658;VCT 2025: Americas Stage 2;Group Stage;Week 4;kiNgg;LEVIATÃN;59;119;226;131;0,78;140;8;24;14;5;0,25;0,33;3/9;18;47;36;14;8;3;128;25;3;2;30
1659;VCT 2025: Americas Stage 2;Group Stage;Week 4;Melser;KRÃœ Esports;19;95;156;83;0,74;106;53;37;5;0;0,18;0,33;1/3;10;10;12;7;1;0;152;29;3;2;30
1660;VCT 2025: Americas Stage 2;Group Stage;Week 4;Melser;KRÃœ Esports;59;10;169;9;0,73;113;61;42;7;7;0,26;0,14;1/7;20;36;40;25;4;4;152;29;3;2;30
1661;VCT 2025: Americas Stage 2;Group Stage;Week 4;Shyy;KRÃœ Esports;19;11;212;127;0,79;131;74;16;0;11;0,34;0,5;1/2;14;14;11;3;0;2;129;29;3;2;30
1662;VCT 2025: Americas Stage 2;Group Stage;Week 4;Shyy;KRÃœ Esports;59;81;170;74;0,66;109;54;24;5;12;0,31;0,11;1/9;14;32;43;14;3;7;129;29;3;2;30
1663;VCT 2025: Americas Stage 2;Group Stage;Week 4;Mazino;KRÃœ Esports;19;145;260;164;0,84;153;95;53;0;11;0,22;0,33;1/3;18;18;11;10;0;2;130;29;3;2;30
1664;VCT 2025: Americas Stage 2;Group Stage;Week 4;Mazino;KRÃœ Esports;59;10;184;9;0,69;122;63;37;5;5;0,2;0,14;1/7;18;37;41;22;3;3;130;29;3;2;30
1665;VCT 2025: Americas Stage 2;Group Stage;Week 4;keznit;KRÃœ Esports;17;79;171;67;0,47;112;59;12;12;12;0,19;0,4;2/5;10;10;15;2;2;2;144;29;3;2;30
1666;VCT 2025: Americas Stage 2;Group Stage;Week 4;keznit;KRÃœ Esports;59;111;227;111;0,66;148;83;19;1;14;0,27;0,22;2/9;20;49;44;11;6;8;144;29;3;2;30
1667;VCT 2025: Americas Stage 2;Group Stage;Week 4;Kess;100 Thieves;26;113;230;153;0,73;153;88;12;4;8;0,25;0,25;1/4;23;23;15;3;1;2;117;26;3;2;30
1668;VCT 2025: Americas Stage 2;Group Stage;Week 4;Kess;100 Thieves;61;96;187;10;0,74;126;67;33;5;7;0,31;0,11;1/9;23;41;41;20;3;4;117;26;3;2;30
1669;VCT 2025: Americas Stage 2;Group Stage;Week 4;Asuna;100 Thieves;46;136;286;15;0,72;172;98;24;24;15;0,23;0,25;1/4;24;45;30;11;11;7;126;26;3;2;30
1670;VCT 2025: Americas Stage 2;Group Stage;Week 4;Asuna;100 Thieves;61;121;248;126;0,69;157;89;23;21;15;0,25;0,17;1/6;24;54;43;14;13;9;126;26;3;2;30
1671;VCT 2025: Americas Stage 2;Group Stage;Week 4;Cryocells;100 Thieves;61;101;196;98;0,74;131;69;3;8;5;0,26;0,17;1/6;18;42;43;18;5;3;124;26;3;2;30
1672;VCT 2025: Americas Stage 2;Group Stage;Week 4;xenom;MIBR;28;93;158;89;0,71;102;57;57;0;4;0,39;0,5;1/2;16;16;18;16;0;1;39;4;3;2;30
1673;VCT 2025: Americas Stage 2;Group Stage;Week 4;xenom;MIBR;51;87;153;82;0,69;100;55;45;0;4;0,32;0,33;1/3;16;28;34;23;0;2;39;4;3;2;30
1674;VCT 2025: Americas Stage 2;Group Stage;Week 4;cortezia;MIBR;28;127;249;116;0,75;165;79;54;21;7;0,25;0,17;1/6;22;22;19;15;6;2;53;4;3;2;30
1675;VCT 2025: Americas Stage 2;Group Stage;Week 4;cortezia;MIBR;51;118;224;119;0,76;149;75;39;14;1;0,26;0,11;1/9;22;38;32;20;7;5;53;4;3;2;30
1676;VCT 2025: Americas Stage 2;Group Stage;Week 4;yay;Evil Geniuses;17;84;234;8;0,59;146;71;12;12;18;0,25;0,25;1/4;12;12;15;2;2;3;147;28;3;2;30
1677;VCT 2025: Americas Stage 2;Group Stage;Week 4;yay;Evil Geniuses;38;7;188;62;0,61;110;55;29;11;18;0,3;0,14;1/7;12;21;34;11;4;7;147;28;3;2;30
1678;VCT 2025: Americas Stage 2;Group Stage;Week 4;Derrek;Evil Geniuses;17;104;221;107;0,59;134;88;6;6;12;0,35;0,5;1/2;15;15;14;1;1;2;142;28;3;2;30
1679;VCT 2025: Americas Stage 2;Group Stage;Week 4;Derrek;Evil Geniuses;21;75;172;69;0,76;120;52;43;5;0;0,23;0,17;1/6;11;11;16;9;1;0;142;28;3;2;30
1680;VCT 2025: Americas Stage 2;Group Stage;Week 4;Derrek;Evil Geniuses;38;88;196;87;0,68;126;68;26;5;5;0,29;0,25;2/8;15;26;30;10;2;2;142;28;3;2;30
1681;VCT 2025: Americas Stage 2;Group Stage;Week 4;supamen;Evil Geniuses;38;76;150;74;0,55;93;61;16;0;5;0,39;0,14;1/7;15;23;31;6;0;2;127;28;3;2;30
1682;VCT 2025: Americas Stage 2;Group Stage;Week 4;BABYBAY;G2 Esports;18;77;142;82;0,83;101;5;22;6;6;0,21;1;1/1;9;9;11;4;1;1;113;3;3;2;30
1683;VCT 2025: Americas Stage 2;Group Stage;Week 4;BABYBAY;G2 Esports;33;107;232;142;0,88;143;82;3;12;6;0,31;0,5;1/2;18;27;19;10;4;2;113;3;3;2;30
1684;VCT 2025: Americas Stage 2;Group Stage;Week 4;trent;G2 Esports;15;13;162;22;0,93;83;73;67;0;0;0,3;0,67;2/3;11;11;5;10;0;0;9;3;3;2;30
1685;VCT 2025: Americas Stage 2;Group Stage;Week 4;trent;G2 Esports;33;137;216;193;0,85;136;82;45;3;0;0,26;0,33;2/6;16;27;14;15;1;0;9;3;3;2;30
1686;VCT 2025: Americas Stage 2;Group Stage;Week 4;valyn;G2 Esports;33;112;203;156;0,76;111;85;12;6;15;0,25;0,5;1/2;16;28;18;4;2;5;35;3;3;2;30
1687;VCT 2025: Americas Stage 2;Group Stage;Week 4;JonahP;G2 Esports;15;91;144;63;0,87;111;33;6;0;7;0,13;1;1/1;5;5;8;9;0;1;36;3;3;2;30
1688;VCT 2025: Americas Stage 2;Group Stage;Week 4;JonahP;G2 Esports;18;99;164;10;0,78;118;56;22;11;17;0,32;1;1/1;10;10;10;4;2;3;36;3;3;2;30
1689;VCT 2025: Americas Stage 2;Group Stage;Week 4;JonahP;G2 Esports;33;95;154;83;0,82;114;45;39;6;12;0,23;1;2/2;10;15;18;13;2;4;36;3;3;2;30
1690;VCT 2025: Americas Stage 2;Group Stage;Week 4;zekken;Sentinels;17;22;401;278;0,88;251;147;41;35;12;0,27;0,5;1/2;25;25;9;7;6;2;42;9;3;2;30
1691;VCT 2025: Americas Stage 2;Group Stage;Week 4;zekken;Sentinels;38;161;310;191;0,87;195;111;26;29;13;0,25;0,33;1/3;25;42;22;10;11;5;42;9;3;2;30
1692;VCT 2025: Americas Stage 2;Group Stage;Week 4;bang;Sentinels;38;114;205;15;0,76;119;79;26;11;11;0,25;0,5;1/2;18;30;20;10;4;4;47;9;3;2;30
1693;VCT 2025: Americas Stage 2;Group Stage;Week 4;Zellsis;Sentinels;38;129;217;158;0,84;134;79;32;13;8;0,17;0,33;1/3;15;30;19;12;5;3;122;9;3;2;30
1694;VCT 2025: Americas Stage 2;Group Stage;Week 5;lukxo;LOUD;23;97;188;89;0,61;110;74;13;9;13;0,38;0,25;1/4;17;17;19;3;2;3;150;32;3;2;31
1695;VCT 2025: Americas Stage 2;Group Stage;Week 5;lukxo;LOUD;47;92;194;84;0,64;121;68;26;13;15;0,33;0,25;1/4;17;32;38;12;6;7;150;32;3;2;31
1696;VCT 2025: Americas Stage 2;Group Stage;Week 5;Virtyy;LOUD;23;8;167;68;0,57;108;57;17;9;22;0,27;0,17;1/6;13;13;19;4;2;5;153;32;3;2;31
1697;VCT 2025: Americas Stage 2;Group Stage;Week 5;Virtyy;LOUD;47;99;183;94;0,66;123;66;11;13;19;0,35;0,13;1/8;18;31;33;5;6;9;153;32;3;2;31
1698;VCT 2025: Americas Stage 2;Group Stage;Week 5;RobbieBk;LOUD;23;77;147;67;0,57;92;52;13;17;13;0,39;0,5;1/2;12;12;18;3;4;3;141;32;3;2;31
1699;VCT 2025: Americas Stage 2;Group Stage;Week 5;RobbieBk;LOUD;47;78;158;74;0,62;107;55;15;9;11;0,4;0,33;1/3;14;26;35;7;4;5;141;32;3;2;31
1700;VCT 2025: Americas Stage 2;Group Stage;Week 5;gobera;2Game Esports;17;27;47;14;0,35;35;12;18;0;0;0,17;0,25;1/4;2;2;14;3;0;0;133;30;3;2;31
1701;VCT 2025: Americas Stage 2;Group Stage;Week 5;gobera;2Game Esports;56;64;111;52;0,52;76;41;38;0;2;0,29;0,11;1/9;16;23;44;21;0;1;133;30;3;2;31
1702;VCT 2025: Americas Stage 2;Group Stage;Week 5;silentzz;2Game Esports;17;93;144;67;0,71;108;47;29;0;0;0,26;0,13;1/8;8;8;12;5;0;0;134;30;3;2;31
1703;VCT 2025: Americas Stage 2;Group Stage;Week 5;silentzz;2Game Esports;56;11;207;108;0,68;145;73;2;4;9;0,44;0,08;1/12;17;41;38;11;2;5;134;30;3;2;31
1704;VCT 2025: Americas Stage 2;Group Stage;Week 5;lz;2Game Esports;56;81;127;69;0,7;77;43;34;5;9;0,32;0,11;1/9;10;24;35;19;3;5;136;30;3;2;31
1705;VCT 2025: Americas Stage 2;Group Stage;Week 5;Ethan;Mega Minors;18;166;307;182;0,78;200;111;39;22;0;0,3;0,67;2/3;20;20;11;7;4;0;31;8;3;2;31
1706;VCT 2025: Americas Stage 2;Group Stage;Week 5;Ethan;Mega Minors;57;106;209;10;0,74;133;72;44;12;2;0,25;0,2;2/10;20;41;41;25;7;1;31;8;3;2;31
1707;VCT 2025: Americas Stage 2;Group Stage;Week 5;s0m;Mega Minors;20;8;172;93;0,8;102;7;25;0;15;0,24;1;1/1;14;14;15;5;0;3;28;8;3;2;31
1708;VCT 2025: Americas Stage 2;Group Stage;Week 5;s0m;Mega Minors;57;86;172;85;0,72;114;6;37;9;12;0,23;1;1/1;14;34;40;21;5;7;28;8;3;2;31
1709;VCT 2025: Americas Stage 2;Group Stage;Week 5;mada;Mega Minors;39;97;201;84;0,69;134;67;23;33;23;0,24;0,33;1/3;13;26;31;9;13;9;29;8;3;2;31
1710;VCT 2025: Americas Stage 2;Group Stage;Week 5;mada;Mega Minors;57;104;199;103;0,7;127;7;21;25;19;0,27;0,25;1/4;14;40;39;12;14;11;29;8;3;2;31
1711;VCT 2025: Americas Stage 2;Group Stage;Week 5;brawk;Mega Minors;37;95;164;81;0,73;112;57;38;8;5;0,16;0,2;1/5;11;21;26;14;3;2;30;8;3;2;31
1712;VCT 2025: Americas Stage 2;Group Stage;Week 5;brawk;Mega Minors;57;127;207;119;0,77;137;75;4;7;5;0,15;0,13;1/8;22;43;36;23;4;3;30;8;3;2;31
1713;VCT 2025: Americas Stage 2;Group Stage;Week 5;Zellsis;Sentinels;17;8;124;10;0,65;71;53;35;6;6;0,24;1;1/1;9;9;9;6;1;1;122;9;3;2;31
1714;VCT 2025: Americas Stage 2;Group Stage;Week 5;Zellsis;Sentinels;56;79;129;76;0,68;76;46;32;9;9;0,27;1;1/1;12;26;34;18;5;5;122;9;3;2;31
1715;VCT 2025: Americas Stage 2;Group Stage;Week 5;johnqt;Sentinels;22;83;167;81;0,64;125;59;23;0;14;0,29;0,17;1/6;13;13;16;5;0;3;48;9;3;2;31
1716;VCT 2025: Americas Stage 2;Group Stage;Week 5;johnqt;Sentinels;34;164;226;29;0,97;143;85;5;18;3;0,28;0,25;1/4;15;29;10;17;6;1;48;9;3;2;31
1717;VCT 2025: Americas Stage 2;Group Stage;Week 5;johnqt;Sentinels;56;132;206;162;0,84;136;75;39;11;7;0,29;0,2;2/10;15;42;26;22;6;4;48;9;3;2;31
1718;VCT 2025: Americas Stage 2;Group Stage;Week 5;zekken;Sentinels;39;102;198;108;0,64;128;69;18;18;18;0,26;0,5;1/2;15;27;25;7;7;7;42;9;3;2;31
1719;VCT 2025: Americas Stage 2;Group Stage;Week 5;zekken;Sentinels;56;112;229;129;0,7;143;79;18;2;14;0,22;0,5;1/2;17;44;34;10;11;8;42;9;3;2;31
1720;VCT 2025: Americas Stage 2;Group Stage;Week 5;BABYBAY;G2 Esports;21;153;255;175;0,76;168;10;5;14;5;0,17;0,14;1/7;21;21;12;1;3;1;113;3;3;2;31
1721;VCT 2025: Americas Stage 2;Group Stage;Week 5;BABYBAY;G2 Esports;22;116;228;114;0,68;142;73;36;14;14;0,17;0,14;1/7;16;16;14;8;3;3;113;3;3;2;31
1722;VCT 2025: Americas Stage 2;Group Stage;Week 5;BABYBAY;G2 Esports;43;134;242;142;0,72;154;86;21;14;9;0,17;0,14;2/14;21;37;26;9;6;4;113;3;3;2;31
1723;VCT 2025: Americas Stage 2;Group Stage;Week 5;JonahP;G2 Esports;21;79;164;93;0,67;99;62;24;5;1;0,11;0,5;1/2;13;13;14;5;1;2;36;3;3;2;31
1724;VCT 2025: Americas Stage 2;Group Stage;Week 5;JonahP;G2 Esports;43;86;181;97;0,74;112;67;23;7;7;0,21;0,33;1/3;16;29;30;10;3;3;36;3;3;2;31
1725;VCT 2025: Americas Stage 2;Group Stage;Week 5;trent;G2 Esports;22;68;115;67;0,77;77;45;23;14;9;0,14;1;1/1;10;10;15;5;3;2;9;3;3;2;31
1726;VCT 2025: Americas Stage 2;Group Stage;Week 5;trent;G2 Esports;43;83;146;71;0,72;105;47;37;9;14;0,19;0,5;1/2;10;20;28;16;4;6;9;3;3;2;31
1727;VCT 2025: Americas Stage 2;Group Stage;Week 5;jawgemo;G2 Esports;43;127;272;139;0,81;170;10;33;23;5;0,24;0,5;2/4;24;43;31;14;10;2;10;3;3;2;31
1728;VCT 2025: Americas Stage 2;Group Stage;Week 5;supamen;Evil Geniuses;19;112;185;14;0,68;132;74;16;5;5;0,41;1;1/1;14;14;10;3;1;1;127;28;3;2;31
1729;VCT 2025: Americas Stage 2;Group Stage;Week 5;supamen;Evil Geniuses;41;14;222;167;0,8;146;85;54;7;5;0,39;0,25;1/4;21;35;21;22;3;2;127;28;3;2;31
1730;VCT 2025: Americas Stage 2;Group Stage;Week 5;heat;FURIA;22;116;202;107;0,73;130;73;27;18;18;0,21;0,5;2/4;16;16;15;6;4;4;149;31;3;2;31
1731;VCT 2025: Americas Stage 2;Group Stage;Week 5;heat;FURIA;41;7;132;61;0,59;96;49;22;12;17;0,24;0,25;2/8;16;20;33;9;5;7;149;31;3;2;31
1732;VCT 2025: Americas Stage 2;Group Stage;Week 5;adverso;FURIA;19;95;209;87;0,68;127;68;42;11;0;0,19;0,25;1/4;13;13;15;8;2;0;139;31;3;2;31
1733;VCT 2025: Americas Stage 2;Group Stage;Week 5;adverso;FURIA;22;57;133;56;0,64;85;45;18;5;9;0,2;0,25;1/4;10;10;18;4;1;2;139;31;3;2;31
1734;VCT 2025: Americas Stage 2;Group Stage;Week 5;adverso;FURIA;41;74;171;7;0,66;104;56;29;7;5;0,19;0,25;2/8;13;23;33;12;3;2;139;31;3;2;31
1735;VCT 2025: Americas Stage 2;Group Stage;Week 5;tex;LEVIATÃN;23;14;265;14;0,74;162;91;17;4;9;0,56;0,5;2/4;21;21;15;4;1;2;114;25;3;2;31
1736;VCT 2025: Americas Stage 2;Group Stage;Week 5;tex;LEVIATÃN;61;124;212;135;0,84;138;75;3;13;1;0,4;0,29;2/7;21;46;34;18;8;6;114;25;3;2;31
1737;VCT 2025: Americas Stage 2;Group Stage;Week 5;C0M;LEVIATÃN;15;128;193;143;0,87;159;67;4;13;0;0,35;0,5;1/2;10;10;7;6;2;0;115;25;3;2;31
1738;VCT 2025: Americas Stage 2;Group Stage;Week 5;C0M;LEVIATÃN;61;118;217;124;0,75;154;77;34;13;7;0,4;0,11;1/9;21;47;38;21;8;4;115;25;3;2;31
1739;VCT 2025: Americas Stage 2;Group Stage;Week 5;kiNgg;LEVIATÃN;15;103;163;111;0,87;88;67;47;13;0;0,15;1;1/1;10;10;9;7;2;0;128;25;3;2;31
1740;VCT 2025: Americas Stage 2;Group Stage;Week 5;kiNgg;LEVIATÃN;61;101;160;85;0,8;100;56;49;7;5;0,22;0,1;1/10;15;34;40;30;4;3;128;25;3;2;31
1741;VCT 2025: Americas Stage 2;Group Stage;Week 5;Shyy;KRÃœ Esports;37;137;266;144;0,68;180;97;16;5;14;0,42;0,11;1/9;23;36;25;6;2;5;129;29;3;2;31
1742;VCT 2025: Americas Stage 2;Group Stage;Week 5;Shyy;KRÃœ Esports;20;86;160;86;0,7;102;6;15;0;0;0,24;0,2;1/5;12;12;14;3;0;0;129;29;3;2;31
1743;VCT 2025: Americas Stage 2;Group Stage;Week 5;Shyy;KRÃœ Esports;57;119;231;123;0,68;153;84;16;4;9;0,36;0,14;2/14;23;48;39;9;2;5;129;29;3;2;31
1744;VCT 2025: Americas Stage 2;Group Stage;Week 5;Mazino;KRÃœ Esports;37;112;188;10;0,59;134;62;3;5;3;0,27;0,33;2/6;15;23;23;11;2;1;130;29;3;2;31
1745;VCT 2025: Americas Stage 2;Group Stage;Week 5;Mazino;KRÃœ Esports;57;87;166;73;0,63;113;51;42;4;7;0,21;0,25;2/8;15;29;40;24;2;4;130;29;3;2;31
1746;VCT 2025: Americas Stage 2;Group Stage;Week 5;Melser;KRÃœ Esports;57;9;150;86;0,74;102;56;44;12;7;0,28;0,22;2/9;15;32;37;25;7;4;152;29;3;2;31
1747;VCT 2025: Americas Stage 2;Group Stage;Week 5;keznit;KRÃœ Esports;20;131;279;147;0,8;170;11;1;15;5;0,23;0,2;1/5;22;22;15;2;3;1;144;29;3;2;31
1748;VCT 2025: Americas Stage 2;Group Stage;Week 5;keznit;KRÃœ Esports;57;116;259;12;0,77;160;95;25;16;12;0,22;0,14;1/7;22;54;45;14;9;7;144;29;3;2;31
1749;VCT 2025: Americas Stage 2;Group Stage;Week 5;cortezia;MIBR;23;112;225;157;0,78;145;96;4;0;4;0,36;0,5;1/2;22;22;14;1;0;1;53;4;3;2;31
1750;VCT 2025: Americas Stage 2;Group Stage;Week 5;cortezia;MIBR;24;77;151;65;0,75;112;46;33;4;13;0,22;0,33;1/3;11;11;17;8;1;3;53;4;3;2;31
1751;VCT 2025: Americas Stage 2;Group Stage;Week 5;cortezia;MIBR;47;94;188;106;0,77;128;7;19;2;9;0,28;0,4;2/5;22;33;31;9;1;4;53;4;3;2;31
1752;VCT 2025: Americas Stage 2;Group Stage;Week 5;xenom;MIBR;24;123;235;133;0,71;150;83;38;21;0;0,37;0,5;1/2;20;20;15;9;5;0;39;4;3;2;31
1753;VCT 2025: Americas Stage 2;Group Stage;Week 5;xenom;MIBR;47;128;216;146;0,79;139;81;3;17;0;0,34;0,17;1/6;20;38;26;14;8;0;39;4;3;2;31
1754;VCT 2025: Americas Stage 2;Group Stage;Week 5;Verno;MIBR;47;88;167;93;0,7;111;57;3;9;6;0,26;0,33;1/3;15;27;29;14;4;3;13;4;3;2;31
1755;VCT 2025: Americas Stage 2;Group Stage;Week 5;Kess;100 Thieves;46;95;170;94;0,76;111;63;17;7;2;0,46;0,25;2/8;18;29;31;8;3;1;117;26;3;2;31
1756;VCT 2025: Americas Stage 2;Group Stage;Week 5;Kess;100 Thieves;61;79;153;76;0,69;104;56;16;5;7;0,4;0,18;2/11;18;34;45;10;3;4;117;26;3;2;31
1757;VCT 2025: Americas Stage 2;Group Stage;Week 5;zander;100 Thieves;61;86;207;82;0,67;140;69;38;8;16;0,28;0,14;1/7;19;42;51;23;5;10;118;26;3;2;31
1758;VCT 2025: Americas Stage 2;Group Stage;Week 5;Cryocells;100 Thieves;61;113;226;113;0,66;156;87;2;16;8;0,31;0,43;3/7;25;53;47;12;10;5;124;26;3;2;31
1759;VCT 2025: Americas Stage 2;Group Stage;Week 5;mitch;Cloud9;22;47;136;47;0,68;90;41;36;0;18;0,14;0,33;1/3;9;9;19;8;0;4;123;27;3;2;31
1760;VCT 2025: Americas Stage 2;Group Stage;Week 5;mitch;Cloud9;43;59;150;56;0,67;103;44;28;7;16;0,18;0,25;1/4;10;19;34;12;3;7;123;27;3;2;31
1761;VCT 2025: Americas Stage 2;Group Stage;Week 5;OXY;Cloud9;22;147;336;126;0,95;218;109;32;27;14;0,37;0,33;1/3;24;24;19;7;6;3;132;27;3;2;31
1762;VCT 2025: Americas Stage 2;Group Stage;Week 5;OXY;Cloud9;43;143;314;135;0,86;194;107;21;26;16;0,4;0,33;1/3;24;46;34;9;11;7;132;27;3;2;31
1763;VCT 2025: Americas Stage 2;All Stages;All Match Types;xenom;MIBR;124;92;169;89;0,77;112;6;33;7;4;0,35;0,09;2/22;18;75;84;41;9;5;39;4;3;3;25
1764;VCT 2025: Americas Stage 2;All Stages;All Match Types;xenom;MIBR;47;98;186;10;0,66;122;66;3;11;2;0,39;0,4;2/5;20;31;31;14;5;1;39;4;3;3;25
1765;VCT 2025: Americas Stage 2;All Stages;All Match Types;xenom;MIBR;242;94;168;92;0,74;111;6;34;7;4;0,35;0,13;4/31;20;145;157;82;17;9;39;4;3;3;25
1766;VCT 2025: Americas Stage 2;All Stages;All Match Types;cortezia;MIBR;61;97;204;107;0,67;133;8;1;3;7;0,38;0,25;2/8;22;49;46;6;2;4;53;4;3;3;25
1767;VCT 2025: Americas Stage 2;All Stages;All Match Types;cortezia;MIBR;61;92;173;86;0,69;132;62;23;5;1;0,29;0,25;1/4;22;38;44;14;3;6;53;4;3;3;25
1768;VCT 2025: Americas Stage 2;All Stages;All Match Types;cortezia;MIBR;49;132;238;163;0,73;150;9;14;6;12;0,34;0,18;2/11;28;44;27;7;3;6;53;4;3;3;25
1769;VCT 2025: Americas Stage 2;All Stages;All Match Types;cortezia;MIBR;71;107;208;109;0,69;142;72;31;11;7;0,34;0,18;2/11;22;51;47;22;8;5;53;4;3;3;25
1770;VCT 2025: Americas Stage 2;All Stages;All Match Types;cortezia;MIBR;242;106;203;111;0,69;139;75;2;7;9;0,33;0,21;7/34;28;182;164;49;16;21;53;4;3;3;25
1771;VCT 2025: Americas Stage 2;All Stages;All Match Types;Verno;MIBR;26;96;195;79;0,62;125;58;46;8;12;0,46;0,33;1/3;15;15;19;12;2;3;13;4;3;3;25
1772;VCT 2025: Americas Stage 2;All Stages;All Match Types;Verno;MIBR;122;65;134;63;0,66;94;45;23;7;1;0,29;0,2;2/10;15;55;87;28;8;12;13;4;3;3;25
1773;VCT 2025: Americas Stage 2;All Stages;All Match Types;Verno;MIBR;242;72;140;64;0,69;96;45;3;6;9;0,27;0,13;3/23;15;110;171;73;15;22;13;4;3;3;25
1774;VCT 2025: Americas Stage 2;All Stages;All Match Types;artzin;MIBR;47;78;168;85;0,72;118;6;28;2;19;0,21;0,17;1/6;16;28;33;13;1;9;11;4;3;3;25
1775;VCT 2025: Americas Stage 2;All Stages;All Match Types;artzin;MIBR;22;95;232;94;0,59;152;77;23;9;9;0,23;0,5;1/2;17;17;18;5;2;2;11;4;3;3;25
1776;VCT 2025: Americas Stage 2;All Stages;All Match Types;artzin;MIBR;136;81;185;89;0,65;116;65;18;15;22;0,22;0,09;1/11;22;89;100;25;21;30;11;4;3;3;25
1777;VCT 2025: Americas Stage 2;All Stages;All Match Types;artzin;MIBR;242;8;180;85;0,66;119;63;21;11;2;0,22;0,15;3/20;22;153;180;51;26;49;11;4;3;3;25
1778;VCT 2025: Americas Stage 2;All Stages;All Match Types;aspas;MIBR;61;139;290;15;0,79;180;98;13;26;7;0,4;0,14;1/7;24;60;40;8;16;4;12;4;3;3;25
1779;VCT 2025: Americas Stage 2;All Stages;All Match Types;aspas;MIBR;136;103;201;112;0,75;134;74;17;15;7;0,19;0,25;3/12;23;101;90;23;21;10;12;4;3;3;25
1780;VCT 2025: Americas Stage 2;All Stages;All Match Types;aspas;MIBR;242;112;227;122;0,74;147;8;16;19;9;0,26;0,17;4/23;24;194;159;39;46;21;12;4;3;3;25
1781;VCT 2025: Americas Stage 2;All Stages;All Match Types;Zellsis;Sentinels;84;101;180;86;0,82;117;57;69;5;5;0,23;0,14;1/7;18;48;56;58;4;4;122;9;3;3;25
1782;VCT 2025: Americas Stage 2;All Stages;All Match Types;Zellsis;Sentinels;98;107;219;127;0,72;138;77;17;9;9;0,24;0,1;1/10;17;75;59;17;9;9;122;9;3;3;25
1783;VCT 2025: Americas Stage 2;All Stages;All Match Types;Zellsis;Sentinels;204;104;186;109;0,76;122;67;3;7;7;0,21;0,23;6/26;18;136;125;62;14;15;122;9;3;3;25
1784;VCT 2025: Americas Stage 2;All Stages;All Match Types;Zellsis;Sentinels;426;101;190;104;0,75;122;66;34;7;7;0,22;0,15;8/53;18;281;271;145;28;31;122;9;3;3;25
1785;VCT 2025: Americas Stage 2;All Stages;All Match Types;johnqt;Sentinels;103;105;187;113;0,69;130;69;25;5;7;0,28;0,08;2/25;20;71;63;26;5;7;48;9;3;3;25
1786;VCT 2025: Americas Stage 2;All Stages;All Match Types;johnqt;Sentinels;243;125;201;141;0,85;130;7;42;7;2;0,25;0,13;5/38;18;171;121;102;18;4;48;9;3;3;25
1787;VCT 2025: Americas Stage 2;All Stages;All Match Types;johnqt;Sentinels;426;111;184;118;0,8;120;65;4;6;3;0,25;0,1;7/68;20;276;234;171;25;14;48;9;3;3;25
1788;VCT 2025: Americas Stage 2;All Stages;All Match Types;N4RRATE;Sentinels;288;111;219;113;0,76;139;76;36;14;7;0,24;0,21;3/14;22;220;194;103;41;20;41;9;3;3;25
1789;VCT 2025: Americas Stage 2;All Stages;All Match Types;N4RRATE;Sentinels;117;126;243;134;0,79;162;84;3;9;9;0,3;0,1;1/10;27;98;73;35;11;11;41;9;3;3;25
1790;VCT 2025: Americas Stage 2;All Stages;All Match Types;N4RRATE;Sentinels;426;114;225;117;0,76;144;78;33;14;8;0,26;0,17;4/24;27;332;283;141;58;36;41;9;3;3;25
1791;VCT 2025: Americas Stage 2;All Stages;All Match Types;zekken;Sentinels;59;93;206;109;0,69;139;83;5;19;15;0,35;0,33;1/3;27;49;45;3;11;9;42;9;3;3;25
1792;VCT 2025: Americas Stage 2;All Stages;All Match Types;zekken;Sentinels;205;114;246;122;0,73;152;85;21;24;17;0,25;0,25;3/12;25;175;143;44;50;35;42;9;3;3;25
1793;VCT 2025: Americas Stage 2;All Stages;All Match Types;zekken;Sentinels;426;109;234;118;0,71;149;83;18;22;18;0,24;0,18;4/22;27;355;300;76;94;75;42;9;3;3;25
1794;VCT 2025: Americas Stage 2;All Stages;All Match Types;bang;Sentinels;346;105;190;11;0,77;115;68;41;7;8;0,29;0,11;3/27;20;234;213;141;23;26;47;9;3;3;25
1795;VCT 2025: Americas Stage 2;All Stages;All Match Types;bang;Sentinels;80;107;215;106;0,74;137;69;24;11;9;0,29;0,25;2/8;17;55;52;19;9;7;47;9;3;3;25
1796;VCT 2025: Americas Stage 2;All Stages;All Match Types;bang;Sentinels;426;105;195;109;0,76;119;68;38;8;8;0,29;0,14;5/35;20;289;265;160;32;33;47;9;3;3;25
1797;VCT 2025: Americas Stage 2;All Stages;All Match Types;Ethan;Mega Minors;129;109;223;114;0,78;135;78;37;8;8;0,23;0,08;1/12;23;100;88;48;10;10;31;8;3;3;25
1798;VCT 2025: Americas Stage 2;All Stages;All Match Types;Ethan;Mega Minors;63;114;199;114;0,75;121;67;51;6;6;0,21;0,5;2/4;16;42;37;32;4;4;31;8;3;3;25
1799;VCT 2025: Americas Stage 2;All Stages;All Match Types;Ethan;Mega Minors;209;10;186;93;0,76;118;61;48;7;7;0,23;0,08;1/13;18;127;137;101;14;14;31;8;3;3;25
1800;VCT 2025: Americas Stage 2;All Stages;All Match Types;Ethan;Mega Minors;101;92;191;78;0,75;127;58;51;8;12;0,22;0,22;2/9;20;59;76;52;8;12;31;8;3;3;25
1801;VCT 2025: Americas Stage 2;All Stages;All Match Types;Ethan;Mega Minors;568;102;195;96;0,75;124;65;45;7;7;0,23;0,13;6/48;23;367;384;257;41;42;31;8;3;3;25
1802;VCT 2025: Americas Stage 2;All Stages;All Match Types;s0m;Mega Minors;90;122;225;115;0,81;147;76;51;8;1;0,26;0,23;3/13;19;68;59;46;7;9;28;8;3;3;25
1803;VCT 2025: Americas Stage 2;All Stages;All Match Types;s0m;Mega Minors;295;106;197;108;0,75;125;71;41;9;11;0,24;0,22;5/23;22;209;194;121;27;33;28;8;3;3;25
1804;VCT 2025: Americas Stage 2;All Stages;All Match Types;s0m;Mega Minors;84;116;211;115;0,75;140;73;51;7;11;0,3;0,33;3/9;19;61;53;43;6;9;28;8;3;3;25
1805;VCT 2025: Americas Stage 2;All Stages;All Match Types;s0m;Mega Minors;568;104;197;103;0,74;128;69;4;9;11;0,26;0,23;11/47;22;393;380;229;50;61;28;8;3;3;25
1806;VCT 2025: Americas Stage 2;All Stages;All Match Types;skuba;Mega Minors;47;74;145;75;0,68;96;51;3;0;9;0,25;0,25;2/8;14;24;32;14;0;4;24;8;3;3;25
1807;VCT 2025: Americas Stage 2;All Stages;All Match Types;skuba;Mega Minors;380;109;196;12;0,76;130;72;3;7;7;0,24;0,17;11/63;26;275;229;113;28;28;24;8;3;3;25
1808;VCT 2025: Americas Stage 2;All Stages;All Match Types;skuba;Mega Minors;568;107;190;114;0,75;127;7;28;6;7;0,25;0,14;13/91;26;397;347;161;35;41;24;8;3;3;25
1809;VCT 2025: Americas Stage 2;All Stages;All Match Types;brawk;Mega Minors;349;116;227;119;0,74;151;76;29;8;3;0,21;0,14;7/50;25;265;222;100;29;11;30;8;3;3;25
1810;VCT 2025: Americas Stage 2;All Stages;All Match Types;brawk;Mega Minors;129;132;224;146;0,83;139;79;37;6;4;0,16;0,05;1/19;22;102;70;48;8;5;30;8;3;3;25
1811;VCT 2025: Americas Stage 2;All Stages;All Match Types;brawk;Mega Minors;568;113;214;115;0,74;139;72;32;7;4;0,19;0,1;8/80;25;411;356;179;41;22;30;8;3;3;25
1812;VCT 2025: Americas Stage 2;All Stages;All Match Types;mada;Mega Minors;238;89;206;9;0,66;133;69;18;22;23;0,22;0,33;2/6;24;164;182;42;52;54;29;8;3;3;25
1813;VCT 2025: Americas Stage 2;All Stages;All Match Types;mada;Mega Minors;568;104;223;111;0,7;142;78;17;22;2;0,26;0,12;2/17;26;442;400;97;124;111;29;8;3;3;25
1814;VCT 2025: Americas Stage 2;All Stages;All Match Types;NaturE;Evil Geniuses;40;97;221;88;0,7;130;7;48;0;5;0,21;0,2;1/5;18;28;32;19;0;2;146;28;3;3;25
1815;VCT 2025: Americas Stage 2;All Stages;All Match Types;NaturE;Evil Geniuses;81;10;204;88;0,84;125;64;64;7;5;0,21;0,14;1/7;17;52;59;52;6;4;146;28;3;3;25
1816;VCT 2025: Americas Stage 2;All Stages;All Match Types;NaturE;Evil Geniuses;86;89;168;84;0,72;114;56;36;6;7;0,22;0,22;2/9;18;48;57;31;5;6;146;28;3;3;25
1817;VCT 2025: Americas Stage 2;All Stages;All Match Types;NaturE;Evil Geniuses;289;89;180;8;0,74;113;58;45;5;7;0,21;0,13;4/30;18;169;212;130;14;21;146;28;3;3;25
1818;VCT 2025: Americas Stage 2;All Stages;All Match Types;yay;Evil Geniuses;86;115;259;122;0,67;162;92;1;19;17;0,33;0,08;1/12;29;79;65;9;16;15;147;28;3;3;25
1819;VCT 2025: Americas Stage 2;All Stages;All Match Types;yay;Evil Geniuses;121;96;212;97;0,62;143;75;17;22;3;0,24;0,2;1/5;23;91;94;21;27;36;147;28;3;3;25
1820;VCT 2025: Americas Stage 2;All Stages;All Match Types;yay;Evil Geniuses;289;95;218;98;0,64;142;77;19;17;21;0,29;0,09;2/23;29;223;228;56;48;60;147;28;3;3;25
1821;VCT 2025: Americas Stage 2;All Stages;All Match Types;Derrek;Evil Geniuses;86;11;230;111;0,74;142;83;24;8;6;0,38;0,11;1/9;21;71;64;21;7;5;142;28;3;3;25
1822;VCT 2025: Americas Stage 2;All Stages;All Match Types;Derrek;Evil Geniuses;121;112;204;98;0,67;152;68;32;7;3;0,28;0,09;2/23;19;82;84;39;9;4;142;28;3;3;25
1823;VCT 2025: Americas Stage 2;All Stages;All Match Types;Derrek;Evil Geniuses;41;79;170;68;0,68;123;51;39;2;0;0,24;0,11;1/9;11;21;31;16;1;0;142;28;3;3;25
1824;VCT 2025: Americas Stage 2;All Stages;All Match Types;Derrek;Evil Geniuses;289;107;210;10;0,7;148;73;29;7;4;0,31;0,08;4/50;30;210;209;84;20;13;142;28;3;3;25
1825;VCT 2025: Americas Stage 2;All Stages;All Match Types;icy;Evil Geniuses;86;79;176;86;0,7;120;64;17;8;19;0,28;0,17;1/6;22;55;64;15;7;16;143;28;3;3;25
1826;VCT 2025: Americas Stage 2;All Stages;All Match Types;icy;Evil Geniuses;82;96;194;92;0,62;124;68;17;15;24;0,24;0,33;2/6;20;56;61;14;12;20;143;28;3;3;25
1827;VCT 2025: Americas Stage 2;All Stages;All Match Types;icy;Evil Geniuses;289;85;168;82;0,65;112;6;19;9;14;0,28;0,11;3/28;22;173;211;54;27;40;143;28;3;3;25
1828;VCT 2025: Americas Stage 2;All Stages;All Match Types;supamen;Evil Geniuses;121;91;160;87;0,75;100;61;42;7;1;0,38;0,19;3/16;21;74;85;51;9;12;127;28;3;3;25
1829;VCT 2025: Americas Stage 2;All Stages;All Match Types;supamen;Evil Geniuses;168;77;150;71;0,57;103;52;17;7;8;0,33;0,11;3/27;15;87;122;28;11;14;127;28;3;3;25
1830;VCT 2025: Americas Stage 2;All Stages;All Match Types;supamen;Evil Geniuses;289;83;154;78;0,65;102;56;27;7;9;0,35;0,14;6/43;21;161;207;79;20;26;127;28;3;3;25
1831;VCT 2025: Americas Stage 2;All Stages;All Match Types;gobera;2Game Esports;119;94;175;88;0,72;110;6;49;6;3;0,28;0,23;3/13;17;71;81;58;7;4;133;30;3;3;25
1832;VCT 2025: Americas Stage 2;All Stages;All Match Types;gobera;2Game Esports;78;36;92;34;0,47;66;28;18;3;8;0,25;0,08;1/12;9;22;65;14;2;6;133;30;3;3;25
1833;VCT 2025: Americas Stage 2;All Stages;All Match Types;gobera;2Game Esports;15;208;356;263;0,93;236;14;13;0;7;0,31;1;4/4;21;21;8;2;0;1;133;30;3;3;25
1834;VCT 2025: Americas Stage 2;All Stages;All Match Types;gobera;2Game Esports;40;61;132;61;0,55;94;48;13;8;8;0,25;0,29;2/7;15;19;31;5;3;3;133;30;3;3;25
1835;VCT 2025: Americas Stage 2;All Stages;All Match Types;gobera;2Game Esports;252;78;157;72;0,63;101;53;31;5;6;0,27;0,28;10/36;21;133;185;79;12;14;133;30;3;3;25
1836;VCT 2025: Americas Stage 2;All Stages;All Match Types;lz;2Game Esports;238;88;163;83;0,7;104;57;42;8;11;0,4;0,17;5/30;19;135;163;101;20;26;136;30;3;3;25
1837;VCT 2025: Americas Stage 2;All Stages;All Match Types;lz;2Game Esports;252;86;161;79;0,7;103;56;42;8;1;0,4;0,16;5/32;19;140;177;106;21;26;136;30;3;3;25
1838;VCT 2025: Americas Stage 2;All Stages;All Match Types;silentzz;2Game Esports;82;114;194;129;0,71;129;76;13;7;7;0,48;0,22;2/9;19;62;48;11;6;6;134;30;3;3;25
1839;VCT 2025: Americas Stage 2;All Stages;All Match Types;silentzz;2Game Esports;37;87;153;72;0,73;104;49;3;5;0;0,23;0,08;1/13;10;18;25;11;2;0;134;30;3;3;25
1840;VCT 2025: Americas Stage 2;All Stages;All Match Types;silentzz;2Game Esports;252;107;198;114;0,69;135;75;14;12;1;0,37;0,09;3/34;26;189;166;36;29;26;134;30;3;3;25
1841;VCT 2025: Americas Stage 2;All Stages;All Match Types;pryze;2Game Esports;101;85;182;73;0,64;125;6;36;3;6;0,19;0,08;1/13;20;61;84;36;3;6;148;30;3;3;25
1842;VCT 2025: Americas Stage 2;All Stages;All Match Types;pryze;2Game Esports;151;95;176;87;0,66;123;6;25;7;4;0,25;0,15;3/20;16;91;105;38;10;6;148;30;3;3;25
1843;VCT 2025: Americas Stage 2;All Stages;All Match Types;pryze;2Game Esports;252;91;179;8;0,65;124;6;29;5;5;0,22;0,12;4/33;20;152;189;74;13;12;148;30;3;3;25
1844;VCT 2025: Americas Stage 2;All Stages;All Match Types;spike;2Game Esports;58;99;206;86;0,66;126;66;55;9;14;0,25;0,17;1/6;14;38;44;32;5;8;135;30;3;3;25
1845;VCT 2025: Americas Stage 2;All Stages;All Match Types;spike;2Game Esports;145;109;264;121;0,72;167;91;21;26;21;0,22;0,4;2/5;27;132;109;31;37;30;135;30;3;3;25
1846;VCT 2025: Americas Stage 2;All Stages;All Match Types;spike;2Game Esports;252;99;232;103;0,66;149;8;27;19;2;0,25;0,19;3/16;27;202;196;69;49;50;135;30;3;3;25
1847;VCT 2025: Americas Stage 2;All Stages;All Match Types;cauanzin;LOUD;48;97;212;106;0,69;136;77;21;8;4;0,23;0,29;2/7;19;37;35;10;4;2;145;32;3;3;25
1848;VCT 2025: Americas Stage 2;All Stages;All Match Types;cauanzin;LOUD;276;92;194;91;0,7;126;67;31;9;7;0,25;0,1;2/20;21;185;204;86;24;20;145;32;3;3;25
1849;VCT 2025: Americas Stage 2;All Stages;All Match Types;pANcada;LOUD;65;97;172;88;0,71;117;58;52;5;6;0,39;0,22;2/9;18;38;43;34;3;4;140;32;3;3;25
1850;VCT 2025: Americas Stage 2;All Stages;All Match Types;pANcada;LOUD;163;73;144;64;0,62;97;47;3;3;6;0,38;0,1;3/31;16;77;120;49;5;9;140;32;3;3;25
1851;VCT 2025: Americas Stage 2;All Stages;All Match Types;pANcada;LOUD;48;129;232;138;0,71;157;83;25;8;2;0,38;0,13;1/8;28;40;29;12;4;1;140;32;3;3;25
1852;VCT 2025: Americas Stage 2;All Stages;All Match Types;pANcada;LOUD;276;89;164;81;0,66;112;56;34;4;5;0,38;0,13;6/48;28;155;192;95;12;14;140;32;3;3;25
1853;VCT 2025: Americas Stage 2;All Stages;All Match Types;lukxo;LOUD;115;111;224;119;0,71;145;83;16;17;7;0,36;0,06;1/16;24;95;80;18;19;8;150;32;3;3;25
1854;VCT 2025: Americas Stage 2;All Stages;All Match Types;lukxo;LOUD;113;96;191;95;0,64;133;69;18;9;8;0,34;0,1;2/20;28;78;82;20;10;9;150;32;3;3;25
1855;VCT 2025: Americas Stage 2;All Stages;All Match Types;lukxo;LOUD;276;103;211;106;0,68;140;76;18;14;8;0,34;0,08;3/39;28;209;198;49;40;23;150;32;3;3;25
1856;VCT 2025: Americas Stage 2;All Stages;All Match Types;RobbieBk;LOUD;65;92;176;87;0,68;115;6;29;3;9;0,37;0,29;2/7;17;39;45;19;2;6;141;32;3;3;25
1857;VCT 2025: Americas Stage 2;All Stages;All Match Types;RobbieBk;LOUD;115;78;138;72;0,63;100;5;2;4;8;0,37;0,23;3/13;12;57;79;23;5;9;141;32;3;3;25
1858;VCT 2025: Americas Stage 2;All Stages;All Match Types;RobbieBk;LOUD;276;78;149;73;0,63;103;51;24;4;7;0,35;0,17;5/29;17;142;194;65;10;20;141;32;3;3;25
1859;VCT 2025: Americas Stage 2;All Stages;All Match Types;Virtyy;LOUD;97;89;221;88;0,63;130;73;2;2;21;0,28;0,11;1/9;18;71;81;19;19;20;153;32;3;3;25
1860;VCT 2025: Americas Stage 2;All Stages;All Match Types;Virtyy;LOUD;91;102;220;103;0,68;138;76;18;18;29;0,2;0,17;1/6;25;69;67;16;16;26;153;32;3;3;25
1861;VCT 2025: Americas Stage 2;All Stages;All Match Types;Virtyy;LOUD;276;101;214;103;0,68;133;74;18;19;22;0,25;0,09;2/22;25;203;198;49;53;60;153;32;3;3;25
1862;VCT 2025: Americas Stage 2;All Stages;All Match Types;Urango;FURIA;77;72;142;6;0,7;93;49;34;0;14;0,34;0,23;3/13;14;38;63;26;0;11;151;31;3;3;25
1863;VCT 2025: Americas Stage 2;All Stages;All Match Types;Urango;FURIA;196;59;140;55;0,63;94;47;26;3;14;0,31;0,13;3/24;14;93;168;50;5;27;151;31;3;3;25
1864;VCT 2025: Americas Stage 2;All Stages;All Match Types;tuyz;FURIA;17;72;104;46;0,47;74;35;47;0;12;0,55;0,33;1/3;6;6;13;8;0;2;138;31;3;3;25
1865;VCT 2025: Americas Stage 2;All Stages;All Match Types;tuyz;FURIA;179;72;139;63;0,69;95;49;35;6;8;0,27;0,11;3/28;17;87;139;63;10;14;138;31;3;3;25
1866;VCT 2025: Americas Stage 2;All Stages;All Match Types;tuyz;FURIA;196;72;136;61;0,67;94;47;36;5;8;0,28;0,13;4/31;17;93;152;71;10;16;138;31;3;3;25
1867;VCT 2025: Americas Stage 2;All Stages;All Match Types;heat;FURIA;40;122;226;115;0,68;140;78;18;2;13;0,19;0,2;2/10;16;31;27;7;8;5;149;31;3;3;25
1868;VCT 2025: Americas Stage 2;All Stages;All Match Types;heat;FURIA;125;77;168;68;0,62;114;56;18;6;1;0,35;0,03;1/30;18;70;103;23;8;12;149;31;3;3;25
1869;VCT 2025: Americas Stage 2;All Stages;All Match Types;heat;FURIA;196;87;185;77;0,63;124;62;19;8;1;0,3;0,06;3/47;18;121;158;37;16;20;149;31;3;3;25
1870;VCT 2025: Americas Stage 2;All Stages;All Match Types;adverso;FURIA;60;101;208;88;0,8;138;7;37;8;8;0,19;0,2;2/10;21;42;48;22;5;5;139;31;3;3;25
1871;VCT 2025: Americas Stage 2;All Stages;All Match Types;adverso;FURIA;79;83;192;74;0,66;134;66;2;4;1;0,18;0,17;3/18;13;52;70;16;3;1;139;31;3;3;25
1872;VCT 2025: Americas Stage 2;All Stages;All Match Types;adverso;FURIA;40;75;173;74;0,63;108;58;15;5;13;0,26;0,17;1/6;13;23;31;6;2;5;139;31;3;3;25
1873;VCT 2025: Americas Stage 2;All Stages;All Match Types;adverso;FURIA;196;85;188;76;0,67;125;64;24;6;8;0,2;0,17;6/35;21;125;164;47;12;16;139;31;3;3;25
1874;VCT 2025: Americas Stage 2;All Stages;All Match Types;v1c;Cloud9;31;178;290;309;0,97;174;11;45;19;6;0,32;1;1/1;21;34;11;14;6;2;120;27;3;3;25
1875;VCT 2025: Americas Stage 2;All Stages;All Match Types;v1c;Cloud9;363;102;190;10;0,77;125;68;41;7;6;0,3;0,15;6/41;22;248;249;148;27;20;120;27;3;3;25
1876;VCT 2025: Americas Stage 2;All Stages;All Match Types;v1c;Cloud9;442;106;200;108;0,78;129;71;38;9;7;0,3;0,16;7/43;22;315;292;169;40;32;120;27;3;3;25
1877;VCT 2025: Americas Stage 2;All Stages;All Match Types;neT;Cloud9;421;91;164;92;0,73;108;59;26;8;11;0,31;0,23;12/53;22;250;272;109;33;46;121;27;3;3;25
1878;VCT 2025: Americas Stage 2;All Stages;All Match Types;neT;Cloud9;442;9;164;91;0,72;108;59;25;7;11;0,31;0,21;12/56;22;261;288;112;33;49;121;27;3;3;25
1879;VCT 2025: Americas Stage 2;All Stages;All Match Types;mitch;Cloud9;150;79;159;71;0,73;105;51;39;7;13;0,19;0,15;3/20;16;77;108;59;10;20;123;27;3;3;25
1880;VCT 2025: Americas Stage 2;All Stages;All Match Types;mitch;Cloud9;223;101;184;96;0,75;119;6;47;5;1;0,18;0,2;4/20;18;133;139;105;11;23;123;27;3;3;25
1881;VCT 2025: Americas Stage 2;All Stages;All Match Types;mitch;Cloud9;69;95;183;95;0,72;126;61;2;6;9;0,27;0,33;2/6;18;42;44;14;4;6;123;27;3;3;25
1882;VCT 2025: Americas Stage 2;All Stages;All Match Types;mitch;Cloud9;442;93;175;87;0,74;116;57;4;6;11;0,19;0,2;9/46;18;252;291;178;25;49;123;27;3;3;25
1883;VCT 2025: Americas Stage 2;All Stages;All Match Types;OXY;Cloud9;118;119;262;12;0,77;174;97;21;19;16;0,27;0,3;3/10;27;115;96;25;23;19;132;27;3;3;25
1884;VCT 2025: Americas Stage 2;All Stages;All Match Types;OXY;Cloud9;195;114;246;121;0,77;160;85;19;16;15;0,23;0,25;3/12;27;166;137;38;31;30;132;27;3;3;25
1885;VCT 2025: Americas Stage 2;All Stages;All Match Types;OXY;Cloud9;442;117;255;125;0,76;160;91;17;19;16;0,27;0,2;6/30;27;404;324;75;85;70;132;27;3;3;25
1886;VCT 2025: Americas Stage 2;All Stages;All Match Types;Xeppaa;Cloud9;156;88;185;92;0,71;127;63;16;6;6;0,23;0,18;3/17;18;98;107;25;10;10;119;27;3;3;25
1887;VCT 2025: Americas Stage 2;All Stages;All Match Types;Xeppaa;Cloud9;286;103;208;103;0,78;135;73;34;8;6;0,23;0,15;6/40;22;208;201;98;23;16;119;27;3;3;25
1888;VCT 2025: Americas Stage 2;All Stages;All Match Types;Xeppaa;Cloud9;442;98;201;99;0,76;132;69;28;7;6;0,23;0,16;9/57;22;306;308;123;33;26;119;27;3;3;25
1889;VCT 2025: Americas Stage 2;All Stages;All Match Types;valyn;G2 Esports;65;119;214;128;0,8;141;77;43;12;5;0,3;0,2;1/5;20;50;39;28;8;3;35;3;3;3;25
1890;VCT 2025: Americas Stage 2;All Stages;All Match Types;valyn;G2 Esports;387;113;214;122;0,76;135;79;38;7;7;0,27;0,17;4/23;26;307;251;147;29;28;35;3;3;3;25
1891;VCT 2025: Americas Stage 2;All Stages;All Match Types;valyn;G2 Esports;452;114;214;123;0,76;136;79;39;8;7;0,27;0,18;5/28;26;357;290;175;37;31;35;3;3;3;25
1892;VCT 2025: Americas Stage 2;All Stages;All Match Types;leaf;G2 Esports;45;126;240;13;0,71;157;87;13;13;11;0,24;0,2;2/10;20;39;30;6;6;5;8;3;3;3;25
1893;VCT 2025: Americas Stage 2;All Stages;All Match Types;leaf;G2 Esports;21;91;165;108;0,67;113;62;14;14;14;0,23;1;1/1;13;13;12;3;3;3;8;3;3;3;25
1894;VCT 2025: Americas Stage 2;All Stages;All Match Types;leaf;G2 Esports;111;107;211;111;0,66;140;75;2;14;11;0,26;0,23;3/13;20;83;75;22;16;12;8;3;3;3;25
1895;VCT 2025: Americas Stage 2;All Stages;All Match Types;BABYBAY;G2 Esports;161;11;206;12;0,77;136;75;18;17;11;0,2;0,26;5/19;23;120;100;29;27;17;113;3;3;3;25
1896;VCT 2025: Americas Stage 2;All Stages;All Match Types;BABYBAY;G2 Esports;86;107;226;115;0,73;138;73;27;14;1;0,24;0,08;1/12;18;63;55;23;12;9;113;3;3;3;25
1897;VCT 2025: Americas Stage 2;All Stages;All Match Types;BABYBAY;G2 Esports;341;102;198;109;0,76;129;69;25;13;11;0,22;0,15;6/40;23;234;215;84;45;39;113;3;3;3;25
1898;VCT 2025: Americas Stage 2;All Stages;All Match Types;JonahP;G2 Esports;134;108;206;111;0,76;127;72;37;6;9;0,23;0,17;3/18;19;97;87;49;8;12;36;3;3;3;25
1899;VCT 2025: Americas Stage 2;All Stages;All Match Types;JonahP;G2 Esports;101;11;178;107;0,76;118;63;41;8;5;0,25;0,31;5/16;19;64;60;41;8;5;36;3;3;3;25
1900;VCT 2025: Americas Stage 2;All Stages;All Match Types;JonahP;G2 Esports;98;135;248;151;0,84;152;88;32;17;8;0,26;0,25;3/12;23;86;57;31;17;8;36;3;3;3;25
1901;VCT 2025: Americas Stage 2;All Stages;All Match Types;JonahP;G2 Esports;119;102;196;116;0,73;123;72;24;11;8;0,21;0,44;4/9;19;86;74;29;13;9;36;3;3;3;25
1902;VCT 2025: Americas Stage 2;All Stages;All Match Types;JonahP;G2 Esports;452;113;206;12;0,77;129;74;33;1;8;0,23;0,27;15/55;23;333;278;150;46;34;36;3;3;3;25
1903;VCT 2025: Americas Stage 2;All Stages;All Match Types;trent;G2 Esports;178;108;179;115;0,8;116;67;37;4;6;0,28;0,17;4/23;19;120;104;66;7;11;9;3;3;3;25
1904;VCT 2025: Americas Stage 2;All Stages;All Match Types;trent;G2 Esports;140;131;243;137;0,75;165;81;34;6;7;0,3;0,19;4/21;21;114;83;48;9;10;9;3;3;3;25
1905;VCT 2025: Americas Stage 2;All Stages;All Match Types;trent;G2 Esports;134;86;152;88;0,69;99;57;25;1;7;0,2;0,2;2/10;16;76;86;33;14;10;9;3;3;3;25
1906;VCT 2025: Americas Stage 2;All Stages;All Match Types;trent;G2 Esports;452;108;192;114;0,75;126;69;33;7;7;0,26;0,19;10/54;21;310;273;147;30;31;9;3;3;3;25
1907;VCT 2025: Americas Stage 2;All Stages;All Match Types;jawgemo;G2 Esports;327;108;222;119;0,76;142;8;26;15;11;0,22;0,17;4/23;25;262;220;85;48;37;10;3;3;3;25
1908;VCT 2025: Americas Stage 2;All Stages;All Match Types;jawgemo;G2 Esports;452;105;228;114;0,74;142;81;24;16;13;0,23;0,16;4/25;25;364;318;109;72;59;10;3;3;3;25
1909;VCT 2025: Americas Stage 2;All Stages;All Match Types;Okeanos;LEVIATÃN;116;85;188;9;0,71;128;66;17;9;13;0,27;0,33;2/6;20;77;86;20;10;15;116;25;3;3;25
1910;VCT 2025: Americas Stage 2;All Stages;All Match Types;Okeanos;LEVIATÃN;161;115;222;125;0,78;147;82;37;11;9;0,32;0,14;3/21;30;132;106;60;18;14;116;25;3;3;25
1911;VCT 2025: Americas Stage 2;All Stages;All Match Types;Okeanos;LEVIATÃN;463;102;201;102;0,75;133;71;38;9;9;0,33;0,11;5/44;30;331;326;176;42;41;116;25;3;3;25
1912;VCT 2025: Americas Stage 2;All Stages;All Match Types;tex;LEVIATÃN;55;84;157;95;0,62;106;64;11;4;13;0,23;0,25;2/8;16;35;37;6;2;7;114;25;3;3;25
1913;VCT 2025: Americas Stage 2;All Stages;All Match Types;tex;LEVIATÃN;139;91;173;92;0,69;111;61;19;8;9;0,32;0,18;3/17;21;85;92;27;11;12;114;25;3;3;25
1914;VCT 2025: Americas Stage 2;All Stages;All Match Types;tex;LEVIATÃN;104;71;157;78;0,67;112;62;13;9;12;0,34;0,13;1/8;18;64;82;13;9;12;114;25;3;3;25
1915;VCT 2025: Americas Stage 2;All Stages;All Match Types;tex;LEVIATÃN;463;83;162;85;0,69;108;59;17;9;1;0,32;0,12;6/51;21;273;321;80;42;47;114;25;3;3;25
1916;VCT 2025: Americas Stage 2;All Stages;All Match Types;C0M;LEVIATÃN;171;89;150;84;0,71;103;51;29;8;5;0,28;0,19;5/27;20;87;104;49;13;9;115;25;3;3;25
1917;VCT 2025: Americas Stage 2;All Stages;All Match Types;C0M;LEVIATÃN;292;101;182;99;0,72;127;63;29;4;6;0,26;0,12;5/42;22;184;186;86;13;17;115;25;3;3;25
1918;VCT 2025: Americas Stage 2;All Stages;All Match Types;C0M;LEVIATÃN;463;96;170;93;0,72;118;59;29;6;6;0,27;0,14;10/69;22;271;290;135;26;26;115;25;3;3;25
1919;VCT 2025: Americas Stage 2;All Stages;All Match Types;Sato;LEVIATÃN;86;89;196;94;0,59;132;73;1;15;24;0,35;0,17;1/6;25;63;67;9;13;21;137;25;3;3;25
1920;VCT 2025: Americas Stage 2;All Stages;All Match Types;Sato;LEVIATÃN;81;103;241;115;0,74;156;88;19;15;2;0,34;0,33;1/3;23;71;62;15;12;16;137;25;3;3;25
1921;VCT 2025: Americas Stage 2;All Stages;All Match Types;Sato;LEVIATÃN;463;112;254;12;0,71;164;9;17;19;18;0,33;0,13;2/15;35;418;349;79;86;85;137;25;3;3;25
1922;VCT 2025: Americas Stage 2;All Stages;All Match Types;kiNgg;LEVIATÃN;197;108;190;106;0,74;118;66;42;8;8;0,28;0,2;6/30;19;131;124;83;16;15;128;25;3;3;25
1923;VCT 2025: Americas Stage 2;All Stages;All Match Types;kiNgg;LEVIATÃN;234;11;200;103;0,73;133;67;27;6;6;0,25;0,15;5/33;25;156;151;63;14;14;128;25;3;3;25
1924;VCT 2025: Americas Stage 2;All Stages;All Match Types;kiNgg;LEVIATÃN;463;108;194;104;0,73;126;67;33;8;7;0,27;0,17;11/64;25;308;297;154;35;33;128;25;3;3;25
1925;VCT 2025: Americas Stage 2;All Stages;All Match Types;Kess;100 Thieves;104;104;189;94;0,75;117;62;56;1;7;0,28;0,09;1/11;18;64;68;58;10;7;117;26;3;3;25
1926;VCT 2025: Americas Stage 2;All Stages;All Match Types;Kess;100 Thieves;135;79;159;8;0,65;101;59;13;7;7;0,37;0,24;5/21;18;79;99;18;9;10;117;26;3;3;25
1927;VCT 2025: Americas Stage 2;All Stages;All Match Types;Kess;100 Thieves;49;76;160;69;0,67;118;51;2;1;6;0,23;0,11;1/9;13;25;36;10;5;3;117;26;3;3;25
1928;VCT 2025: Americas Stage 2;All Stages;All Match Types;Kess;100 Thieves;41;82;174;97;0,63;128;68;12;2;12;0,24;0,14;1/7;23;28;29;5;1;5;117;26;3;3;25
1929;VCT 2025: Americas Stage 2;All Stages;All Match Types;Kess;100 Thieves;372;9;173;88;0,7;113;6;29;7;7;0,28;0,15;8/52;23;224;256;107;27;26;117;26;3;3;25
1930;VCT 2025: Americas Stage 2;All Stages;All Match Types;Cryocells;100 Thieves;43;14;244;177;0,86;156;91;14;33;2;0,29;0,17;1/6;24;39;22;6;14;1;124;26;3;3;25
1931;VCT 2025: Americas Stage 2;All Stages;All Match Types;Cryocells;100 Thieves;49;142;292;157;0,86;184;112;6;2;14;0,41;0,25;2/8;35;55;35;3;10;7;124;26;3;3;25
1932;VCT 2025: Americas Stage 2;All Stages;All Match Types;Cryocells;100 Thieves;280;105;208;111;0,75;138;77;25;11;9;0,28;0,15;4/26;27;216;195;70;32;25;124;26;3;3;25
1933;VCT 2025: Americas Stage 2;All Stages;All Match Types;Cryocells;100 Thieves;372;114;221;123;0,78;146;83;21;15;9;0,3;0,18;7/40;35;310;252;79;56;33;124;26;3;3;25
1934;VCT 2025: Americas Stage 2;All Stages;All Match Types;eeiu;100 Thieves;145;96;157;106;0,77;100;61;33;6;1;0,28;0,15;2/13;19;89;84;48;9;14;125;26;3;3;25
1935;VCT 2025: Americas Stage 2;All Stages;All Match Types;eeiu;100 Thieves;227;112;218;114;0,71;146;78;24;7;5;0,34;0,03;1/34;26;177;155;55;15;12;125;26;3;3;25
1936;VCT 2025: Americas Stage 2;All Stages;All Match Types;eeiu;100 Thieves;372;106;194;111;0,74;128;72;28;6;7;0,31;0,06;3/47;26;266;239;103;24;26;125;26;3;3;25
1937;VCT 2025: Americas Stage 2;All Stages;All Match Types;Asuna;100 Thieves;145;13;267;142;0,77;173;89;28;18;12;0,19;0,33;4/12;24;129;91;41;26;18;126;26;3;3;25
1938;VCT 2025: Americas Stage 2;All Stages;All Match Types;Asuna;100 Thieves;43;9;198;87;0,79;123;6;42;14;12;0,24;1;1/1;15;26;30;18;6;5;126;26;3;3;25
1939;VCT 2025: Americas Stage 2;All Stages;All Match Types;Asuna;100 Thieves;372;101;207;10;0,74;135;68;29;13;15;0,21;0,18;5/28;24;253;253;107;48;54;126;26;3;3;25
1940;VCT 2025: Americas Stage 2;All Stages;All Match Types;zander;100 Thieves;219;95;193;91;0,72;126;67;44;9;11;0,27;0,13;3/23;23;147;161;96;20;24;118;26;3;3;25
1941;VCT 2025: Americas Stage 2;All Stages;All Match Types;zander;100 Thieves;153;98;207;109;0,73;131;71;16;14;8;0,25;0,17;2/12;19;109;100;24;22;12;118;26;3;3;25
1942;VCT 2025: Americas Stage 2;All Stages;All Match Types;zander;100 Thieves;372;96;198;98;0,72;128;69;32;11;1;0,26;0,14;5/35;23;256;261;120;42;36;118;26;3;3;25
1943;VCT 2025: Americas Stage 2;All Stages;All Match Types;Melser;KRÃœ Esports;59;76;157;67;0,66;104;53;25;3;5;0,25;0,1;1/10;11;31;46;15;2;3;152;29;3;3;25
1944;VCT 2025: Americas Stage 2;All Stages;All Match Types;Melser;KRÃœ Esports;236;10;164;10;0,77;106;62;39;6;9;0,27;0,09;3/32;20;146;146;93;15;22;152;29;3;3;25
1945;VCT 2025: Americas Stage 2;All Stages;All Match Types;Melser;KRÃœ Esports;334;93;159;9;0,73;104;59;36;6;8;0,26;0,09;4/47;20;196;218;119;19;28;152;29;3;3;25
1946;VCT 2025: Americas Stage 2;All Stages;All Match Types;Shyy;KRÃœ Esports;190;99;184;98;0,72;126;65;26;8;7;0,29;0,1;3/29;23;124;126;50;15;13;129;29;3;3;25
1947;VCT 2025: Americas Stage 2;All Stages;All Match Types;Shyy;KRÃœ Esports;87;103;196;109;0,72;126;7;21;5;5;0,35;0,23;3/13;20;61;56;18;4;4;129;29;3;3;25
1948;VCT 2025: Americas Stage 2;All Stages;All Match Types;Shyy;KRÃœ Esports;334;97;183;96;0,71;124;64;23;7;7;0,3;0,12;6/51;23;214;222;76;23;23;129;29;3;3;25
1949;VCT 2025: Americas Stage 2;All Stages;All Match Types;Mazino;KRÃœ Esports;87;99;206;102;0,74;127;7;4;8;9;0,23;0,17;2/12;22;61;60;35;7;8;130;29;3;3;25
1950;VCT 2025: Americas Stage 2;All Stages;All Match Types;Mazino;KRÃœ Esports;190;103;202;101;0,71;136;68;31;9;7;0,24;0,24;5/21;17;129;128;58;17;13;130;29;3;3;25
1951;VCT 2025: Americas Stage 2;All Stages;All Match Types;Mazino;KRÃœ Esports;334;96;191;94;0,7;127;65;31;7;8;0,24;0,16;7/44;22;216;230;104;25;27;130;29;3;3;25
1952;VCT 2025: Americas Stage 2;All Stages;All Match Types;keznit;KRÃœ Esports;86;113;214;118;0,79;149;78;33;5;13;0,28;0,17;1/6;22;67;57;28;4;11;144;29;3;3;25
1953;VCT 2025: Americas Stage 2;All Stages;All Match Types;keznit;KRÃœ Esports;87;99;235;103;0,68;150;79;18;13;14;0,22;0,1;1/10;22;69;67;16;11;12;144;29;3;3;25
1954;VCT 2025: Americas Stage 2;All Stages;All Match Types;keznit;KRÃœ Esports;104;134;278;146;0,73;176;98;3;19;13;0,2;0,33;3/9;22;102;70;31;20;13;144;29;3;3;25
1955;VCT 2025: Americas Stage 2;All Stages;All Match Types;keznit;KRÃœ Esports;334;112;234;115;0,72;151;8;28;12;12;0,23;0,16;5/31;22;268;234;93;41;41;144;29;3;3;25
1956;VCT 2025: Americas Stage 2;All Stages;All Match Types;Dantedeu5;KRÃœ Esports;173;96;204;98;0,68;131;73;26;16;16;0,28;0,17;2/12;24;126;129;45;28;27;131;29;3;3;25
1957;VCT 2025: Americas Stage 2;All Stages;All Match Types;Dantedeu5;KRÃœ Esports;334;87;188;87;0,68;122;64;26;13;19;0,25;0,13;2/15;24;214;247;86;45;62;131;29;3;3;25
1958;VCT 2025: Pacific Stage 2;Playoffs;Upper Round 1;xffero;Rex Regum Qeon;41;116;216;138;0,71;147;8;2;12;0;0,35;0,2;1/5;21;33;24;8;5;0;50;12;4;1;26
1959;VCT 2025: Pacific Stage 2;Playoffs;Upper Round 1;xffero;Rex Regum Qeon;63;106;193;115;0,7;126;71;27;8;0;0,36;0,13;1/8;21;45;39;17;5;0;50;12;4;1;26
1960;VCT 2025: Pacific Stage 2;Playoffs;Upper Round 1;Kushy;Rex Regum Qeon;21;95;163;86;0,67;110;57;24;0;14;0,31;0,5;1/2;12;12;14;5;0;3;51;12;4;1;26
1961;VCT 2025: Pacific Stage 2;Playoffs;Upper Round 1;Kushy;Rex Regum Qeon;20;129;176;144;0,65;114;65;3;15;1;0,27;0,33;1/3;13;13;9;6;3;2;51;12;4;1;26
1962;VCT 2025: Pacific Stage 2;Playoffs;Upper Round 1;Kushy;Rex Regum Qeon;63;9;144;85;0,62;95;52;19;6;14;0,27;0,29;2/7;13;33;39;12;4;9;51;12;4;1;26
1963;VCT 2025: Pacific Stage 2;Playoffs;Upper Round 1;Persia;Nongshim RedForce;48;99;166;103;0,65;123;67;25;4;15;0,39;0,22;2/9;27;32;31;12;2;7;154;33;4;1;26
1964;VCT 2025: Pacific Stage 2;Playoffs;Upper Round 1;Rb;Nongshim RedForce;48;82;148;77;0,56;111;56;13;1;1;0,3;0,11;1/9;20;27;35;6;5;5;155;33;4;1;26
1965;VCT 2025: Pacific Stage 2;Playoffs;Upper Round 1;iZu;T1;41;97;210;93;0,59;128;68;24;17;2;0,28;0,25;1/4;15;28;30;10;7;8;71;16;4;1;26
1966;VCT 2025: Pacific Stage 2;Playoffs;Upper Round 1;iZu;T1;63;107;212;107;0,68;130;71;3;14;13;0,3;0,2;1/5;17;45;42;19;9;8;71;16;4;1;26
1967;VCT 2025: Pacific Stage 2;Playoffs;Upper Round 1;stax;T1;41;101;158;104;0,73;114;59;22;2;5;0,27;0,25;2/8;13;24;23;9;1;2;72;16;4;1;26
1968;VCT 2025: Pacific Stage 2;Playoffs;Upper Round 1;stax;T1;63;94;144;94;0,71;104;52;25;5;1;0,29;0,25;2/8;13;33;35;16;3;6;72;16;4;1;26
1969;VCT 2025: Pacific Stage 2;Playoffs;Upper Round 1;JitBoyS;TALON;30;99;214;11;0,73;139;77;3;7;0;0,37;1;1/1;23;23;21;9;2;0;156;34;4;1;26
1970;VCT 2025: Pacific Stage 2;Playoffs;Upper Round 1;JitBoyS;TALON;48;98;156;111;0,77;110;63;25;8;0;0,32;0,5;1/2;23;30;27;12;4;0;156;34;4;1;26
1971;VCT 2025: Pacific Stage 2;Playoffs;Upper Round 1;primmie;TALON;30;134;262;158;0,8;163;10;13;1;3;0,36;0,17;1/6;30;30;19;4;3;1;157;34;4;1;26
1972;VCT 2025: Pacific Stage 2;Playoffs;Upper Round 1;primmie;TALON;48;126;247;155;0,79;156;94;19;17;8;0,38;0,17;1/6;30;45;29;9;8;4;157;34;4;1;26
1973;VCT 2025: Pacific Stage 2;Playoffs;Upper Round 1;thyy;TALON;18;166;379;227;0,89;247;139;33;17;0;0,3;1;1/1;25;25;11;6;3;0;158;34;4;1;26
1974;VCT 2025: Pacific Stage 2;Playoffs;Upper Round 1;thyy;TALON;48;97;256;118;0,65;149;81;27;8;19;0,32;1;1/1;25;39;33;13;4;9;158;34;4;1;26
1975;VCT 2025: Pacific Stage 2;Playoffs;Upper Semifinals;JitBoyS;TALON;24;103;204;81;0,79;143;54;63;8;0;0,3;0,17;1/6;13;13;16;15;2;0;156;34;4;1;2
1976;VCT 2025: Pacific Stage 2;Playoffs;Upper Semifinals;JitBoyS;TALON;20;12;201;15;0,8;125;75;2;5;15;0,16;0,33;1/3;15;15;10;4;1;3;156;34;4;1;2
1977;VCT 2025: Pacific Stage 2;Playoffs;Upper Semifinals;JitBoyS;TALON;66;116;217;123;0,77;144;73;3;8;8;0,29;0,18;2/11;20;48;39;20;5;5;156;34;4;1;2
1978;VCT 2025: Pacific Stage 2;Playoffs;Upper Semifinals;Crws;TALON;22;103;202;107;0,91;126;68;14;5;14;0,33;0,33;1/3;15;15;14;3;1;3;159;34;4;1;2
1979;VCT 2025: Pacific Stage 2;Playoffs;Upper Semifinals;Crws;TALON;24;84;136;79;0,71;88;46;21;8;8;0,18;0,33;1/3;11;11;14;5;2;2;159;34;4;1;2
1980;VCT 2025: Pacific Stage 2;Playoffs;Upper Semifinals;Crws;TALON;66;96;155;95;0,85;97;53;27;9;8;0,25;0,22;2/9;15;35;37;18;6;5;159;34;4;1;2
1981;VCT 2025: Pacific Stage 2;Playoffs;Upper Semifinals;Killua;TALON;22;99;171;115;0,73;117;68;14;9;9;0,26;0,5;1/2;15;15;13;3;2;2;160;34;4;1;2
1982;VCT 2025: Pacific Stage 2;Playoffs;Upper Semifinals;Killua;TALON;66;10;184;115;0,74;120;71;24;6;11;0,41;0,25;1/4;20;47;41;16;4;7;160;34;4;1;2
1983;VCT 2025: Pacific Stage 2;Playoffs;Upper Semifinals;f0rsakeN;Paper Rex;19;134;221;16;0,84;160;84;47;5;16;0,44;0,5;1/2;16;16;10;9;1;3;21;7;4;1;2
1984;VCT 2025: Pacific Stage 2;Playoffs;Upper Semifinals;f0rsakeN;Paper Rex;21;141;251;158;0,71;156;9;33;14;1;0,31;0,33;1/3;19;19;12;7;3;2;21;7;4;1;2
1985;VCT 2025: Pacific Stage 2;Playoffs;Upper Semifinals;f0rsakeN;Paper Rex;40;138;236;159;0,78;158;88;4;1;13;0,37;0,4;2/5;19;35;22;16;4;5;21;7;4;1;2
1986;VCT 2025: Pacific Stage 2;Playoffs;Upper Semifinals;d4v41;Paper Rex;19;98;162;10;0,79;110;63;21;11;5;0,32;0,25;1/4;12;12;12;4;2;1;22;7;4;1;2
1987;VCT 2025: Pacific Stage 2;Playoffs;Upper Semifinals;d4v41;Paper Rex;40;11;172;113;0,8;111;68;25;13;5;0,36;0,25;1/4;15;27;24;10;5;2;22;7;4;1;2
1988;VCT 2025: Pacific Stage 2;Playoffs;Upper Semifinals;free1ng;DRX;66;102;187;93;0,68;118;61;35;11;6;0,29;0,13;2/15;17;40;43;23;7;4;14;5;4;1;2
1989;VCT 2025: Pacific Stage 2;Playoffs;Upper Semifinals;Flashback;DRX;66;98;204;102;0,64;129;74;2;14;11;0,36;0,25;2/8;23;49;48;13;9;7;38;5;4;1;2
1990;VCT 2025: Pacific Stage 2;Playoffs;Upper Semifinals;DH;T1;21;85;142;71;0,67;109;48;43;5;14;0,38;1;1/1;10;10;14;9;1;3;70;16;4;1;2
1991;VCT 2025: Pacific Stage 2;Playoffs;Upper Semifinals;DH;T1;40;78;131;62;0,7;91;45;43;5;13;0,39;0,25;1/4;10;18;29;17;2;5;70;16;4;1;2
1992;VCT 2025: Pacific Stage 2;Playoffs;Upper Final;Crws;TALON;24;67;130;56;0,75;95;42;25;8;4;0,22;0,33;2/6;10;10;18;6;2;1;159;34;4;1;3
1993;VCT 2025: Pacific Stage 2;Playoffs;Upper Final;Crws;TALON;44;53;104;43;0,66;74;34;3;9;11;0,2;0,29;2/7;10;15;35;13;4;5;159;34;4;1;3
1994;VCT 2025: Pacific Stage 2;Playoffs;Upper Final;Killua;TALON;24;8;165;7;0,67;129;58;21;0;4;0,28;0,33;1/3;14;14;20;5;0;1;160;34;4;1;3
1995;VCT 2025: Pacific Stage 2;Playoffs;Upper Final;Killua;TALON;44;95;192;86;0,68;132;68;2;9;9;0,33;0,13;1/8;16;30;35;9;4;4;160;34;4;1;3
1996;VCT 2025: Pacific Stage 2;Playoffs;Upper Final;thyy;TALON;24;102;198;94;0,75;139;71;29;8;4;0,32;0,17;1/6;17;17;18;7;2;1;158;34;4;1;3
1997;VCT 2025: Pacific Stage 2;Playoffs;Upper Final;thyy;TALON;44;105;214;94;0,8;148;75;25;9;2;0,32;0,14;1/7;17;33;35;11;4;1;158;34;4;1;3
1998;VCT 2025: Pacific Stage 2;Playoffs;Upper Final;f0rsakeN;Paper Rex;20;157;263;233;0,85;175;105;2;1;5;0,4;1;1/1;21;21;9;4;2;1;21;7;4;1;3
1999;VCT 2025: Pacific Stage 2;Playoffs;Upper Final;f0rsakeN;Paper Rex;44;115;228;141;0,8;152;86;2;9;7;0,34;0,5;1/2;21;38;27;9;4;3;21;7;4;1;3
2000;VCT 2025: Pacific Stage 2;Playoffs;Upper Final;Jinggg;Paper Rex;24;125;243;118;0,79;166;83;54;13;13;0,32;0,5;1/2;20;20;17;13;3;3;27;7;4;1;3
2001;VCT 2025: Pacific Stage 2;Playoffs;Upper Final;Jinggg;Paper Rex;44;118;234;116;0,84;160;82;39;9;11;0,24;0,5;1/2;20;36;31;17;4;5;27;7;4;1;3
2002;VCT 2025: Pacific Stage 2;Playoffs;Upper Final;something;Paper Rex;44;13;242;175;0,66;146;95;14;2;2;0,24;0,14;1/7;27;42;24;6;9;9;23;7;4;1;3
2003;VCT 2025: Pacific Stage 2;Playoffs;Grand Final;Monyet;Rex Regum Qeon;21;73;173;76;0,67;119;62;24;0;14;0,28;0,33;1/3;13;13;17;5;0;3;56;12;4;1;4
2004;VCT 2025: Pacific Stage 2;Playoffs;Grand Final;Monyet;Rex Regum Qeon;20;111;198;115;0,8;122;75;2;0;5;0,2;0,25;1/4;15;15;13;4;0;1;56;12;4;1;4
2005;VCT 2025: Pacific Stage 2;Playoffs;Grand Final;Monyet;Rex Regum Qeon;80;97;199;98;0,74;125;74;24;6;16;0,23;0,25;2/8;18;59;60;19;5;13;56;12;4;1;4
2006;VCT 2025: Pacific Stage 2;Playoffs;Grand Final;xffero;Rex Regum Qeon;40;93;187;89;0,63;129;63;2;3;8;0,21;0,33;3/9;13;25;28;8;1;3;50;12;4;1;4
2007;VCT 2025: Pacific Stage 2;Playoffs;Grand Final;xffero;Rex Regum Qeon;80;91;176;82;0,64;117;59;21;6;4;0,24;0,19;3/16;13;47;57;17;5;3;50;12;4;1;4
2008;VCT 2025: Pacific Stage 2;Playoffs;Grand Final;crazyguy;Rex Regum Qeon;39;118;196;112;0,74;132;72;41;8;8;0,32;0,33;2/6;16;28;25;16;3;3;52;12;4;1;4
2009;VCT 2025: Pacific Stage 2;Playoffs;Grand Final;crazyguy;Rex Regum Qeon;41;6;126;52;0,61;94;41;24;0;12;0,19;0,1;1/10;11;17;33;10;0;5;52;12;4;1;4
2010;VCT 2025: Pacific Stage 2;Playoffs;Grand Final;crazyguy;Rex Regum Qeon;80;88;160;78;0,68;112;56;33;4;1;0,26;0,19;3/16;16;45;58;26;3;8;52;12;4;1;4
2011;VCT 2025: Pacific Stage 2;Playoffs;Grand Final;PatMen;Paper Rex;60;92;155;92;0,72;100;6;28;0;3;0,26;0,17;1/6;14;36;39;17;0;2;20;7;4;1;4
2012;VCT 2025: Pacific Stage 2;Playoffs;Grand Final;PatMen;Paper Rex;80;9;157;92;0,7;102;6;25;1;5;0,29;0,13;1/8;14;48;52;20;1;4;20;7;4;1;4
2013;VCT 2025: Pacific Stage 2;Playoffs;Grand Final;Jinggg;Paper Rex;20;132;243;145;0,75;158;8;45;15;0;0,22;0,33;1/3;16;16;11;9;3;0;27;7;4;1;4
2014;VCT 2025: Pacific Stage 2;Playoffs;Grand Final;Jinggg;Paper Rex;80;112;233;125;0,74;151;81;33;16;9;0,24;0,2;1/5;18;65;52;26;13;7;27;7;4;1;4
2015;VCT 2025: Pacific Stage 2;Playoffs;Grand Final;d4v41;Paper Rex;59;98;152;91;0,76;108;54;24;3;8;0,19;0,2;2/10;14;32;35;14;2;5;22;7;4;1;4
2016;VCT 2025: Pacific Stage 2;Playoffs;Grand Final;d4v41;Paper Rex;80;104;155;105;0,79;110;58;26;3;8;0,22;0,17;2/12;14;46;44;21;2;6;22;7;4;1;4
2017;VCT 2025: Pacific Stage 2;Playoffs;Lower Round 1;crazyguy;Rex Regum Qeon;42;119;209;135;0,79;127;74;45;7;5;0,27;0,2;2/10;17;31;23;19;3;2;52;12;4;1;5
2018;VCT 2025: Pacific Stage 2;Playoffs;Lower Round 1;crazyguy;Rex Regum Qeon;66;125;215;139;0,82;132;76;41;9;8;0,36;0,17;2/12;19;50;36;27;6;5;52;12;4;1;5
2019;VCT 2025: Pacific Stage 2;Playoffs;Lower Round 1;xffero;Rex Regum Qeon;47;84;125;88;0,64;80;47;17;4;2;0,25;0,17;1/6;14;22;25;8;2;1;50;12;4;1;5
2020;VCT 2025: Pacific Stage 2;Playoffs;Lower Round 1;xffero;Rex Regum Qeon;19;157;279;20;0,79;195;95;32;11;0;0,35;0,25;1/4;18;18;9;6;2;0;50;12;4;1;5
2021;VCT 2025: Pacific Stage 2;Playoffs;Lower Round 1;xffero;Rex Regum Qeon;66;105;176;118;0,68;113;61;21;6;2;0,3;0,2;2/10;18;40;34;14;4;1;50;12;4;1;5
2022;VCT 2025: Pacific Stage 2;Playoffs;Lower Round 1;Kushy;Rex Regum Qeon;43;82;164;89;0,77;102;58;33;0;16;0,32;0,5;1/2;15;25;28;14;0;7;51;12;4;1;5
2023;VCT 2025: Pacific Stage 2;Playoffs;Lower Round 1;Kushy;Rex Regum Qeon;66;76;144;73;0,73;93;48;3;3;12;0,29;0,5;1/2;15;32;44;20;2;8;51;12;4;1;5
2024;VCT 2025: Pacific Stage 2;Playoffs;Lower Round 1;Rb;Nongshim RedForce;42;105;186;112;0,71;130;67;21;1;12;0,27;0,2;1/5;19;28;25;9;4;5;155;33;4;1;5
2025;VCT 2025: Pacific Stage 2;Playoffs;Lower Round 1;Ash;Gen.G;47;89;169;81;0,66;115;53;23;4;6;0,13;0,2;1/5;13;25;31;11;2;3;161;35;4;1;5
2026;VCT 2025: Pacific Stage 2;Playoffs;Lower Round 1;Ash;Gen.G;66;86;159;74;0,64;106;53;24;5;8;0,17;0,1;1/10;13;35;47;16;3;5;161;35;4;1;5
2027;VCT 2025: Pacific Stage 2;Playoffs;Lower Round 1;t3xture;Gen.G;66;101;236;102;0,68;149;79;21;24;17;0,29;0,14;1/7;23;52;51;14;16;11;162;35;4;1;5
2028;VCT 2025: Pacific Stage 2;Playoffs;Lower Round 1;Karon;Gen.G;66;102;156;9;0,7;100;58;47;6;5;0,43;0,14;1/7;14;38;42;31;4;3;163;35;4;1;5
2029;VCT 2025: Pacific Stage 2;Playoffs;Lower Round 1;Jinboong;DetonatioN FocusMe;23;117;236;106;0,61;160;74;17;4;4;0,33;0,5;1/2;17;17;16;4;1;1;164;36;4;1;5
2030;VCT 2025: Pacific Stage 2;Playoffs;Lower Round 1;Jinboong;DetonatioN FocusMe;42;88;184;78;0,62;130;6;19;2;7;0,3;0,25;1/4;17;25;32;8;1;3;164;36;4;1;5
2031;VCT 2025: Pacific Stage 2;Playoffs;Lower Round 1;Meiy;DetonatioN FocusMe;19;101;194;92;0,68;130;63;26;16;5;0,45;0,33;1/3;12;12;13;5;3;1;165;36;4;1;5
2032;VCT 2025: Pacific Stage 2;Playoffs;Lower Round 1;Meiy;DetonatioN FocusMe;42;10;200;97;0,71;127;69;19;19;14;0,3;0,25;1/4;17;29;30;8;8;6;165;36;4;1;5
2033;VCT 2025: Pacific Stage 2;Playoffs;Lower Round 1;Akame;DetonatioN FocusMe;19;103;236;88;0,68;160;74;26;16;16;0,16;0,5;1/2;14;14;16;5;3;3;166;36;4;1;5
2034;VCT 2025: Pacific Stage 2;Playoffs;Lower Round 1;Akame;DetonatioN FocusMe;42;74;172;62;0,67;117;5;33;1;14;0,19;0,2;1/5;14;21;34;14;4;6;166;36;4;1;5
2035;VCT 2025: Pacific Stage 2;Playoffs;Lower Round 1;gyen;DetonatioN FocusMe;23;124;213;136;0,74;142;83;48;4;9;0,33;0,33;1/3;19;19;14;11;1;2;167;36;4;1;5
2036;VCT 2025: Pacific Stage 2;Playoffs;Lower Round 1;gyen;DetonatioN FocusMe;42;92;179;94;0,6;121;69;29;5;14;0,34;0,17;1/6;19;29;31;12;2;6;167;36;4;1;5
2037;VCT 2025: Pacific Stage 2;Playoffs;Lower Round 1;SSeeS;DetonatioN FocusMe;19;41;89;36;0,47;56;26;21;0;11;0,13;0,25;1/4;5;5;14;4;0;2;168;36;4;1;5
2038;VCT 2025: Pacific Stage 2;Playoffs;Lower Round 1;SSeeS;DetonatioN FocusMe;42;57;125;57;0,6;84;4;17;7;7;0,19;0,13;1/8;12;17;30;7;3;3;168;36;4;1;5
2039;VCT 2025: Pacific Stage 2;Playoffs;Lower Round 2;stax;T1;19;134;169;138;0,79;118;58;53;5;0;0,33;0,33;1/3;11;11;8;10;1;0;72;16;4;1;6
2040;VCT 2025: Pacific Stage 2;Playoffs;Lower Round 2;stax;T1;41;106;161;10;0,73;112;54;39;7;2;0,21;0,25;1/4;11;22;22;16;3;1;72;16;4;1;6
2041;VCT 2025: Pacific Stage 2;Playoffs;Lower Round 2;DH;T1;41;125;194;13;0,73;127;73;61;1;5;0,41;1;2/2;18;30;23;25;4;2;70;16;4;1;6
2042;VCT 2025: Pacific Stage 2;Playoffs;Lower Round 2;Dambi;Nongshim RedForce;41;97;206;88;0,63;126;71;1;1;15;0,22;0,5;1/2;15;29;33;4;4;6;169;33;4;1;6
2043;VCT 2025: Pacific Stage 2;Playoffs;Lower Round 2;Jemkin;Rex Regum Qeon;20;85;161;93;0,7;107;65;5;15;2;0,55;1;1/1;13;13;14;1;3;4;57;12;4;1;6
2044;VCT 2025: Pacific Stage 2;Playoffs;Lower Round 2;Jemkin;Rex Regum Qeon;42;101;196;111;0,79;119;74;14;19;14;0,43;0,25;1/4;18;31;28;6;8;6;57;12;4;1;6
2045;VCT 2025: Pacific Stage 2;Playoffs;Lower Round 2;xffero;Rex Regum Qeon;22;126;217;173;0,77;131;86;18;5;0;0,3;0,5;3/6;19;19;11;4;1;0;50;12;4;1;6
2046;VCT 2025: Pacific Stage 2;Playoffs;Lower Round 2;xffero;Rex Regum Qeon;42;122;218;167;0,74;136;83;14;1;0;0,29;0,38;3/8;19;35;21;6;4;0;50;12;4;1;6
2047;VCT 2025: Pacific Stage 2;Playoffs;Lower Round 2;crazyguy;Rex Regum Qeon;22;79;148;79;0,68;105;5;5;5;5;0,31;0,33;1/3;11;11;14;11;1;1;52;12;4;1;6
2048;VCT 2025: Pacific Stage 2;Playoffs;Lower Round 2;crazyguy;Rex Regum Qeon;20;13;232;115;0,9;145;75;65;2;5;0,37;0,33;1/3;15;15;13;13;4;1;52;12;4;1;6
2049;VCT 2025: Pacific Stage 2;Playoffs;Lower Round 2;crazyguy;Rex Regum Qeon;42;103;190;96;0,79;124;62;57;12;5;0,34;0,33;2/6;15;26;27;24;5;2;52;12;4;1;6
2050;VCT 2025: Pacific Stage 2;Playoffs;Lower Round 2;HYUNMIN;DRX;22;125;268;124;0,77;176;95;9;18;18;0,3;0,25;1/4;21;21;17;2;4;4;37;5;4;1;6
2051;VCT 2025: Pacific Stage 2;Playoffs;Lower Round 2;HYUNMIN;DRX;42;10;226;10;0,69;152;76;14;19;21;0,28;0,2;1/5;21;32;32;6;8;9;37;5;4;1;6
2052;VCT 2025: Pacific Stage 2;Playoffs;Lower Round 2;Flashback;DRX;22;121;246;129;0,73;157;82;5;5;0;0,32;0,33;1/3;18;18;14;1;1;0;38;5;4;1;6
2053;VCT 2025: Pacific Stage 2;Playoffs;Lower Round 2;Flashback;DRX;42;109;221;107;0,64;144;76;12;2;2;0,35;0,14;1/7;18;32;30;5;1;1;38;5;4;1;6
2054;VCT 2025: Pacific Stage 2;Playoffs;Lower Round 2;MaKo;DRX;22;88;183;76;0,55;106;59;27;9;14;0,42;0,5;1/2;13;13;17;6;2;3;16;5;4;1;6
2055;VCT 2025: Pacific Stage 2;Playoffs;Lower Round 2;MaKo;DRX;20;101;216;94;0,7;157;75;25;15;25;0,28;0,2;1/5;15;15;16;5;3;5;16;5;4;1;6
2056;VCT 2025: Pacific Stage 2;Playoffs;Lower Round 2;MaKo;DRX;42;94;200;85;0,62;130;67;26;12;19;0,34;0,29;2/7;15;28;33;11;5;8;16;5;4;1;6
2057;VCT 2025: Pacific Stage 2;Playoffs;Lower Round 3;crazyguy;Rex Regum Qeon;24;79;188;74;0,67;120;71;17;17;8;0,21;0,33;1/3;17;17;23;4;4;2;52;12;4;1;7
2058;VCT 2025: Pacific Stage 2;Playoffs;Lower Round 3;crazyguy;Rex Regum Qeon;72;11;223;102;0,71;137;82;39;8;6;0,21;0,11;1/9;24;59;58;28;6;4;52;12;4;1;7
2059;VCT 2025: Pacific Stage 2;Playoffs;Lower Round 3;xffero;Rex Regum Qeon;72;123;191;133;0,75;139;72;21;7;4;0,29;0,13;2/16;25;52;39;15;5;3;50;12;4;1;7
2060;VCT 2025: Pacific Stage 2;Playoffs;Lower Round 3;Kushy;Rex Regum Qeon;24;75;148;67;0,71;102;5;29;4;4;0,33;0,25;1/4;12;12;18;7;1;1;51;12;4;1;7
2061;VCT 2025: Pacific Stage 2;Playoffs;Lower Round 3;Kushy;Rex Regum Qeon;48;97;182;93;0,77;124;56;29;2;6;0,33;0,2;1/5;15;27;29;14;1;3;51;12;4;1;7
2062;VCT 2025: Pacific Stage 2;Playoffs;Lower Round 3;Kushy;Rex Regum Qeon;72;9;171;83;0,75;116;54;29;3;6;0,33;0,22;2/9;15;39;47;21;2;4;51;12;4;1;7
2063;VCT 2025: Pacific Stage 2;Playoffs;Lower Round 3;Monyet;Rex Regum Qeon;44;143;252;127;0,7;178;86;59;2;11;0,41;0,75;3/4;21;38;30;26;9;5;56;12;4;1;7
2064;VCT 2025: Pacific Stage 2;Playoffs;Lower Round 3;Monyet;Rex Regum Qeon;72;115;224;104;0,65;152;75;46;19;14;0,32;0,6;3/5;21;54;52;33;14;10;56;12;4;1;7
2065;VCT 2025: Pacific Stage 2;Playoffs;Lower Round 3;Jemkin;Rex Regum Qeon;24;79;197;89;0,67;128;71;25;13;13;0,34;0,5;1/2;17;17;19;6;3;3;57;12;4;1;7
2066;VCT 2025: Pacific Stage 2;Playoffs;Lower Round 3;Jemkin;Rex Regum Qeon;72;10;209;106;0,71;140;74;18;21;13;0,4;0,5;1/2;23;53;50;13;15;9;57;12;4;1;7
2067;VCT 2025: Pacific Stage 2;Playoffs;Lower Round 3;Meteor;T1;52;107;254;105;0,77;175;81;38;1;13;0,3;0,5;1/2;22;42;40;20;5;7;68;16;4;1;7
2068;VCT 2025: Pacific Stage 2;Playoffs;Lower Round 3;Meteor;T1;72;102;229;10;0,71;156;76;33;8;11;0,3;0,17;1/6;22;55;55;24;6;8;68;16;4;1;7
2069;VCT 2025: Pacific Stage 2;Playoffs;Lower Round 3;iZu;T1;52;101;245;113;0,79;156;85;21;15;13;0,25;0,13;1/8;29;44;39;11;8;7;71;16;4;1;7
2070;VCT 2025: Pacific Stage 2;Playoffs;Lower Round 3;iZu;T1;72;99;234;107;0,71;149;82;22;15;14;0,26;0,13;1/8;29;59;55;16;11;10;71;16;4;1;7
2071;VCT 2025: Pacific Stage 2;Playoffs;Lower Round 3;DH;T1;72;104;185;113;0,71;126;72;35;7;14;0,35;0,23;3/13;23;52;46;25;5;10;70;16;4;1;7
2072;VCT 2025: Pacific Stage 2;Playoffs;Lower Round 3;stax;T1;72;67;121;58;0,65;83;39;15;0;6;0,26;0,08;1/12;13;28;48;11;0;4;72;16;4;1;7
2073;VCT 2025: Pacific Stage 2;Playoffs;Lower Final;crazyguy;Rex Regum Qeon;17;54;130;57;0,65;93;47;18;0;24;0,29;1;1/1;8;8;14;3;0;4;52;12;4;1;8
2074;VCT 2025: Pacific Stage 2;Playoffs;Lower Final;crazyguy;Rex Regum Qeon;43;88;175;89;0,67;118;58;4;5;7;0,25;0,14;1/7;13;25;28;17;2;3;52;12;4;1;8
2075;VCT 2025: Pacific Stage 2;Playoffs;Lower Final;crazyguy;Rex Regum Qeon;105;91;159;87;0,7;112;55;43;3;1;0,29;0,17;2/12;16;58;67;45;3;10;52;12;4;1;8
2076;VCT 2025: Pacific Stage 2;Playoffs;Lower Final;xffero;Rex Regum Qeon;46;95;179;97;0,76;121;63;24;7;9;0,29;0,29;2/7;15;29;30;11;3;4;50;12;4;1;8
2077;VCT 2025: Pacific Stage 2;Playoffs;Lower Final;xffero;Rex Regum Qeon;19;12;281;131;0,74;188;89;32;16;21;0,28;1;1/1;17;17;13;6;3;4;50;12;4;1;8
2078;VCT 2025: Pacific Stage 2;Playoffs;Lower Final;xffero;Rex Regum Qeon;40;135;245;142;0,7;153;93;1;5;8;0,37;0,3;3/10;25;37;26;4;2;3;50;12;4;1;8
2079;VCT 2025: Pacific Stage 2;Playoffs;Lower Final;xffero;Rex Regum Qeon;105;115;226;12;0,73;145;79;2;8;1;0,31;0,33;6/18;25;83;69;21;8;11;50;12;4;1;8
2080;VCT 2025: Pacific Stage 2;Playoffs;Lower Final;Monyet;Rex Regum Qeon;26;91;146;68;0,77;109;5;38;8;12;0,31;0,67;2/3;13;13;19;10;2;3;56;12;4;1;8
2081;VCT 2025: Pacific Stage 2;Playoffs;Lower Final;Monyet;Rex Regum Qeon;105;96;209;92;0,71;140;66;36;13;18;0,34;0,25;2/8;21;69;75;38;14;19;56;12;4;1;8
2082;VCT 2025: Pacific Stage 2;Playoffs;Lower Final;Crws;TALON;45;76;144;64;0,58;110;47;18;7;9;0,22;0,17;1/6;15;21;33;8;3;4;159;34;4;1;8
2083;VCT 2025: Pacific Stage 2;Playoffs;Lower Final;Crws;TALON;105;95;168;85;0,72;112;53;38;8;1;0,21;0,08;1/12;15;56;66;40;8;10;159;34;4;1;8
2084;VCT 2025: Pacific Stage 2;Playoffs;Lower Final;primmie;TALON;45;74;176;69;0,67;107;53;38;9;11;0,33;0,17;1/6;15;24;35;17;4;5;157;34;4;1;8
2085;VCT 2025: Pacific Stage 2;Playoffs;Lower Final;primmie;TALON;37;151;285;186;0,81;173;111;14;27;16;0,4;0,33;1/3;22;41;22;5;10;6;157;34;4;1;8
2086;VCT 2025: Pacific Stage 2;Playoffs;Lower Final;primmie;TALON;105;103;222;109;0,69;133;77;23;13;12;0,34;0,18;2/11;22;81;74;24;14;13;157;34;4;1;8
2087;VCT 2025: Pacific Stage 2;Playoffs;Lower Final;Killua;TALON;88;91;186;97;0,7;126;69;19;6;5;0,4;0,14;2/14;25;61;63;17;5;4;160;34;4;1;8
2088;VCT 2025: Pacific Stage 2;Playoffs;Lower Final;Killua;TALON;105;91;183;96;0,74;127;68;23;6;5;0,41;0,14;2/14;25;71;74;24;6;5;160;34;4;1;8
2089;VCT 2025: Pacific Stage 2;Playoffs;Lower Final;thyy;TALON;20;103;198;10;0,9;137;7;55;15;0;0,45;0,33;1/3;14;14;14;11;3;0;158;34;4;1;8
2090;VCT 2025: Pacific Stage 2;Playoffs;Lower Final;thyy;TALON;23;76;201;8;0,57;130;7;13;26;9;0,33;0,5;1/2;16;16;20;3;6;2;158;34;4;1;8
2091;VCT 2025: Pacific Stage 2;Playoffs;Lower Final;thyy;TALON;105;94;203;99;0,67;133;74;2;16;1;0,34;0,22;2/9;16;78;79;21;17;10;158;34;4;1;8
2092;VCT 2025: Pacific Stage 2;Group Stage;Week 1;Meteor;T1;48;99;190;91;0,65;124;6;25;1;6;0,35;0,17;1/6;15;29;32;12;5;3;68;16;4;2;27
2093;VCT 2025: Pacific Stage 2;Group Stage;Week 1;Meteor;T1;103;98;204;93;0,68;136;67;22;7;8;0,29;0,08;1/12;22;69;74;23;7;8;68;16;4;2;27
2094;VCT 2025: Pacific Stage 2;Group Stage;Week 1;BuZz;T1;45;107;196;131;0,6;120;76;7;11;11;0,22;0,2;1/5;21;34;26;3;5;5;69;16;4;2;27
2095;VCT 2025: Pacific Stage 2;Group Stage;Week 1;BuZz;T1;58;118;250;121;0,69;152;9;12;21;14;0,19;0,25;2/8;33;52;43;7;12;8;69;16;4;2;27
2096;VCT 2025: Pacific Stage 2;Group Stage;Week 1;BuZz;T1;103;113;223;125;0,65;138;83;1;17;13;0,2;0,23;3/13;33;86;69;10;17;13;69;16;4;2;27
2097;VCT 2025: Pacific Stage 2;Group Stage;Week 1;stax;T1;49;10;182;106;0,67;130;71;18;0;4;0,35;0,1;1/10;18;35;33;9;0;2;72;16;4;2;27
2098;VCT 2025: Pacific Stage 2;Group Stage;Week 1;stax;T1;54;76;164;75;0,61;106;56;17;4;9;0,29;0,25;2/8;17;30;40;9;2;5;72;16;4;2;27
2099;VCT 2025: Pacific Stage 2;Group Stage;Week 1;stax;T1;103;87;173;89;0,64;117;63;17;2;7;0,32;0,17;3/18;18;65;73;18;2;7;72;16;4;2;27
2100;VCT 2025: Pacific Stage 2;Group Stage;Week 1;iZu;T1;58;75;187;81;0,57;123;66;1;1;16;0,19;0,2;1/5;25;38;47;6;6;9;71;16;4;2;27
2101;VCT 2025: Pacific Stage 2;Group Stage;Week 1;iZu;T1;103;8;191;82;0,6;129;63;18;13;16;0,21;0,14;1/7;25;65;79;19;13;16;71;16;4;2;27
2102;VCT 2025: Pacific Stage 2;Group Stage;Week 1;DH;T1;103;102;200;97;0,71;133;71;45;12;8;0,36;0,22;2/9;23;73;75;46;12;8;70;16;4;2;27
2103;VCT 2025: Pacific Stage 2;Group Stage;Week 1;Papi;Global Esports;42;116;194;138;0,81;137;69;38;7;5;0,22;0,2;1/5;17;29;21;16;3;2;170;37;4;2;27
2104;VCT 2025: Pacific Stage 2;Group Stage;Week 1;Papi;Global Esports;102;108;204;109;0,75;137;7;33;8;4;0,26;0,06;1/16;17;71;65;34;8;4;170;37;4;2;27
2105;VCT 2025: Pacific Stage 2;Group Stage;Week 1;ban;Global Esports;18;78;105;8;0,72;72;44;17;11;0;0,2;1;1/1;8;8;10;3;2;0;171;37;4;2;27
2106;VCT 2025: Pacific Stage 2;Group Stage;Week 1;ban;Global Esports;42;108;218;11;0,64;148;76;19;7;1;0,37;0,11;1/9;20;32;29;8;3;4;171;37;4;2;27
2107;VCT 2025: Pacific Stage 2;Group Stage;Week 1;ban;Global Esports;102;99;199;106;0,66;134;71;16;15;1;0,31;0,18;2/11;20;72;68;16;15;10;171;37;4;2;27
2108;VCT 2025: Pacific Stage 2;Group Stage;Week 1;Kr1stal;Global Esports;36;82;176;77;0,67;106;64;19;8;14;0,41;0,67;2/3;16;23;30;7;3;5;172;37;4;2;27
2109;VCT 2025: Pacific Stage 2;Group Stage;Week 1;Kr1stal;Global Esports;42;124;238;137;0,76;158;88;19;7;1;0,17;0,5;3/6;21;37;27;8;3;4;172;37;4;2;27
2110;VCT 2025: Pacific Stage 2;Group Stage;Week 1;Kr1stal;Global Esports;24;131;208;136;0,71;133;79;21;4;0;0,38;0,33;1/3;19;19;14;5;1;0;172;37;4;2;27
2111;VCT 2025: Pacific Stage 2;Group Stage;Week 1;Kr1stal;Global Esports;102;111;207;111;0,72;134;77;2;7;9;0,26;0,5;6/12;21;79;71;20;7;9;172;37;4;2;27
2112;VCT 2025: Pacific Stage 2;Group Stage;Week 1;yoman;Global Esports;18;45;109;4;0,44;80;33;6;0;6;0,23;0,25;1/4;6;6;15;1;0;1;173;37;4;2;27
2113;VCT 2025: Pacific Stage 2;Group Stage;Week 1;yoman;Global Esports;18;74;151;69;0,78;112;5;5;0;11;0,19;0,5;1/2;9;9;13;9;0;2;173;37;4;2;27
2114;VCT 2025: Pacific Stage 2;Group Stage;Week 1;yoman;Global Esports;102;8;155;82;0,7;106;58;25;8;4;0,28;0,17;2/12;22;59;72;26;8;4;173;37;4;2;27
2115;VCT 2025: Pacific Stage 2;Group Stage;Week 1;UdoTan;Global Esports;42;116;308;126;0,71;174;105;17;31;21;0,2;0,25;1/4;29;44;35;7;13;9;174;37;4;2;27
2116;VCT 2025: Pacific Stage 2;Group Stage;Week 1;UdoTan;Global Esports;102;98;239;105;0,68;148;82;15;21;16;0,21;0,14;1/7;29;84;80;15;21;16;174;37;4;2;27
2117;VCT 2025: Pacific Stage 2;Group Stage;Week 1;Persia;Nongshim RedForce;17;113;161;143;0,76;105;59;35;6;6;0,17;0,5;1/2;10;10;7;6;1;1;154;33;4;2;27
2118;VCT 2025: Pacific Stage 2;Group Stage;Week 1;Persia;Nongshim RedForce;84;98;180;102;0,8;111;67;43;1;7;0,33;0,13;1/8;20;56;55;36;8;6;154;33;4;2;27
2119;VCT 2025: Pacific Stage 2;Group Stage;Week 1;Persia;Nongshim RedForce;119;106;186;113;0,78;118;68;38;9;6;0,3;0,13;2/16;20;81;72;45;11;7;154;33;4;2;27
2120;VCT 2025: Pacific Stage 2;Group Stage;Week 1;Rb;Nongshim RedForce;24;94;133;86;0,67;73;5;38;8;8;0,3;0,2;1/5;12;12;14;9;2;2;155;33;4;2;27
2121;VCT 2025: Pacific Stage 2;Group Stage;Week 1;Rb;Nongshim RedForce;119;108;196;103;0,73;129;66;42;9;7;0,26;0,08;1/13;19;79;77;50;11;8;155;33;4;2;27
2122;VCT 2025: Pacific Stage 2;Group Stage;Week 1;Francis;Nongshim RedForce;101;123;252;138;0,72;161;89;35;16;11;0,3;0,17;2/12;23;90;65;35;16;11;175;33;4;2;27
2123;VCT 2025: Pacific Stage 2;Group Stage;Week 1;Francis;Nongshim RedForce;119;112;225;122;0,71;146;81;33;14;1;0,31;0,15;2/13;23;96;79;39;17;12;175;33;4;2;27
2124;VCT 2025: Pacific Stage 2;Group Stage;Week 1;Dambi;Nongshim RedForce;17;159;304;211;0,76;201;112;18;18;18;0,32;1;1/1;19;19;9;3;3;3;169;33;4;2;27
2125;VCT 2025: Pacific Stage 2;Group Stage;Week 1;Dambi;Nongshim RedForce;119;118;250;131;0,71;158;86;2;18;15;0,21;0,2;1/5;21;102;78;24;22;18;169;33;4;2;27
2126;VCT 2025: Pacific Stage 2;Group Stage;Week 1;JitBoyS;TALON;40;106;160;96;0,88;96;58;45;5;8;0,55;0,13;1/8;12;23;24;18;2;3;156;34;4;2;27
2127;VCT 2025: Pacific Stage 2;Group Stage;Week 1;JitBoyS;TALON;34;146;264;168;0,82;185;94;24;21;6;0,37;0,25;1/4;19;32;19;8;7;2;156;34;4;2;27
2128;VCT 2025: Pacific Stage 2;Group Stage;Week 1;JitBoyS;TALON;74;124;212;128;0,85;137;74;35;12;7;0,43;0,17;2/12;19;55;43;26;9;5;156;34;4;2;27
2129;VCT 2025: Pacific Stage 2;Group Stage;Week 1;primmie;TALON;40;144;266;171;0,78;164;103;15;13;8;0,39;0,33;1/3;23;41;24;6;5;3;157;34;4;2;27
2130;VCT 2025: Pacific Stage 2;Group Stage;Week 1;primmie;TALON;34;125;230;161;0,79;148;85;38;15;6;0,46;0,5;1/2;16;29;18;13;5;2;157;34;4;2;27
2131;VCT 2025: Pacific Stage 2;Group Stage;Week 1;primmie;TALON;74;135;248;167;0,78;156;95;26;14;7;0,41;0,4;2/5;23;70;42;19;10;5;157;34;4;2;27
2132;VCT 2025: Pacific Stage 2;Group Stage;Week 1;Crws;TALON;40;13;230;141;0,85;141;78;5;15;8;0,35;0,25;1/4;21;31;22;20;6;3;159;34;4;2;27
2133;VCT 2025: Pacific Stage 2;Group Stage;Week 1;Crws;TALON;34;125;212;156;0,68;158;82;21;6;3;0,28;0,67;2/3;15;28;18;7;2;1;159;34;4;2;27
2134;VCT 2025: Pacific Stage 2;Group Stage;Week 1;Crws;TALON;74;128;221;148;0,77;149;8;36;11;5;0,32;0,43;3/7;21;59;40;27;8;4;159;34;4;2;27
2135;VCT 2025: Pacific Stage 2;Group Stage;Week 1;Killua;TALON;40;106;212;115;0,78;130;78;18;5;5;0,45;1;1/1;16;31;27;7;2;2;160;34;4;2;27
2136;VCT 2025: Pacific Stage 2;Group Stage;Week 1;Killua;TALON;34;114;198;118;0,85;151;76;15;6;9;0,51;0,5;2/4;18;26;22;5;2;3;160;34;4;2;27
2137;VCT 2025: Pacific Stage 2;Group Stage;Week 1;Killua;TALON;74;11;205;116;0,81;140;77;16;5;7;0,48;0,6;3/5;18;57;49;12;4;5;160;34;4;2;27
2138;VCT 2025: Pacific Stage 2;Group Stage;Week 1;kellyS;Team Secret;21;115;186;10;0,67;117;67;52;0;19;0,39;0,5;1/2;14;14;14;11;0;4;176;38;4;2;27
2139;VCT 2025: Pacific Stage 2;Group Stage;Week 1;kellyS;Team Secret;124;97;202;94;0,75;133;69;28;9;17;0,19;0,25;1/4;19;85;90;35;11;21;176;38;4;2;27
2140;VCT 2025: Pacific Stage 2;Group Stage;Week 1;n1zzy;Team Secret;18;163;214;32;0,83;147;89;28;22;0;0,58;0,67;2/3;16;16;5;5;4;0;177;38;4;2;27
2141;VCT 2025: Pacific Stage 2;Group Stage;Week 1;n1zzy;Team Secret;21;91;163;81;0,71;100;62;1;14;5;0,24;0,33;1/3;13;13;16;2;3;1;177;38;4;2;27
2142;VCT 2025: Pacific Stage 2;Group Stage;Week 1;n1zzy;Team Secret;24;107;190;82;0,71;135;58;38;0;4;0,31;0,17;1/6;14;14;17;9;0;1;177;38;4;2;27
2143;VCT 2025: Pacific Stage 2;Group Stage;Week 1;n1zzy;Team Secret;38;124;266;121;0,82;185;89;18;5;0;0,39;0,09;1/11;21;34;28;7;2;0;177;38;4;2;27
2144;VCT 2025: Pacific Stage 2;Group Stage;Week 1;n1zzy;Team Secret;23;115;209;112;0,78;143;83;17;13;9;0,42;0,2;1/5;19;19;17;4;3;2;177;38;4;2;27
2145;VCT 2025: Pacific Stage 2;Group Stage;Week 1;n1zzy;Team Secret;124;119;218;116;0,77;148;77;22;1;3;0,37;0,21;6/28;21;96;83;27;12;4;177;38;4;2;27
2146;VCT 2025: Pacific Stage 2;Group Stage;Week 1;Wild0reoo;Team Secret;39;54;122;53;0,49;80;41;3;5;13;0,34;0,17;1/6;8;16;30;1;2;5;178;38;4;2;27
2147;VCT 2025: Pacific Stage 2;Group Stage;Week 1;Wild0reoo;Team Secret;43;123;229;12;0,72;140;84;26;7;9;0,31;0,5;3/6;19;36;30;11;3;4;178;38;4;2;27
2148;VCT 2025: Pacific Stage 2;Group Stage;Week 1;Wild0reoo;Team Secret;124;102;206;107;0,68;130;74;21;6;13;0,35;0,31;4/13;23;92;86;26;7;16;178;38;4;2;27
2149;VCT 2025: Pacific Stage 2;Group Stage;Week 1;ZesBeeW;Team Secret;63;102;181;98;0,7;126;68;41;14;16;0,23;0,25;2/8;28;43;44;26;9;10;179;38;4;2;27
2150;VCT 2025: Pacific Stage 2;Group Stage;Week 1;ZesBeeW;Team Secret;124;86;177;9;0,67;118;65;31;11;21;0,21;0,15;2/13;28;80;89;38;14;26;179;38;4;2;27
2151;VCT 2025: Pacific Stage 2;Group Stage;Week 1;xffero;Rex Regum Qeon;80;91;177;9;0,69;116;65;3;6;9;0,28;0,11;1/9;19;52;58;24;5;7;50;12;4;2;27
2152;VCT 2025: Pacific Stage 2;Group Stage;Week 1;xffero;Rex Regum Qeon;100;79;158;77;0,63;104;58;24;5;8;0,28;0,09;1/11;19;58;75;24;5;8;50;12;4;2;27
2153;VCT 2025: Pacific Stage 2;Group Stage;Week 1;Kushy;Rex Regum Qeon;19;73;161;73;0,58;92;58;5;0;11;0,38;0,5;1/2;11;11;15;1;0;2;51;12;4;2;27
2154;VCT 2025: Pacific Stage 2;Group Stage;Week 1;Kushy;Rex Regum Qeon;19;148;194;214;0,79;130;79;21;5;0;0,28;0,5;1/2;15;15;7;4;1;0;51;12;4;2;27
2155;VCT 2025: Pacific Stage 2;Group Stage;Week 1;Kushy;Rex Regum Qeon;42;96;188;96;0,71;116;62;29;5;2;0,37;0,2;1/5;14;26;27;12;2;1;51;12;4;2;27
2156;VCT 2025: Pacific Stage 2;Group Stage;Week 1;Kushy;Rex Regum Qeon;100;99;181;98;0,67;113;63;23;4;7;0,31;0,27;3/11;15;63;64;23;4;7;51;12;4;2;27
2157;VCT 2025: Pacific Stage 2;Group Stage;Week 1;Monyet;Rex Regum Qeon;58;115;224;115;0,74;144;79;43;9;5;0,35;0,13;1/8;23;46;40;25;5;3;56;12;4;2;27
2158;VCT 2025: Pacific Stage 2;Group Stage;Week 1;Monyet;Rex Regum Qeon;100;112;228;113;0,7;148;8;34;11;16;0,28;0,08;1/12;24;80;71;34;11;16;56;12;4;2;27
2159;VCT 2025: Pacific Stage 2;Group Stage;Week 1;SugarZ3ro;ZETA DIVISION;38;105;232;91;0,74;156;79;29;3;8;0,37;0,11;1/9;17;30;33;11;1;3;180;39;4;2;27
2160;VCT 2025: Pacific Stage 2;Group Stage;Week 1;SugarZ3ro;ZETA DIVISION;85;91;189;81;0,62;127;67;24;2;9;0,34;0,08;1/12;17;57;70;20;2;8;180;39;4;2;27
2161;VCT 2025: Pacific Stage 2;Group Stage;Week 1;CLZ;ZETA DIVISION;19;67;157;59;0,58;94;53;16;0;0;0,41;0,5;1/2;10;10;17;3;0;0;181;39;4;2;27
2162;VCT 2025: Pacific Stage 2;Group Stage;Week 1;CLZ;ZETA DIVISION;20;55;121;56;0,35;77;45;0;15;15;0,3;0,4;2/5;9;9;16;0;3;3;181;39;4;2;27
2163;VCT 2025: Pacific Stage 2;Group Stage;Week 1;CLZ;ZETA DIVISION;14;144;241;186;0,86;165;93;43;14;21;0,52;1;1/1;13;13;7;6;2;3;181;39;4;2;27
2164;VCT 2025: Pacific Stage 2;Group Stage;Week 1;CLZ;ZETA DIVISION;85;69;145;65;0,56;94;52;15;7;8;0,42;0,33;4/12;13;44;68;13;6;7;181;39;4;2;27
2165;VCT 2025: Pacific Stage 2;Group Stage;Week 1;Xdll;ZETA DIVISION;19;66;168;65;0,37;108;58;21;11;11;0,48;0,2;1/5;11;11;17;4;2;2;182;39;4;2;27
2166;VCT 2025: Pacific Stage 2;Group Stage;Week 1;Xdll;ZETA DIVISION;32;85;178;81;0,53;124;69;6;0;13;0,53;0,09;1/11;16;22;27;2;0;4;182;39;4;2;27
2167;VCT 2025: Pacific Stage 2;Group Stage;Week 1;Xdll;ZETA DIVISION;85;89;177;85;0,54;112;65;2;9;12;0,39;0,12;2/17;16;55;65;17;8;10;182;39;4;2;27
2168;VCT 2025: Pacific Stage 2;Group Stage;Week 1;TenTen;ZETA DIVISION;33;11;225;118;0,73;160;79;3;9;18;0,18;0,33;1/3;18;26;22;10;3;6;183;39;4;2;27
2169;VCT 2025: Pacific Stage 2;Group Stage;Week 1;TenTen;ZETA DIVISION;85;71;174;71;0,59;118;58;22;11;22;0,2;0,13;1/8;18;49;69;19;9;19;183;39;4;2;27
2170;VCT 2025: Pacific Stage 2;Group Stage;Week 1;Dep;ZETA DIVISION;19;115;272;112;0,74;166;10;16;5;21;0,42;0,2;1/5;19;19;17;3;1;4;184;39;4;2;27
2171;VCT 2025: Pacific Stage 2;Group Stage;Week 1;Dep;ZETA DIVISION;85;95;224;92;0,69;146;76;18;8;11;0,37;0,09;1/11;19;65;71;15;7;9;184;39;4;2;27
2172;VCT 2025: Pacific Stage 2;Group Stage;Week 1;dos9;BOOM Esports;45;117;205;117;0,78;128;76;38;7;7;0,27;0,43;3/7;21;34;29;17;3;3;185;40;4;2;27
2173;VCT 2025: Pacific Stage 2;Group Stage;Week 1;dos9;BOOM Esports;82;107;216;109;0,78;131;74;35;12;7;0,27;0,21;3/14;21;61;56;29;10;6;185;40;4;2;27
2174;VCT 2025: Pacific Stage 2;Group Stage;Week 1;BerserX;BOOM Esports;22;76;154;65;0,64;106;5;27;5;23;0,17;0,25;1/4;11;11;17;6;1;5;186;40;4;2;27
2175;VCT 2025: Pacific Stage 2;Group Stage;Week 1;BerserX;BOOM Esports;82;81;154;74;0,7;106;52;2;5;1;0,22;0,06;1/17;18;43;58;16;4;8;186;40;4;2;27
2176;VCT 2025: Pacific Stage 2;Group Stage;Week 1;MaKo;DRX;64;106;201;102;0,67;127;72;34;2;9;0,32;0,17;2/12;20;46;45;22;1;6;16;5;4;2;27
2177;VCT 2025: Pacific Stage 2;Group Stage;Week 1;MaKo;DRX;99;104;200;10;0,72;131;69;39;2;12;0,27;0,12;2/17;20;68;68;39;2;12;16;5;4;2;27
2178;VCT 2025: Pacific Stage 2;Group Stage;Week 1;free1ng;DRX;24;9;182;83;0,75;112;63;58;4;13;0,29;0,67;2/3;15;15;18;14;1;3;14;5;4;2;27
2179;VCT 2025: Pacific Stage 2;Group Stage;Week 1;free1ng;DRX;58;84;176;79;0,66;113;59;19;12;9;0,34;0,2;1/5;17;34;43;11;7;5;14;5;4;2;27
2180;VCT 2025: Pacific Stage 2;Group Stage;Week 1;free1ng;DRX;99;77;165;72;0,68;106;56;3;9;1;0,32;0,33;3/9;17;55;76;30;9;10;14;5;4;2;27
2181;VCT 2025: Pacific Stage 2;Group Stage;Week 1;Estrella;DRX;18;79;126;62;0,72;71;44;56;6;6;0,42;0,67;2/3;8;8;13;10;1;1;187;5;4;2;27
2182;VCT 2025: Pacific Stage 2;Group Stage;Week 1;Estrella;DRX;64;74;175;75;0,69;109;56;33;8;14;0,2;0,25;2/8;17;36;48;21;5;9;187;5;4;2;27
2183;VCT 2025: Pacific Stage 2;Group Stage;Week 1;Estrella;DRX;99;72;156;69;0,69;97;52;38;6;11;0,22;0,29;4/14;17;51;74;38;6;11;187;5;4;2;27
2184;VCT 2025: Pacific Stage 2;Group Stage;Week 1;HYUNMIN;DRX;17;135;274;133;0,76;159;94;24;12;12;0,33;0,33;1/3;16;16;12;4;2;2;37;5;4;2;27
2185;VCT 2025: Pacific Stage 2;Group Stage;Week 1;HYUNMIN;DRX;99;102;215;97;0,7;143;73;15;16;13;0,29;0,25;1/4;24;72;74;15;16;13;37;5;4;2;27
2186;VCT 2025: Pacific Stage 2;Group Stage;Week 1;Jinboong;DetonatioN FocusMe;34;128;248;133;0,71;145;82;6;15;6;0,32;0,17;1/6;20;28;21;2;5;2;164;36;4;2;27
2187;VCT 2025: Pacific Stage 2;Group Stage;Week 1;Jinboong;DetonatioN FocusMe;88;84;175;79;0,64;114;57;11;9;7;0,29;0,11;1/9;20;50;63;10;8;6;164;36;4;2;27
2188;VCT 2025: Pacific Stage 2;Group Stage;Week 1;SSeeS;DetonatioN FocusMe;34;47;110;39;0,5;76;32;24;3;15;0,25;0,14;1/7;8;11;28;8;1;5;168;36;4;2;27
2189;VCT 2025: Pacific Stage 2;Group Stage;Week 1;SSeeS;DetonatioN FocusMe;88;5;115;5;0,56;72;38;23;6;13;0,2;0,08;1/12;11;33;66;20;5;11;168;36;4;2;27
2190;VCT 2025: Pacific Stage 2;Group Stage;Week 1;Akame;DetonatioN FocusMe;20;146;269;158;0,85;173;95;5;1;1;0,25;0,5;1/2;19;19;12;10;2;2;166;36;4;2;27
2191;VCT 2025: Pacific Stage 2;Group Stage;Week 1;Akame;DetonatioN FocusMe;34;78;186;67;0,71;132;59;12;15;12;0,32;0,4;2/5;11;20;30;4;5;4;166;36;4;2;27
2192;VCT 2025: Pacific Stage 2;Group Stage;Week 1;Akame;DetonatioN FocusMe;88;105;222;103;0,72;151;77;23;11;14;0,29;0,38;3/8;19;68;66;20;10;12;166;36;4;2;27
2193;VCT 2025: Pacific Stage 2;Group Stage;Week 1;Meiy;DetonatioN FocusMe;20;223;509;355;0,85;302;195;5;15;5;0,5;0,25;1/4;39;39;11;1;3;1;165;36;4;2;27
2194;VCT 2025: Pacific Stage 2;Group Stage;Week 1;Meiy;DetonatioN FocusMe;68;104;220;94;0,66;145;75;22;7;9;0,3;0,13;1/8;17;51;54;15;5;6;165;36;4;2;27
2195;VCT 2025: Pacific Stage 2;Group Stage;Week 1;Meiy;DetonatioN FocusMe;88;131;277;138;0,7;181;102;18;9;8;0,36;0,17;2/12;39;90;65;16;8;7;165;36;4;2;27
2196;VCT 2025: Pacific Stage 2;Group Stage;Week 1;gyen;DetonatioN FocusMe;68;101;170;87;0,71;110;6;34;7;15;0,29;0,18;2/11;17;41;47;23;5;10;167;36;4;2;27
2197;VCT 2025: Pacific Stage 2;Group Stage;Week 1;gyen;DetonatioN FocusMe;20;103;167;11;0,8;106;55;3;2;1;0,25;1;1/1;11;11;10;6;4;2;167;36;4;2;27
2198;VCT 2025: Pacific Stage 2;Group Stage;Week 1;gyen;DetonatioN FocusMe;88;101;170;91;0,73;109;59;33;1;14;0,28;0,25;3/12;17;52;57;29;9;12;167;36;4;2;27
2199;VCT 2025: Pacific Stage 2;Group Stage;Week 1;Foxy9;Gen.G;19;86;168;93;0,68;104;68;16;0;5;0,23;1;1/1;13;13;14;3;0;1;188;35;4;2;27
2200;VCT 2025: Pacific Stage 2;Group Stage;Week 1;Foxy9;Gen.G;102;98;181;102;0,76;121;66;16;8;7;0,34;0,17;1/6;18;67;66;16;8;7;188;35;4;2;27
2201;VCT 2025: Pacific Stage 2;Group Stage;Week 1;Ash;Gen.G;19;161;226;225;0,89;139;95;16;11;0;0,41;0,5;1/2;18;18;8;3;2;0;161;35;4;2;27
2202;VCT 2025: Pacific Stage 2;Group Stage;Week 1;Ash;Gen.G;83;108;186;119;0,81;122;67;27;4;4;0,27;0,07;1/14;16;56;47;22;3;3;161;35;4;2;27
2203;VCT 2025: Pacific Stage 2;Group Stage;Week 1;Ash;Gen.G;102;118;194;135;0,82;125;73;25;5;3;0,29;0,13;2/16;18;74;55;25;5;3;161;35;4;2;27
2204;VCT 2025: Pacific Stage 2;Group Stage;Week 1;t3xture;Gen.G;83;93;205;94;0,64;135;7;18;13;2;0,31;0,17;1/6;20;58;62;15;11;17;162;35;4;2;27
2205;VCT 2025: Pacific Stage 2;Group Stage;Week 1;t3xture;Gen.G;102;93;200;95;0,65;132;68;18;15;2;0,3;0,14;1/7;20;69;73;18;15;20;162;35;4;2;27
2206;VCT 2025: Pacific Stage 2;Group Stage;Week 1;Munchkin;Gen.G;19;156;346;20;0,84;209;126;32;32;0;0,27;0,33;1/3;24;24;12;6;6;0;189;35;4;2;27
2207;VCT 2025: Pacific Stage 2;Group Stage;Week 1;Munchkin;Gen.G;83;91;205;93;0,7;131;67;33;1;14;0,25;0,14;1/7;17;56;60;27;8;12;189;35;4;2;27
2208;VCT 2025: Pacific Stage 2;Group Stage;Week 1;Munchkin;Gen.G;102;103;233;111;0,73;145;78;32;14;12;0,26;0,2;2/10;24;80;72;33;14;12;189;35;4;2;27
2209;VCT 2025: Pacific Stage 2;Group Stage;Week 1;Karon;Gen.G;102;91;179;88;0,71;112;63;41;11;7;0,35;0,17;2/12;16;64;73;42;11;7;163;35;4;2;27
2210;VCT 2025: Pacific Stage 2;Group Stage;Week 1;f0rsakeN;Paper Rex;46;112;224;123;0,76;140;8;37;24;17;0,33;1;1/1;19;37;30;17;11;8;21;7;4;2;27
2211;VCT 2025: Pacific Stage 2;Group Stage;Week 1;f0rsakeN;Paper Rex;98;112;222;123;0,77;147;82;33;17;14;0,3;0,33;1/3;27;80;65;32;17;14;21;7;4;2;27
2212;VCT 2025: Pacific Stage 2;Group Stage;Week 1;Jinggg;Paper Rex;46;135;264;154;0,78;172;93;24;11;7;0,2;0,4;2/5;22;43;28;11;5;3;27;7;4;2;27
2213;VCT 2025: Pacific Stage 2;Group Stage;Week 1;Jinggg;Paper Rex;98;112;217;119;0,82;143;76;36;11;8;0,24;0,29;2/7;23;74;62;35;11;8;27;7;4;2;27
2214;VCT 2025: Pacific Stage 2;Group Stage;Week 1;d4v41;Paper Rex;98;135;252;158;0,78;168;92;23;13;4;0,32;0,07;1/14;29;90;57;23;13;4;22;7;4;2;27
2215;VCT 2025: Pacific Stage 2;Group Stage;Week 1;something;Paper Rex;98;129;242;147;0,83;161;89;28;13;8;0,23;0,15;3/20;32;87;59;27;13;8;23;7;4;2;27
2216;VCT 2025: Pacific Stage 2;Group Stage;Week 2;stax;T1;19;177;295;21;0,79;196;111;37;0;5;0,39;0,4;2/5;21;21;10;7;0;1;72;16;4;2;28
2217;VCT 2025: Pacific Stage 2;Group Stage;Week 2;stax;T1;40;125;206;141;0,68;145;78;28;0;3;0,38;0,4;2/5;21;31;22;11;0;1;72;16;4;2;28
2218;VCT 2025: Pacific Stage 2;Group Stage;Week 2;DH;T1;40;126;240;144;0,78;146;9;48;8;1;0,46;0,4;2/5;20;36;25;19;3;4;70;16;4;2;28
2219;VCT 2025: Pacific Stage 2;Group Stage;Week 2;Papi;Global Esports;20;61;81;42;0,75;51;25;25;5;15;0,22;0,2;1/5;5;5;12;5;1;3;170;37;4;2;28
2220;VCT 2025: Pacific Stage 2;Group Stage;Week 2;Papi;Global Esports;52;75;143;74;0,75;93;48;27;2;1;0,31;0,14;1/7;15;25;34;14;1;5;170;37;4;2;28
2221;VCT 2025: Pacific Stage 2;Group Stage;Week 2;yoman;Global Esports;36;9;146;74;0,69;99;47;39;6;6;0,28;0,33;2/6;9;17;23;14;2;2;173;37;4;2;28
2222;VCT 2025: Pacific Stage 2;Group Stage;Week 2;yoman;Global Esports;16;77;177;69;0,63;110;56;38;0;6;0,2;0,33;1/3;9;9;13;6;0;1;173;37;4;2;28
2223;VCT 2025: Pacific Stage 2;Group Stage;Week 2;yoman;Global Esports;52;86;156;72;0,67;102;5;38;4;6;0,25;0,33;3/9;9;26;36;20;2;3;173;37;4;2;28
2224;VCT 2025: Pacific Stage 2;Group Stage;Week 2;dos9;BOOM Esports;21;118;199;108;0,86;130;67;62;0;0;0,25;0,33;1/3;14;14;13;13;0;0;185;40;4;2;28
2225;VCT 2025: Pacific Stage 2;Group Stage;Week 2;dos9;BOOM Esports;44;104;190;10;0,84;118;66;52;2;9;0,3;0,25;1/4;15;29;29;23;1;4;185;40;4;2;28
2226;VCT 2025: Pacific Stage 2;Group Stage;Week 2;NcSlasher;BOOM Esports;44;83;182;88;0,66;112;66;32;9;14;0,24;0,14;1/7;17;29;33;14;4;6;190;40;4;2;28
2227;VCT 2025: Pacific Stage 2;Group Stage;Week 2;BerserX;BOOM Esports;23;108;219;106;0,7;147;78;9;4;4;0,24;0,33;1/3;18;18;17;2;1;1;186;40;4;2;28
2228;VCT 2025: Pacific Stage 2;Group Stage;Week 2;BerserX;BOOM Esports;21;108;217;113;0,67;139;81;19;19;1;0,33;0,2;1/5;17;17;15;4;4;2;186;40;4;2;28
2229;VCT 2025: Pacific Stage 2;Group Stage;Week 2;BerserX;BOOM Esports;44;108;218;109;0,68;143;8;14;11;7;0,27;0,25;2/8;18;35;32;6;5;3;186;40;4;2;28
2230;VCT 2025: Pacific Stage 2;Group Stage;Week 2;Famouz;BOOM Esports;44;92;212;86;0,73;137;7;23;14;16;0,16;0,17;1/6;17;31;36;10;6;7;191;40;4;2;28
2231;VCT 2025: Pacific Stage 2;Group Stage;Week 2;f0rsakeN;Paper Rex;21;109;206;88;0,76;144;67;67;0;19;0,18;1;1/1;14;14;16;14;0;4;21;7;4;2;28
2232;VCT 2025: Pacific Stage 2;Group Stage;Week 2;f0rsakeN;Paper Rex;23;125;240;124;0,74;145;91;43;4;9;0,43;1;1/1;21;21;17;10;1;2;21;7;4;2;28
2233;VCT 2025: Pacific Stage 2;Group Stage;Week 2;f0rsakeN;Paper Rex;44;117;223;106;0,75;144;8;55;2;14;0,3;1;2/2;21;35;33;24;1;6;21;7;4;2;28
2234;VCT 2025: Pacific Stage 2;Group Stage;Week 2;PatMen;Paper Rex;44;97;184;103;0,77;119;7;27;2;2;0,27;0,13;1/8;18;31;30;12;1;1;20;7;4;2;28
2235;VCT 2025: Pacific Stage 2;Group Stage;Week 2;d4v41;Paper Rex;21;74;162;73;0,67;116;52;29;19;14;0,15;0,5;1/2;11;11;15;6;4;3;22;7;4;2;28
2236;VCT 2025: Pacific Stage 2;Group Stage;Week 2;d4v41;Paper Rex;44;87;190;94;0,68;130;66;25;16;9;0,23;0,17;1/6;18;29;31;11;7;4;22;7;4;2;28
2237;VCT 2025: Pacific Stage 2;Group Stage;Week 2;something;Paper Rex;44;127;222;133;0,8;155;82;16;2;7;0,29;0,5;3/6;20;36;27;7;9;3;23;7;4;2;28
2238;VCT 2025: Pacific Stage 2;Group Stage;Week 2;xffero;Rex Regum Qeon;21;111;192;133;0,76;110;76;19;14;1;0,23;0,33;1/3;16;16;12;4;3;2;50;12;4;2;28
2239;VCT 2025: Pacific Stage 2;Group Stage;Week 2;xffero;Rex Regum Qeon;16;92;120;114;0,69;102;5;13;6;0;0,38;1;1/1;8;8;7;2;1;0;50;12;4;2;28
2240;VCT 2025: Pacific Stage 2;Group Stage;Week 2;xffero;Rex Regum Qeon;24;122;219;14;0,83;140;88;29;13;8;0,33;0,25;1/4;21;21;15;7;3;2;50;12;4;2;28
2241;VCT 2025: Pacific Stage 2;Group Stage;Week 2;xffero;Rex Regum Qeon;61;11;177;132;0,77;120;74;21;11;7;0,31;0,38;3/8;21;45;34;13;7;4;50;12;4;2;28
2242;VCT 2025: Pacific Stage 2;Group Stage;Week 2;Monyet;Rex Regum Qeon;24;119;240;119;0,83;153;79;63;8;0;0,32;0,33;1/3;19;19;16;15;2;0;56;12;4;2;28
2243;VCT 2025: Pacific Stage 2;Group Stage;Week 2;Monyet;Rex Regum Qeon;61;136;289;154;0,87;175;98;56;16;5;0,33;0,33;1/3;21;60;39;34;10;3;56;12;4;2;28
2244;VCT 2025: Pacific Stage 2;Group Stage;Week 2;primmie;TALON;44;128;235;134;0,75;146;89;14;7;5;0,46;0,33;2/6;23;39;29;6;3;2;157;34;4;2;28
2245;VCT 2025: Pacific Stage 2;Group Stage;Week 2;primmie;TALON;65;101;182;96;0,72;114;66;28;5;5;0,44;0,25;2/8;23;43;45;18;3;3;157;34;4;2;28
2246;VCT 2025: Pacific Stage 2;Group Stage;Week 2;thyy;TALON;22;58;159;5;0,59;105;45;23;9;23;0,19;0,33;1/3;10;10;20;5;2;5;158;34;4;2;28
2247;VCT 2025: Pacific Stage 2;Group Stage;Week 2;thyy;TALON;22;149;252;182;0,86;165;91;14;23;0;0,41;0,5;1/2;20;20;11;3;5;0;158;34;4;2;28
2248;VCT 2025: Pacific Stage 2;Group Stage;Week 2;thyy;TALON;65;99;209;98;0,69;131;71;12;18;15;0,31;0,29;2/7;20;46;47;8;12;10;158;34;4;2;28
2249;VCT 2025: Pacific Stage 2;Group Stage;Week 2;Killua;TALON;65;112;228;111;0,68;153;8;11;8;8;0,41;0,13;1/8;20;52;47;7;5;5;160;34;4;2;28
2250;VCT 2025: Pacific Stage 2;Group Stage;Week 2;SugarZ3ro;ZETA DIVISION;40;97;210;9;0,58;134;68;28;1;3;0,27;0,2;1/5;15;27;30;11;4;1;180;39;4;2;28
2251;VCT 2025: Pacific Stage 2;Group Stage;Week 2;Dep;ZETA DIVISION;40;132;250;113;0,73;168;88;28;15;13;0,35;0,11;1/9;22;35;31;11;6;5;184;39;4;2;28
2252;VCT 2025: Pacific Stage 2;Group Stage;Week 2;Ivy;Nongshim RedForce;24;134;261;144;0,79;147;96;21;8;8;0,23;0,5;1/2;23;23;16;5;2;2;192;33;4;2;28
2253;VCT 2025: Pacific Stage 2;Group Stage;Week 2;Ivy;Nongshim RedForce;61;9;185;85;0,66;117;66;13;7;1;0,2;0,13;1/8;23;40;47;8;4;6;192;33;4;2;28
2254;VCT 2025: Pacific Stage 2;Group Stage;Week 2;Francis;Nongshim RedForce;45;117;210;114;0,76;126;73;29;7;9;0,3;0,25;2/8;17;33;29;13;3;4;175;33;4;2;28
2255;VCT 2025: Pacific Stage 2;Group Stage;Week 2;Francis;Nongshim RedForce;61;94;171;78;0,7;112;57;38;5;1;0,26;0,2;2/10;17;35;45;23;3;6;175;33;4;2;28
2256;VCT 2025: Pacific Stage 2;Group Stage;Week 2;Dambi;Nongshim RedForce;16;105;207;10;0,69;137;75;13;13;25;0,21;0,33;1/3;12;12;12;2;2;4;169;33;4;2;28
2257;VCT 2025: Pacific Stage 2;Group Stage;Week 2;Dambi;Nongshim RedForce;61;71;166;7;0,69;106;54;18;13;18;0,25;0,2;1/5;12;33;47;11;8;11;169;33;4;2;28
2258;VCT 2025: Pacific Stage 2;Group Stage;Week 2;Persia;Nongshim RedForce;16;108;229;10;0,63;152;81;13;6;31;0,17;0,17;1/6;13;13;13;2;1;5;154;33;4;2;28
2259;VCT 2025: Pacific Stage 2;Group Stage;Week 2;Persia;Nongshim RedForce;61;88;177;8;0,69;108;59;39;7;15;0,19;0,09;1/11;13;36;45;24;4;9;154;33;4;2;28
2260;VCT 2025: Pacific Stage 2;Group Stage;Week 2;Rb;Nongshim RedForce;61;65;154;62;0,62;112;51;15;7;1;0,23;0,17;1/6;15;31;50;9;4;6;155;33;4;2;28
2261;VCT 2025: Pacific Stage 2;Group Stage;Week 2;Jinboong;DetonatioN FocusMe;22;105;171;127;0,91;101;64;23;9;9;0,32;0,5;1/2;14;14;11;5;2;2;164;36;4;2;28
2262;VCT 2025: Pacific Stage 2;Group Stage;Week 2;Jinboong;DetonatioN FocusMe;22;96;227;89;0,73;146;77;41;14;9;0,28;0,33;1/3;17;17;19;9;3;2;164;36;4;2;28
2263;VCT 2025: Pacific Stage 2;Group Stage;Week 2;Jinboong;DetonatioN FocusMe;65;98;192;10;0,77;123;66;28;11;6;0,3;0,29;2/7;17;43;43;18;7;4;164;36;4;2;28
2264;VCT 2025: Pacific Stage 2;Group Stage;Week 2;SSeeS;DetonatioN FocusMe;22;7;126;73;0,55;78;5;5;5;14;0,31;0,29;2/7;11;11;15;1;1;3;168;36;4;2;28
2265;VCT 2025: Pacific Stage 2;Group Stage;Week 2;SSeeS;DetonatioN FocusMe;43;87;124;10;0,7;80;51;12;2;5;0,41;0,25;1/4;12;22;22;5;1;2;168;36;4;2;28
2266;VCT 2025: Pacific Stage 2;Group Stage;Week 2;SSeeS;DetonatioN FocusMe;65;81;125;89;0,65;79;51;9;3;8;0,37;0,27;3/11;12;33;37;6;2;5;168;36;4;2;28
2267;VCT 2025: Pacific Stage 2;Group Stage;Week 2;invy;Team Secret;17;82;160;6;0,35;110;53;29;12;6;0,21;0,5;1/2;9;9;15;5;2;1;193;38;4;2;28
2268;VCT 2025: Pacific Stage 2;Group Stage;Week 2;invy;Team Secret;34;99;210;86;0,59;134;74;24;9;6;0,25;0,14;1/7;16;25;29;8;3;2;193;38;4;2;28
2269;VCT 2025: Pacific Stage 2;Group Stage;Week 2;n1zzy;Team Secret;17;104;183;79;0,65;121;65;6;18;12;0,37;0,2;1/5;11;11;14;1;3;2;177;38;4;2;28
2270;VCT 2025: Pacific Stage 2;Group Stage;Week 2;n1zzy;Team Secret;34;67;124;46;0,59;86;38;18;9;6;0,42;0,13;1/8;11;13;28;6;3;2;177;38;4;2;28
2271;VCT 2025: Pacific Stage 2;Group Stage;Week 2;ZesBeeW;Team Secret;34;51;122;46;0,53;84;38;18;3;18;0,3;0,4;2/5;7;13;28;6;1;6;179;38;4;2;28
2272;VCT 2025: Pacific Stage 2;Group Stage;Week 2;Estrella;DRX;17;115;172;125;0,94;112;59;47;12;6;0,19;1;1/1;10;10;8;8;2;1;187;5;4;2;28
2273;VCT 2025: Pacific Stage 2;Group Stage;Week 2;Estrella;DRX;34;109;168;131;0,91;113;62;29;9;9;0,24;1;1/1;11;21;16;10;3;3;187;5;4;2;28
2274;VCT 2025: Pacific Stage 2;Group Stage;Week 2;HYUNMIN;DRX;17;121;209;13;0,88;138;76;35;12;6;0,19;1;1/1;13;13;10;6;2;1;37;5;4;2;28
2275;VCT 2025: Pacific Stage 2;Group Stage;Week 2;HYUNMIN;DRX;34;14;284;167;0,88;178;103;32;12;6;0,32;0,5;1/2;22;35;21;11;4;2;37;5;4;2;28
2276;VCT 2025: Pacific Stage 2;Group Stage;Week 2;free1ng;DRX;17;17;281;243;0,82;190;10;35;24;6;0,39;1;1/1;17;17;7;6;4;1;14;5;4;2;28
2277;VCT 2025: Pacific Stage 2;Group Stage;Week 2;free1ng;DRX;34;164;264;238;0,88;174;91;38;15;3;0,38;0,5;1/2;17;31;13;13;5;1;14;5;4;2;28
2278;VCT 2025: Pacific Stage 2;Group Stage;Week 2;Ash;Gen.G;32;95;168;95;0,75;114;59;25;3;6;0,45;0,17;1/6;14;19;20;8;1;2;161;35;4;2;28
2279;VCT 2025: Pacific Stage 2;Group Stage;Week 2;Ash;Gen.G;52;99;176;103;0,77;112;63;23;4;6;0,4;0,14;1/7;14;33;32;12;2;3;161;35;4;2;28
2280;VCT 2025: Pacific Stage 2;Group Stage;Week 2;t3xture;Gen.G;36;11;221;127;0,69;149;78;17;19;8;0,24;0,25;1/4;16;28;22;6;7;3;162;35;4;2;28
2281;VCT 2025: Pacific Stage 2;Group Stage;Week 2;t3xture;Gen.G;52;107;220;111;0,63;142;77;15;13;1;0,24;0,14;1/7;16;40;36;8;7;5;162;35;4;2;28
2282;VCT 2025: Pacific Stage 2;Group Stage;Week 2;Foxy9;Gen.G;20;133;203;178;0,8;128;8;25;1;1;0,33;1;1/1;16;16;9;5;2;2;188;35;4;2;28
2283;VCT 2025: Pacific Stage 2;Group Stage;Week 2;Foxy9;Gen.G;52;107;204;121;0,65;130;77;12;6;1;0,36;0,5;1/2;16;40;33;6;3;5;188;35;4;2;28
2284;VCT 2025: Pacific Stage 2;Group Stage;Week 2;Karon;Gen.G;52;107;195;106;0,77;121;71;42;12;6;0,3;0,2;1/5;16;37;35;22;6;3;163;35;4;2;28
2285;VCT 2025: Pacific Stage 2;Group Stage;Week 3;Persia;Nongshim RedForce;21;11;157;92;0,86;98;52;81;19;1;0,32;0,25;1/4;11;11;12;17;4;2;154;33;4;2;29
2286;VCT 2025: Pacific Stage 2;Group Stage;Week 3;Persia;Nongshim RedForce;20;129;229;136;0,8;139;75;55;5;5;0,33;0,25;1/4;15;15;11;11;1;1;154;33;4;2;29
2287;VCT 2025: Pacific Stage 2;Group Stage;Week 3;Persia;Nongshim RedForce;41;119;193;113;0,83;118;63;68;12;7;0,32;0,25;2/8;15;26;23;28;5;3;154;33;4;2;29
2288;VCT 2025: Pacific Stage 2;Group Stage;Week 3;Rb;Nongshim RedForce;21;81;180;88;0,67;102;67;24;14;5;0,34;0,5;1/2;14;14;16;5;3;1;155;33;4;2;29
2289;VCT 2025: Pacific Stage 2;Group Stage;Week 3;Rb;Nongshim RedForce;20;10;182;10;0,8;132;65;35;1;0;0,37;0,5;1/2;13;13;13;7;2;0;155;33;4;2;29
2290;VCT 2025: Pacific Stage 2;Group Stage;Week 3;Rb;Nongshim RedForce;41;91;181;93;0,73;117;66;29;12;2;0,36;0,5;2/4;14;27;29;12;5;1;155;33;4;2;29
2291;VCT 2025: Pacific Stage 2;Group Stage;Week 3;Ivy;Nongshim RedForce;41;10;181;126;0,76;119;71;15;5;7;0,37;0,33;1/3;21;29;23;6;2;3;192;33;4;2;29
2292;VCT 2025: Pacific Stage 2;Group Stage;Week 3;Francis;Nongshim RedForce;21;186;347;208;0,9;224;129;52;5;0;0,22;0,5;1/2;27;27;13;11;1;0;175;33;4;2;29
2293;VCT 2025: Pacific Stage 2;Group Stage;Week 3;Francis;Nongshim RedForce;41;145;260;156;0,8;162;95;46;5;2;0,18;0,33;1/3;27;39;25;19;2;1;175;33;4;2;29
2294;VCT 2025: Pacific Stage 2;Group Stage;Week 3;Monyet;Rex Regum Qeon;26;75;149;78;0,65;100;54;12;12;27;0,23;1;1/1;14;14;18;3;3;7;56;12;4;2;29
2295;VCT 2025: Pacific Stage 2;Group Stage;Week 3;Monyet;Rex Regum Qeon;46;84;186;88;0,67;112;65;9;13;2;0,28;0,5;1/2;16;30;34;4;6;9;56;12;4;2;29
2296;VCT 2025: Pacific Stage 2;Group Stage;Week 3;Flashback;DRX;20;149;203;20;0,75;160;8;45;0;5;0,46;0,5;1/2;16;16;8;9;0;1;38;5;4;2;29
2297;VCT 2025: Pacific Stage 2;Group Stage;Week 3;Flashback;DRX;26;143;271;171;0,81;158;92;23;19;8;0,42;0,33;2/6;24;24;14;6;5;2;38;5;4;2;29
2298;VCT 2025: Pacific Stage 2;Group Stage;Week 3;Flashback;DRX;46;145;237;182;0,78;159;87;33;11;7;0,43;0,38;3/8;24;40;22;15;5;3;38;5;4;2;29
2299;VCT 2025: Pacific Stage 2;Group Stage;Week 3;ban;Global Esports;21;121;239;129;0,71;156;86;29;1;24;0,23;0,25;1/4;18;18;14;6;2;5;171;37;4;2;29
2300;VCT 2025: Pacific Stage 2;Group Stage;Week 3;ban;Global Esports;41;86;192;88;0,68;128;68;24;1;22;0,25;0,25;1/4;18;28;32;10;4;9;171;37;4;2;29
2301;VCT 2025: Pacific Stage 2;Group Stage;Week 3;yoman;Global Esports;21;78;161;81;0,81;91;62;24;5;1;0,29;0,33;1/3;13;13;16;5;1;2;173;37;4;2;29
2302;VCT 2025: Pacific Stage 2;Group Stage;Week 3;yoman;Global Esports;20;13;242;138;0,85;175;9;4;5;0;0,25;0,14;1/7;18;18;13;8;1;0;173;37;4;2;29
2303;VCT 2025: Pacific Stage 2;Group Stage;Week 3;yoman;Global Esports;41;104;202;107;0,83;132;76;32;5;5;0,26;0,2;2/10;18;31;29;13;2;2;173;37;4;2;29
2304;VCT 2025: Pacific Stage 2;Group Stage;Week 3;UdoTan;Global Esports;41;112;237;103;0,78;159;8;12;17;1;0,26;0,14;1/7;17;33;32;5;7;4;174;37;4;2;29
2305;VCT 2025: Pacific Stage 2;Group Stage;Week 3;CLZ;ZETA DIVISION;20;133;246;121;0,8;161;85;35;1;5;0,26;0,67;2/3;17;17;14;7;2;1;181;39;4;2;29
2306;VCT 2025: Pacific Stage 2;Group Stage;Week 3;CLZ;ZETA DIVISION;22;151;241;20;0,77;171;10;9;14;0;0,36;0,33;2/6;22;22;11;2;3;0;181;39;4;2;29
2307;VCT 2025: Pacific Stage 2;Group Stage;Week 3;CLZ;ZETA DIVISION;42;142;244;156;0,79;166;93;21;12;2;0,3;0,44;4/9;22;39;25;9;5;1;181;39;4;2;29
2308;VCT 2025: Pacific Stage 2;Group Stage;Week 3;SugarZ3ro;ZETA DIVISION;42;129;258;132;0,81;158;98;57;1;2;0,33;0,4;2/5;23;41;31;24;4;1;180;39;4;2;29
2309;VCT 2025: Pacific Stage 2;Group Stage;Week 3;Dep;ZETA DIVISION;42;126;210;139;0,79;144;76;29;14;7;0,28;0,25;1/4;19;32;23;12;6;3;184;39;4;2;29
2310;VCT 2025: Pacific Stage 2;Group Stage;Week 3;JitBoyS;TALON;23;95;172;107;0,74;120;65;13;4;17;0,36;0,33;1/3;15;15;14;3;1;4;156;34;4;2;29
2311;VCT 2025: Pacific Stage 2;Group Stage;Week 3;JitBoyS;TALON;42;86;173;87;0,79;119;62;26;5;12;0,33;0,25;1/4;15;26;30;11;2;5;156;34;4;2;29
2312;VCT 2025: Pacific Stage 2;Group Stage;Week 3;primmie;TALON;23;117;187;114;0,78;137;7;26;0;4;0,53;0,25;1/4;16;16;14;6;0;1;157;34;4;2;29
2313;VCT 2025: Pacific Stage 2;Group Stage;Week 3;primmie;TALON;19;139;258;164;0,79;168;95;11;26;11;0,38;1;1/1;18;18;11;2;5;2;157;34;4;2;29
2314;VCT 2025: Pacific Stage 2;Group Stage;Week 3;primmie;TALON;42;127;222;136;0,79;151;81;19;12;7;0,45;0,4;2/5;18;34;25;8;5;3;157;34;4;2;29
2315;VCT 2025: Pacific Stage 2;Group Stage;Week 3;Killua;TALON;19;98;202;107;0,84;131;79;26;5;11;0,34;0,33;1/3;15;15;14;5;1;2;160;34;4;2;29
2316;VCT 2025: Pacific Stage 2;Group Stage;Week 3;Killua;TALON;42;118;236;138;0,88;144;95;14;7;5;0,42;0,25;1/4;25;40;29;6;3;2;160;34;4;2;29
2317;VCT 2025: Pacific Stage 2;Group Stage;Week 3;Wild0reoo;Team Secret;21;62;147;42;0,57;105;38;38;5;1;0,32;0,5;1/2;8;8;19;8;1;2;178;38;4;2;29
2318;VCT 2025: Pacific Stage 2;Group Stage;Week 3;Wild0reoo;Team Secret;37;67;140;5;0,59;100;43;3;3;8;0,39;0,33;1/3;8;16;32;11;1;3;178;38;4;2;29
2319;VCT 2025: Pacific Stage 2;Group Stage;Week 3;invy;Team Secret;21;128;284;124;0,62;171;10;1;1;5;0,33;0,25;1/4;21;21;17;2;2;1;193;38;4;2;29
2320;VCT 2025: Pacific Stage 2;Group Stage;Week 3;invy;Team Secret;37;111;236;107;0,65;154;84;14;8;8;0,36;0,13;1/8;21;31;29;5;3;3;193;38;4;2;29
2321;VCT 2025: Pacific Stage 2;Group Stage;Week 3;n1zzy;Team Secret;16;102;197;86;0,69;125;75;6;0;13;0,52;0,25;1/4;12;12;14;1;0;2;177;38;4;2;29
2322;VCT 2025: Pacific Stage 2;Group Stage;Week 3;n1zzy;Team Secret;21;73;138;59;0,57;112;48;24;19;33;0,43;0,33;1/3;10;10;17;5;4;7;177;38;4;2;29
2323;VCT 2025: Pacific Stage 2;Group Stage;Week 3;n1zzy;Team Secret;37;85;168;71;0,62;118;59;16;11;24;0,47;0,29;2/7;12;22;31;6;4;9;177;38;4;2;29
2324;VCT 2025: Pacific Stage 2;Group Stage;Week 3;ZesBeeW;Team Secret;37;66;104;45;0,62;61;38;46;3;5;0,3;0,14;1/7;10;14;31;17;1;2;179;38;4;2;29
2325;VCT 2025: Pacific Stage 2;Group Stage;Week 3;Ash;Gen.G;16;159;277;213;0,81;177;106;25;6;6;0,3;1;1/1;17;17;8;4;1;1;161;35;4;2;29
2326;VCT 2025: Pacific Stage 2;Group Stage;Week 3;Ash;Gen.G;37;127;234;157;0,86;157;89;24;3;3;0,3;0,25;1/4;17;33;21;9;1;1;161;35;4;2;29
2327;VCT 2025: Pacific Stage 2;Group Stage;Week 3;Karon;Gen.G;37;143;248;165;0,92;154;89;7;8;3;0,36;0,5;2/4;18;33;20;26;3;1;163;35;4;2;29
2328;VCT 2025: Pacific Stage 2;Group Stage;Week 3;SSeeS;DetonatioN FocusMe;38;85;126;85;0,76;90;45;37;3;13;0,46;0,25;1/4;10;17;20;14;1;5;168;36;4;2;29
2329;VCT 2025: Pacific Stage 2;Group Stage;Week 3;Meiy;DetonatioN FocusMe;15;154;320;19;0,87;190;127;7;2;7;0,5;0,5;1/2;19;19;10;1;3;1;165;36;4;2;29
2330;VCT 2025: Pacific Stage 2;Group Stage;Week 3;Meiy;DetonatioN FocusMe;23;117;289;126;0,78;165;104;3;26;9;0,25;0,33;1/3;24;24;19;7;6;2;165;36;4;2;29
2331;VCT 2025: Pacific Stage 2;Group Stage;Week 3;Meiy;DetonatioN FocusMe;38;132;304;148;0,82;175;113;21;24;8;0,33;0,4;2/5;24;43;29;8;9;3;165;36;4;2;29
2332;VCT 2025: Pacific Stage 2;Group Stage;Week 3;gyen;DetonatioN FocusMe;38;139;242;17;0,76;151;89;16;5;8;0,35;0,25;1/4;18;34;20;6;2;3;167;36;4;2;29
2333;VCT 2025: Pacific Stage 2;Group Stage;Week 3;Jinggg;Paper Rex;42;118;259;116;0,74;169;86;17;1;1;0,19;0,5;1/2;21;36;31;7;4;4;27;7;4;2;29
2334;VCT 2025: Pacific Stage 2;Group Stage;Week 3;d4v41;Paper Rex;22;123;253;119;0,55;167;86;27;9;5;0,3;0,13;1/8;19;19;16;6;2;1;22;7;4;2;29
2335;VCT 2025: Pacific Stage 2;Group Stage;Week 3;d4v41;Paper Rex;42;78;189;76;0,67;130;62;31;1;7;0,21;0,08;1/13;19;26;34;13;4;3;22;7;4;2;29
2336;VCT 2025: Pacific Stage 2;Group Stage;Week 3;something;Paper Rex;20;124;210;114;0,7;163;8;2;0;0;0,24;0,17;1/6;16;16;14;4;0;0;23;7;4;2;29
2337;VCT 2025: Pacific Stage 2;Group Stage;Week 3;something;Paper Rex;22;69;152;67;0,5;101;55;9;5;9;0,52;0,33;2/6;12;12;18;2;1;2;23;7;4;2;29
2338;VCT 2025: Pacific Stage 2;Group Stage;Week 3;something;Paper Rex;42;95;181;88;0,6;130;67;14;2;5;0,33;0,25;3/12;16;28;32;6;1;2;23;7;4;2;29
2339;VCT 2025: Pacific Stage 2;Group Stage;Week 3;Shiro;BOOM Esports;38;10;179;86;0,61;137;63;39;8;24;0,31;0,5;2/4;18;24;28;15;3;9;194;40;4;2;29
2340;VCT 2025: Pacific Stage 2;Group Stage;Week 4;Dep;ZETA DIVISION;22;108;181;121;0,82;111;77;14;18;5;0,36;0,25;1/4;17;17;14;3;4;1;184;39;4;2;30
2341;VCT 2025: Pacific Stage 2;Group Stage;Week 4;Dep;ZETA DIVISION;71;10;196;111;0,69;121;72;1;15;1;0,3;0,17;1/6;17;51;46;7;11;7;184;39;4;2;30
2342;VCT 2025: Pacific Stage 2;Group Stage;Week 4;Xdll;ZETA DIVISION;50;124;241;126;0,74;159;88;22;6;6;0,44;0,67;2/3;26;44;35;11;3;3;182;39;4;2;30
2343;VCT 2025: Pacific Stage 2;Group Stage;Week 4;Xdll;ZETA DIVISION;71;122;226;125;0,76;152;85;21;6;11;0,39;0,4;2/5;26;60;48;15;4;8;182;39;4;2;30
2344;VCT 2025: Pacific Stage 2;Group Stage;Week 4;TenTen;ZETA DIVISION;21;173;306;20;0,76;206;105;19;29;5;0,16;0,5;1/2;22;22;11;4;6;1;183;39;4;2;30
2345;VCT 2025: Pacific Stage 2;Group Stage;Week 4;TenTen;ZETA DIVISION;71;117;263;118;0,69;172;83;18;15;18;0,17;0,17;1/6;22;59;50;13;11;13;183;39;4;2;30
2346;VCT 2025: Pacific Stage 2;Group Stage;Week 4;CLZ;ZETA DIVISION;50;79;134;77;0,74;97;46;24;2;6;0,41;0,13;1/8;15;23;30;12;1;3;181;39;4;2;30
2347;VCT 2025: Pacific Stage 2;Group Stage;Week 4;CLZ;ZETA DIVISION;71;72;128;67;0,76;90;44;34;1;7;0,33;0,1;1/10;15;31;46;24;1;5;181;39;4;2;30
2348;VCT 2025: Pacific Stage 2;Group Stage;Week 4;SugarZ3ro;ZETA DIVISION;71;112;190;112;0,8;122;68;39;8;7;0,29;0,13;1/8;17;48;43;28;6;5;180;39;4;2;30
2349;VCT 2025: Pacific Stage 2;Group Stage;Week 4;dos9;BOOM Esports;49;114;207;123;0,65;131;78;43;6;8;0,25;0,14;1/7;25;38;31;21;3;4;185;40;4;2;30
2350;VCT 2025: Pacific Stage 2;Group Stage;Week 4;dos9;BOOM Esports;71;11;214;119;0,68;134;79;39;1;1;0,3;0,1;1/10;25;56;47;28;7;7;185;40;4;2;30
2351;VCT 2025: Pacific Stage 2;Group Stage;Week 4;Shiro;BOOM Esports;28;114;225;117;0,71;145;75;21;14;14;0,25;0,33;1/3;21;21;18;6;4;4;194;40;4;2;30
2352;VCT 2025: Pacific Stage 2;Group Stage;Week 4;Shiro;BOOM Esports;71;9;176;82;0,7;120;58;3;14;8;0,2;0,25;1/4;21;41;50;21;10;6;194;40;4;2;30
2353;VCT 2025: Pacific Stage 2;Group Stage;Week 4;primmie;TALON;30;99;181;95;0,67;123;67;1;0;1;0,39;0,33;1/3;20;20;21;3;0;3;157;34;4;2;30
2354;VCT 2025: Pacific Stage 2;Group Stage;Week 4;primmie;TALON;54;96;192;95;0,69;123;69;15;0;13;0,37;0,25;1/4;20;37;39;8;0;7;157;34;4;2;30
2355;VCT 2025: Pacific Stage 2;Group Stage;Week 4;Crws;TALON;30;115;242;133;0,7;175;93;7;3;13;0,34;0,4;2/5;28;28;21;2;1;4;159;34;4;2;30
2356;VCT 2025: Pacific Stage 2;Group Stage;Week 4;Crws;TALON;54;83;163;87;0,67;125;61;17;4;15;0,31;0,33;2/6;28;33;38;9;2;8;159;34;4;2;30
2357;VCT 2025: Pacific Stage 2;Group Stage;Week 4;thyy;TALON;30;8;202;8;0,53;137;67;1;7;13;0,4;0,25;1/4;20;20;25;3;2;4;158;34;4;2;30
2358;VCT 2025: Pacific Stage 2;Group Stage;Week 4;thyy;TALON;54;99;232;10;0,61;148;78;13;11;13;0,28;0,17;1/6;22;42;42;7;6;7;158;34;4;2;30
2359;VCT 2025: Pacific Stage 2;Group Stage;Week 4;xffero;Rex Regum Qeon;16;97;170;111;0,88;127;63;31;0;6;0,29;1;1/1;10;10;9;5;0;1;50;12;4;2;30
2360;VCT 2025: Pacific Stage 2;Group Stage;Week 4;xffero;Rex Regum Qeon;61;129;249;139;0,77;159;87;38;5;7;0,28;0,13;1/8;22;53;38;23;3;4;50;12;4;2;30
2361;VCT 2025: Pacific Stage 2;Group Stage;Week 4;Kushy;Rex Regum Qeon;16;136;209;183;1;149;69;31;6;6;0,37;1;1/1;11;11;6;5;1;1;51;12;4;2;30
2362;VCT 2025: Pacific Stage 2;Group Stage;Week 4;Kushy;Rex Regum Qeon;17;128;224;127;0,76;187;82;53;0;6;0,4;0,5;1/2;14;14;11;9;0;1;51;12;4;2;30
2363;VCT 2025: Pacific Stage 2;Group Stage;Week 4;Kushy;Rex Regum Qeon;28;69;115;5;0,54;83;36;25;0;11;0,38;0,25;1/4;10;10;20;7;0;3;51;12;4;2;30
2364;VCT 2025: Pacific Stage 2;Group Stage;Week 4;Kushy;Rex Regum Qeon;61;103;183;95;0,72;129;57;34;2;8;0,38;0,43;3/7;14;35;37;21;1;5;51;12;4;2;30
2365;VCT 2025: Pacific Stage 2;Group Stage;Week 4;Jemkin;Rex Regum Qeon;44;135;271;175;0,75;144;95;18;25;11;0,29;0,67;2/3;21;42;24;8;11;5;57;12;4;2;30
2366;VCT 2025: Pacific Stage 2;Group Stage;Week 4;Jemkin;Rex Regum Qeon;61;141;270;191;0,77;156;10;13;25;13;0,31;0,67;2/3;21;61;32;8;15;8;57;12;4;2;30
2367;VCT 2025: Pacific Stage 2;Group Stage;Week 4;Monyet;Rex Regum Qeon;17;88;160;9;0,71;104;53;24;0;6;0,08;0,5;1/2;9;9;10;4;0;1;56;12;4;2;30
2368;VCT 2025: Pacific Stage 2;Group Stage;Week 4;Monyet;Rex Regum Qeon;61;98;182;10;0,74;122;62;36;11;11;0,2;0,33;1/3;15;38;38;22;7;7;56;12;4;2;30
2369;VCT 2025: Pacific Stage 2;Group Stage;Week 4;invy;Team Secret;16;106;192;85;0,69;133;69;31;6;0;0,34;0,25;1/4;11;11;13;5;1;0;193;38;4;2;30
2370;VCT 2025: Pacific Stage 2;Group Stage;Week 4;invy;Team Secret;61;123;224;114;0,72;153;8;25;13;7;0,29;0,11;1/9;28;49;43;15;8;4;193;38;4;2;30
2371;VCT 2025: Pacific Stage 2;Group Stage;Week 4;Wild0reoo;Team Secret;17;36;95;33;0,41;71;29;18;12;12;0,25;1;1/1;5;5;15;3;2;2;178;38;4;2;30
2372;VCT 2025: Pacific Stage 2;Group Stage;Week 4;Wild0reoo;Team Secret;61;49;107;36;0,61;76;3;44;7;15;0,27;0,33;1/3;9;18;50;27;4;9;178;38;4;2;30
2373;VCT 2025: Pacific Stage 2;Group Stage;Week 4;Rb;Nongshim RedForce;26;134;237;144;0,73;151;88;23;12;19;0,21;0,4;2/5;23;23;16;6;3;5;155;33;4;2;30
2374;VCT 2025: Pacific Stage 2;Group Stage;Week 4;Rb;Nongshim RedForce;48;12;202;128;0,75;132;77;21;1;19;0,27;0,29;2/7;23;37;29;10;5;9;155;33;4;2;30
2375;VCT 2025: Pacific Stage 2;Group Stage;Week 4;Dambi;Nongshim RedForce;22;149;300;157;0,77;186;10;27;27;9;0,22;1;1/1;22;22;14;6;6;2;169;33;4;2;30
2376;VCT 2025: Pacific Stage 2;Group Stage;Week 4;Dambi;Nongshim RedForce;48;134;277;136;0,73;162;94;31;29;1;0,23;1;1/1;23;45;33;15;14;5;169;33;4;2;30
2377;VCT 2025: Pacific Stage 2;Group Stage;Week 4;Persia;Nongshim RedForce;48;129;237;143;0,71;144;9;27;6;2;0,33;0,29;2/7;22;43;30;13;3;1;154;33;4;2;30
2378;VCT 2025: Pacific Stage 2;Group Stage;Week 4;f0rsakeN;Paper Rex;30;85;142;78;0,63;95;47;2;13;3;0,31;1;1/1;14;14;18;6;4;1;21;7;4;2;30
2379;VCT 2025: Pacific Stage 2;Group Stage;Week 4;f0rsakeN;Paper Rex;54;88;153;8;0,69;97;52;37;9;4;0,27;0,5;1/2;14;28;35;20;5;2;21;7;4;2;30
2380;VCT 2025: Pacific Stage 2;Group Stage;Week 4;PatMen;Paper Rex;24;76;149;8;0,67;108;5;13;4;8;0,3;0,33;1/3;12;12;15;3;1;2;20;7;4;2;30
2381;VCT 2025: Pacific Stage 2;Group Stage;Week 4;PatMen;Paper Rex;30;121;244;132;0,7;168;83;3;2;17;0,32;0,25;1/4;25;25;19;9;6;5;20;7;4;2;30
2382;VCT 2025: Pacific Stage 2;Group Stage;Week 4;PatMen;Paper Rex;54;101;196;109;0,69;141;69;22;13;13;0,32;0,29;2/7;25;37;34;12;7;7;20;7;4;2;30
2383;VCT 2025: Pacific Stage 2;Group Stage;Week 4;d4v41;Paper Rex;24;146;262;183;0,75;160;92;17;13;4;0,2;0,33;1/3;22;22;12;4;3;1;22;7;4;2;30
2384;VCT 2025: Pacific Stage 2;Group Stage;Week 4;d4v41;Paper Rex;54;131;252;155;0,74;168;89;15;6;4;0,2;0,14;1/7;26;48;31;8;3;2;22;7;4;2;30
2385;VCT 2025: Pacific Stage 2;Group Stage;Week 4;UdoTan;Global Esports;23;126;291;129;0,65;174;96;13;13;9;0,23;0,2;1/5;22;22;17;3;3;2;174;37;4;2;30
2386;VCT 2025: Pacific Stage 2;Group Stage;Week 4;UdoTan;Global Esports;23;136;317;15;0,57;206;104;9;13;17;0,24;0,67;2/3;24;24;16;2;3;4;174;37;4;2;30
2387;VCT 2025: Pacific Stage 2;Group Stage;Week 4;UdoTan;Global Esports;46;131;304;139;0,61;190;10;11;13;13;0,23;0,38;3/8;24;46;33;5;6;6;174;37;4;2;30
2388;VCT 2025: Pacific Stage 2;Group Stage;Week 4;Jinboong;DetonatioN FocusMe;19;71;118;69;0,53;74;47;5;11;11;0,33;0,25;1/4;9;9;13;1;2;2;164;36;4;2;30
2389;VCT 2025: Pacific Stage 2;Group Stage;Week 4;Jinboong;DetonatioN FocusMe;41;118;199;123;0,66;133;78;15;12;5;0,43;0,17;1/6;23;32;26;6;5;2;164;36;4;2;30
2390;VCT 2025: Pacific Stage 2;Group Stage;Week 4;Meteor;T1;41;101;204;104;0,68;127;71;27;1;17;0,22;0,2;1/5;15;29;28;11;4;7;68;16;4;2;30
2391;VCT 2025: Pacific Stage 2;Group Stage;Week 4;iZu;T1;41;115;232;132;0,61;155;8;2;12;15;0,29;0,33;1/3;19;33;25;8;5;6;71;16;4;2;30
2392;VCT 2025: Pacific Stage 2;Group Stage;Week 4;DH;T1;41;127;174;118;0,78;120;63;56;2;5;0,37;0,67;2/3;14;26;22;23;1;2;70;16;4;2;30
2393;VCT 2025: Pacific Stage 2;Group Stage;Week 4;stax;T1;41;89;176;9;0,66;115;63;27;5;1;0,33;0,2;1/5;15;26;29;11;2;4;72;16;4;2;30
2394;VCT 2025: Pacific Stage 2;Group Stage;Week 4;BuZz;T1;41;97;187;103;0,63;118;73;15;15;1;0,31;0,2;1/5;17;30;29;6;6;4;69;16;4;2;30
2395;VCT 2025: Pacific Stage 2;Group Stage;Week 4;free1ng;DRX;23;67;156;78;0,7;96;61;13;9;13;0,56;0,5;1/2;14;14;18;3;2;3;14;5;4;2;30
2396;VCT 2025: Pacific Stage 2;Group Stage;Week 4;free1ng;DRX;23;13;222;167;0,78;146;87;9;4;13;0,37;0,33;1/3;20;20;12;2;1;3;14;5;4;2;30
2397;VCT 2025: Pacific Stage 2;Group Stage;Week 4;free1ng;DRX;46;98;189;113;0,74;121;74;11;7;13;0,42;0,4;2/5;20;34;30;5;3;6;14;5;4;2;30
2398;VCT 2025: Pacific Stage 2;Group Stage;Week 4;Ash;Gen.G;22;92;178;108;0,68;119;64;14;9;0;0,25;1;1/1;14;14;13;3;2;0;161;35;4;2;30
2399;VCT 2025: Pacific Stage 2;Group Stage;Week 4;Ash;Gen.G;26;96;157;83;0,62;113;58;23;4;4;0,45;0,25;1/4;15;15;18;6;1;1;161;35;4;2;30
2400;VCT 2025: Pacific Stage 2;Group Stage;Week 4;Ash;Gen.G;48;94;168;94;0,65;116;6;19;6;2;0,33;0,4;2/5;15;29;31;9;3;1;161;35;4;2;30
2401;VCT 2025: Pacific Stage 2;Group Stage;Week 4;t3xture;Gen.G;26;106;230;105;0,65;144;85;12;15;12;0,23;0,25;1/4;22;22;21;3;4;3;162;35;4;2;30
2402;VCT 2025: Pacific Stage 2;Group Stage;Week 4;t3xture;Gen.G;48;75;160;78;0,6;109;6;6;1;15;0,24;0,25;1/4;22;29;37;3;5;7;162;35;4;2;30
2403;VCT 2025: Pacific Stage 2;Group Stage;Week 4;Karon;Gen.G;48;123;258;122;0,69;165;92;48;1;1;0,31;0,2;1/5;23;44;36;23;5;5;163;35;4;2;30
2404;VCT 2025: Pacific Stage 2;All Stages;All Match Types;Meteor;T1;206;93;206;95;0,71;136;7;28;8;13;0,25;0,1;2/20;22;145;152;58;16;27;68;16;4;3;25
2405;VCT 2025: Pacific Stage 2;All Stages;All Match Types;Meteor;T1;109;108;209;105;0,68;133;72;28;1;4;0,31;0,06;1/16;19;78;74;30;11;4;68;16;4;3;25
2406;VCT 2025: Pacific Stage 2;All Stages;All Match Types;Meteor;T1;442;104;222;106;0,71;142;76;29;1;9;0,29;0,06;3/51;24;338;318;126;44;40;68;16;4;3;25
2407;VCT 2025: Pacific Stage 2;All Stages;All Match Types;DH;T1;401;112;202;11;0,76;131;74;46;8;9;0,38;0,3;12/40;23;295;268;184;34;37;70;16;4;3;25
2408;VCT 2025: Pacific Stage 2;All Stages;All Match Types;DH;T1;442;11;197;107;0,75;128;72;46;8;9;0,38;0,26;12/46;23;317;296;202;36;40;70;16;4;3;25
2409;VCT 2025: Pacific Stage 2;All Stages;All Match Types;BuZz;T1;131;104;208;118;0,65;131;75;11;16;12;0,17;0,06;1/18;21;98;83;15;21;16;69;16;4;3;25
2410;VCT 2025: Pacific Stage 2;All Stages;All Match Types;BuZz;T1;270;96;201;10;0,67;129;73;19;12;15;0,25;0,1;3/30;33;197;197;51;33;40;69;16;4;3;25
2411;VCT 2025: Pacific Stage 2;All Stages;All Match Types;BuZz;T1;442;97;202;102;0,67;129;72;16;14;14;0,22;0,07;4/54;33;320;313;72;60;61;69;16;4;3;25
2412;VCT 2025: Pacific Stage 2;All Stages;All Match Types;stax;T1;131;88;150;85;0,69;110;56;27;2;3;0,33;0,11;2/19;18;73;86;35;2;4;72;16;4;3;25
2413;VCT 2025: Pacific Stage 2;All Stages;All Match Types;stax;T1;270;87;161;84;0,67;107;56;21;3;6;0,27;0,19;8/42;21;150;179;57;7;17;72;16;4;3;25
2414;VCT 2025: Pacific Stage 2;All Stages;All Match Types;stax;T1;442;88;159;84;0,68;108;56;24;3;6;0,29;0,16;10/64;21;246;292;108;15;27;72;16;4;3;25
2415;VCT 2025: Pacific Stage 2;All Stages;All Match Types;iZu;T1;270;93;222;10;0,66;141;76;21;14;16;0,25;0,15;4/26;29;204;205;58;38;42;71;16;4;3;25
2416;VCT 2025: Pacific Stage 2;All Stages;All Match Types;iZu;T1;442;92;212;98;0,65;137;72;24;13;14;0,25;0,13;4/32;29;319;326;104;56;63;71;16;4;3;25
2417;VCT 2025: Pacific Stage 2;All Stages;All Match Types;Persia;Nongshim RedForce;38;111;159;111;0,82;102;55;61;13;8;0,24;0,33;2/6;11;21;19;23;5;3;154;33;4;3;25
2418;VCT 2025: Pacific Stage 2;All Stages;All Match Types;Persia;Nongshim RedForce;328;101;181;101;0,74;114;66;39;7;7;0,31;0,14;6/42;27;217;215;129;22;23;154;33;4;3;25
2419;VCT 2025: Pacific Stage 2;All Stages;All Match Types;Persia;Nongshim RedForce;34;125;232;122;0,68;156;82;15;9;15;0,23;0,08;1/12;15;28;23;5;3;5;154;33;4;3;25
2420;VCT 2025: Pacific Stage 2;All Stages;All Match Types;Persia;Nongshim RedForce;400;104;184;104;0,74;116;67;39;8;8;0,29;0,15;9/60;27;266;257;157;30;31;154;33;4;3;25
2421;VCT 2025: Pacific Stage 2;All Stages;All Match Types;Francis;Nongshim RedForce;21;186;347;208;0,9;224;129;52;5;0;0,22;0,5;1/2;27;27;13;11;1;0;175;33;4;3;25
2422;VCT 2025: Pacific Stage 2;All Stages;All Match Types;Francis;Nongshim RedForce;146;121;240;131;0,73;150;84;33;13;1;0,3;0,2;4/20;23;123;94;48;19;15;175;33;4;3;25
2423;VCT 2025: Pacific Stage 2;All Stages;All Match Types;Francis;Nongshim RedForce;400;101;199;99;0,72;129;69;36;8;1;0,26;0,13;5/38;27;275;278;144;30;38;175;33;4;3;25
2424;VCT 2025: Pacific Stage 2;All Stages;All Match Types;Rb;Nongshim RedForce;43;92;174;97;0,72;106;65;21;12;12;0,37;0,25;1/4;14;28;29;9;5;5;155;33;4;3;25
2425;VCT 2025: Pacific Stage 2;All Stages;All Match Types;Rb;Nongshim RedForce;24;94;133;86;0,67;73;5;38;8;8;0,3;0,2;1/5;12;12;14;9;2;2;155;33;4;3;25
2426;VCT 2025: Pacific Stage 2;All Stages;All Match Types;Rb;Nongshim RedForce;139;9;189;86;0,69;134;64;25;9;8;0,27;0,08;1/13;19;89;103;35;13;11;155;33;4;3;25
2427;VCT 2025: Pacific Stage 2;All Stages;All Match Types;Rb;Nongshim RedForce;177;105;196;108;0,66;132;72;19;11;11;0,29;0,15;5/33;27;128;118;33;19;19;155;33;4;3;25
2428;VCT 2025: Pacific Stage 2;All Stages;All Match Types;Rb;Nongshim RedForce;400;98;187;97;0,68;126;67;25;1;1;0,28;0,14;8/56;27;266;274;101;39;38;155;33;4;3;25
2429;VCT 2025: Pacific Stage 2;All Stages;All Match Types;Ivy;Nongshim RedForce;211;104;189;111;0,73;117;69;27;7;5;0,28;0,1;2/20;23;146;132;56;14;10;192;33;4;3;25
2430;VCT 2025: Pacific Stage 2;All Stages;All Match Types;Ivy;Nongshim RedForce;400;95;179;96;0,7;115;64;21;7;7;0,28;0,04;2/46;23;256;267;85;26;28;192;33;4;3;25
2431;VCT 2025: Pacific Stage 2;All Stages;All Match Types;Dambi;Nongshim RedForce;34;81;180;8;0,59;124;59;12;12;26;0,2;0,33;1/3;12;20;25;4;4;9;169;33;4;3;25
2432;VCT 2025: Pacific Stage 2;All Stages;All Match Types;Dambi;Nongshim RedForce;288;102;223;105;0,72;135;77;24;18;16;0,22;0,1;1/10;23;221;210;70;53;47;169;33;4;3;25
2433;VCT 2025: Pacific Stage 2;All Stages;All Match Types;Dambi;Nongshim RedForce;38;143;301;16;0,79;188;105;16;21;16;0,28;0,5;1/2;21;40;25;6;8;6;169;33;4;3;25
2434;VCT 2025: Pacific Stage 2;All Stages;All Match Types;Dambi;Nongshim RedForce;40;122;244;114;0,75;157;83;23;23;8;0,31;1;1/1;22;33;29;9;9;3;169;33;4;3;25
2435;VCT 2025: Pacific Stage 2;All Stages;All Match Types;Dambi;Nongshim RedForce;400;106;229;109;0,72;141;79;22;19;16;0,24;0,25;4/16;23;314;289;89;74;65;169;33;4;3;25
2436;VCT 2025: Pacific Stage 2;All Stages;All Match Types;Dep;ZETA DIVISION;22;108;181;121;0,82;111;77;14;18;5;0,36;0,25;1/4;17;17;14;3;4;1;184;39;4;3;25
2437;VCT 2025: Pacific Stage 2;All Stages;All Match Types;Dep;ZETA DIVISION;138;111;213;11;0,71;141;75;24;16;1;0,32;0,13;2/16;22;103;94;33;22;14;184;39;4;3;25
2438;VCT 2025: Pacific Stage 2;All Stages;All Match Types;Dep;ZETA DIVISION;19;115;272;112;0,74;166;10;16;5;21;0,42;0,2;1/5;19;19;17;3;1;4;184;39;4;3;25
2439;VCT 2025: Pacific Stage 2;All Stages;All Match Types;Dep;ZETA DIVISION;238;108;219;107;0,71;142;77;19;13;1;0,33;0,13;4/30;22;183;171;45;30;24;184;39;4;3;25
2440;VCT 2025: Pacific Stage 2;All Stages;All Match Types;SugarZ3ro;ZETA DIVISION;181;106;196;104;0,73;125;71;39;8;5;0,29;0,21;4/19;23;129;124;70;15;9;180;39;4;3;25
2441;VCT 2025: Pacific Stage 2;All Stages;All Match Types;SugarZ3ro;ZETA DIVISION;38;105;232;91;0,74;156;79;29;3;8;0,37;0,11;1/9;17;30;33;11;1;3;180;39;4;3;25
2442;VCT 2025: Pacific Stage 2;All Stages;All Match Types;SugarZ3ro;ZETA DIVISION;238;105;204;99;0,7;132;73;35;7;6;0,31;0,17;5/30;23;173;174;83;16;15;180;39;4;3;25
2443;VCT 2025: Pacific Stage 2;All Stages;All Match Types;CLZ;ZETA DIVISION;39;111;229;11;0,82;147;82;31;8;3;0,32;0,4;2/5;17;32;29;12;3;1;181;39;4;3;25
2444;VCT 2025: Pacific Stage 2;All Stages;All Match Types;CLZ;ZETA DIVISION;40;7;142;56;0,58;92;48;15;5;3;0,31;0,17;1/6;10;19;34;6;2;1;181;39;4;3;25
2445;VCT 2025: Pacific Stage 2;All Stages;All Match Types;CLZ;ZETA DIVISION;20;55;121;56;0,35;77;45;0;15;15;0,3;0,4;2/5;9;9;16;0;3;3;181;39;4;3;25
2446;VCT 2025: Pacific Stage 2;All Stages;All Match Types;CLZ;ZETA DIVISION;86;108;188;121;0,77;127;67;23;7;7;0,42;0,27;4/15;22;58;48;20;6;6;181;39;4;3;25
2447;VCT 2025: Pacific Stage 2;All Stages;All Match Types;CLZ;ZETA DIVISION;238;85;161;81;0,68;108;58;23;6;6;0,35;0,24;9/37;22;138;171;54;15;14;181;39;4;3;25
2448;VCT 2025: Pacific Stage 2;All Stages;All Match Types;Xdll;ZETA DIVISION;86;13;226;136;0,78;144;84;3;8;5;0,36;0,5;2/4;26;72;53;26;7;4;182;39;4;3;25
2449;VCT 2025: Pacific Stage 2;All Stages;All Match Types;Xdll;ZETA DIVISION;19;66;168;65;0,37;108;58;21;11;11;0,48;0,2;1/5;11;11;17;4;2;2;182;39;4;3;25
2450;VCT 2025: Pacific Stage 2;All Stages;All Match Types;Xdll;ZETA DIVISION;113;84;168;8;0,64;115;62;15;4;11;0,32;0,06;1/18;16;70;87;17;5;12;182;39;4;3;25
2451;VCT 2025: Pacific Stage 2;All Stages;All Match Types;Xdll;ZETA DIVISION;238;99;186;95;0,66;122;69;23;8;9;0,34;0,14;4/28;26;164;173;54;18;21;182;39;4;3;25
2452;VCT 2025: Pacific Stage 2;All Stages;All Match Types;TenTen;ZETA DIVISION;39;107;212;104;0,59;146;72;18;23;21;0,18;0,25;1/4;22;28;27;7;9;8;183;39;4;3;25
2453;VCT 2025: Pacific Stage 2;All Stages;All Match Types;TenTen;ZETA DIVISION;83;92;209;93;0,69;142;67;23;14;23;0,18;0,17;1/6;18;56;60;19;12;19;183;39;4;3;25
2454;VCT 2025: Pacific Stage 2;All Stages;All Match Types;TenTen;ZETA DIVISION;238;84;195;85;0,64;131;66;21;13;23;0,17;0,1;2/20;22;157;185;51;30;55;183;39;4;3;25
2455;VCT 2025: Pacific Stage 2;All Stages;All Match Types;dos9;BOOM Esports;42;103;190;104;0,83;114;67;38;7;2;0,26;0,25;1/4;14;28;27;16;3;1;185;40;4;3;25
2456;VCT 2025: Pacific Stage 2;All Stages;All Match Types;dos9;BOOM Esports;155;107;196;106;0,73;121;71;39;5;9;0,28;0,17;4/24;25;110;104;60;7;14;185;40;4;3;25
2457;VCT 2025: Pacific Stage 2;All Stages;All Match Types;dos9;BOOM Esports;235;106;205;106;0,75;126;72;39;8;9;0,29;0,14;5/37;25;169;160;92;18;20;185;40;4;3;25
2458;VCT 2025: Pacific Stage 2;All Stages;All Match Types;BerserX;BOOM Esports;22;76;154;65;0,64;106;5;27;5;23;0,17;0,25;1/4;11;11;17;6;1;5;186;40;4;3;25
2459;VCT 2025: Pacific Stage 2;All Stages;All Match Types;BerserX;BOOM Esports;111;97;203;101;0,69;128;72;1;14;11;0,22;0,06;1/17;24;80;79;11;15;12;186;40;4;3;25
2460;VCT 2025: Pacific Stage 2;All Stages;All Match Types;BerserX;BOOM Esports;64;8;155;86;0,59;97;56;14;11;8;0,24;0,08;1/12;17;36;42;9;7;5;186;40;4;3;25
2461;VCT 2025: Pacific Stage 2;All Stages;All Match Types;BerserX;BOOM Esports;235;92;186;94;0,68;118;66;14;12;1;0,23;0,07;3/44;24;155;165;34;28;23;186;40;4;3;25
2462;VCT 2025: Pacific Stage 2;All Stages;All Match Types;NcSlasher;BOOM Esports;153;76;155;74;0,65;105;56;26;9;7;0,29;0,06;1/16;19;85;115;40;14;10;190;40;4;3;25
2463;VCT 2025: Pacific Stage 2;All Stages;All Match Types;NcSlasher;BOOM Esports;235;78;160;75;0,65;106;56;3;6;9;0,24;0,04;1/24;19;132;175;71;15;20;190;40;4;3;25
2464;VCT 2025: Pacific Stage 2;All Stages;All Match Types;Famouz;BOOM Esports;116;89;202;89;0,66;132;67;16;12;14;0,15;0,1;1/10;18;78;88;19;14;16;191;40;4;3;25
2465;VCT 2025: Pacific Stage 2;All Stages;All Match Types;Famouz;BOOM Esports;235;82;197;84;0,64;127;66;15;12;12;0,18;0,05;1/22;18;156;185;35;29;29;191;40;4;3;25
2466;VCT 2025: Pacific Stage 2;All Stages;All Match Types;Shiro;BOOM Esports;112;99;190;93;0,7;134;66;3;12;15;0,26;0,23;3/13;21;74;80;34;13;17;194;40;4;3;25
2467;VCT 2025: Pacific Stage 2;All Stages;All Match Types;Shiro;BOOM Esports;235;91;188;86;0,71;127;64;31;11;11;0,25;0,14;3/22;21;151;176;72;27;26;194;40;4;3;25
2468;VCT 2025: Pacific Stage 2;All Stages;All Match Types;JitBoyS;TALON;108;98;164;84;0,74;106;55;42;5;6;0,41;0,08;2/25;14;59;70;45;5;7;156;34;4;3;25
2469;VCT 2025: Pacific Stage 2;All Stages;All Match Types;JitBoyS;TALON;164;103;198;113;0,73;130;73;21;8;12;0,37;0,2;2/10;23;119;105;34;13;20;156;34;4;3;25
2470;VCT 2025: Pacific Stage 2;All Stages;All Match Types;JitBoyS;TALON;104;83;178;84;0,64;117;59;13;8;12;0,31;0,07;1/15;19;61;73;13;8;12;156;34;4;3;25
2471;VCT 2025: Pacific Stage 2;All Stages;All Match Types;JitBoyS;TALON;57;97;158;103;0,82;102;58;26;7;7;0,21;0,2;1/5;15;33;32;15;4;4;156;34;4;3;25
2472;VCT 2025: Pacific Stage 2;All Stages;All Match Types;JitBoyS;TALON;498;97;185;10;0,72;119;65;25;7;1;0,35;0,1;6/63;23;325;326;125;37;52;156;34;4;3;25
2473;VCT 2025: Pacific Stage 2;All Stages;All Match Types;Crws;TALON;66;98;183;95;0,83;115;59;27;6;8;0,24;0,3;3/10;15;39;41;18;4;5;159;34;4;3;25
2474;VCT 2025: Pacific Stage 2;All Stages;All Match Types;Crws;TALON;108;83;152;74;0,71;95;48;36;1;12;0,26;0,22;2/9;21;52;70;39;11;13;159;34;4;3;25
2475;VCT 2025: Pacific Stage 2;All Stages;All Match Types;Crws;TALON;130;97;184;10;0,64;135;67;15;5;9;0,28;0,29;5/17;28;87;87;20;7;12;159;34;4;3;25
2476;VCT 2025: Pacific Stage 2;All Stages;All Match Types;Crws;TALON;498;9;165;86;0,73;110;55;33;8;9;0,24;0,17;10/58;28;276;320;162;42;43;159;34;4;3;25
2477;VCT 2025: Pacific Stage 2;All Stages;All Match Types;primmie;TALON;228;115;222;126;0,73;142;84;17;7;9;0,39;0,19;5/27;30;191;152;39;15;20;157;34;4;3;25
2478;VCT 2025: Pacific Stage 2;All Stages;All Match Types;primmie;TALON;130;88;178;86;0,7;111;59;35;7;8;0,39;0,23;3/13;20;77;90;45;9;11;157;34;4;3;25
2479;VCT 2025: Pacific Stage 2;All Stages;All Match Types;primmie;TALON;140;124;242;14;0,76;152;9;19;22;15;0,38;0,25;2/8;22;126;90;26;31;21;157;34;4;3;25
2480;VCT 2025: Pacific Stage 2;All Stages;All Match Types;primmie;TALON;498;11;217;119;0,73;136;79;22;11;1;0,39;0,21;10/48;30;394;332;110;55;52;157;34;4;3;25
2481;VCT 2025: Pacific Stage 2;All Stages;All Match Types;Killua;TALON;74;112;201;122;0,85;140;76;45;5;7;0,41;0,17;1/6;20;56;46;33;4;5;160;34;4;3;25
2482;VCT 2025: Pacific Stage 2;All Stages;All Match Types;Killua;TALON;108;101;194;103;0,74;121;7;18;1;9;0,42;0,14;1/7;17;76;74;19;11;10;160;34;4;3;25
2483;VCT 2025: Pacific Stage 2;All Stages;All Match Types;Killua;TALON;316;99;202;102;0,72;136;74;16;8;8;0,41;0,19;7/36;27;234;229;51;26;25;160;34;4;3;25
2484;VCT 2025: Pacific Stage 2;All Stages;All Match Types;Killua;TALON;498;101;200;105;0,74;134;73;21;8;8;0,41;0,18;9/49;27;366;349;103;41;40;160;34;4;3;25
2485;VCT 2025: Pacific Stage 2;All Stages;All Match Types;thyy;TALON;104;91;220;96;0,65;135;79;8;17;14;0,31;0,09;1/11;20;82;85;8;18;15;158;34;4;3;25
2486;VCT 2025: Pacific Stage 2;All Stages;All Match Types;thyy;TALON;22;58;159;5;0,59;105;45;23;9;23;0,19;0,33;1/3;10;10;20;5;2;5;158;34;4;3;25
2487;VCT 2025: Pacific Stage 2;All Stages;All Match Types;thyy;TALON;66;102;187;10;0,79;128;67;42;9;3;0,38;0,2;2/10;17;44;44;28;6;2;158;34;4;3;25
2488;VCT 2025: Pacific Stage 2;All Stages;All Match Types;thyy;TALON;208;114;248;129;0,75;157;9;21;15;1;0,26;0,13;1/8;25;187;145;43;31;21;158;34;4;3;25
2489;VCT 2025: Pacific Stage 2;All Stages;All Match Types;thyy;TALON;98;92;204;97;0,65;128;69;17;2;15;0,35;0,29;2/7;20;68;70;17;20;15;158;34;4;3;25
2490;VCT 2025: Pacific Stage 2;All Stages;All Match Types;thyy;TALON;498;101;222;107;0,71;140;79;2;15;12;0,3;0,18;7/39;25;391;364;101;77;58;158;34;4;3;25
2491;VCT 2025: Pacific Stage 2;All Stages;All Match Types;Papi;Global Esports;62;98;156;103;0,79;110;55;34;6;8;0,22;0,2;2/10;17;34;33;21;4;5;170;37;4;3;25
2492;VCT 2025: Pacific Stage 2;All Stages;All Match Types;Papi;Global Esports;241;88;171;86;0,71;114;58;29;6;6;0,27;0,06;2/33;17;140;163;71;14;14;170;37;4;3;25
2493;VCT 2025: Pacific Stage 2;All Stages;All Match Types;UdoTan;Global Esports;39;129;266;17;0,69;167;10;1;15;13;0,21;0,2;1/5;22;39;23;4;6;5;174;37;4;3;25
2494;VCT 2025: Pacific Stage 2;All Stages;All Match Types;UdoTan;Global Esports;58;98;246;102;0,67;152;86;24;22;28;0,2;0,2;1/5;29;50;49;14;13;16;174;37;4;3;25
2495;VCT 2025: Pacific Stage 2;All Stages;All Match Types;UdoTan;Global Esports;144;99;221;101;0,65;149;76;11;13;12;0,24;0,23;3/13;24;109;108;16;19;17;174;37;4;3;25
2496;VCT 2025: Pacific Stage 2;All Stages;All Match Types;UdoTan;Global Esports;241;104;234;11;0,66;152;82;14;16;16;0,22;0,22;5/23;29;198;180;34;38;38;174;37;4;3;25
2497;VCT 2025: Pacific Stage 2;All Stages;All Match Types;ban;Global Esports;34;82;152;76;0,65;100;56;18;6;3;0,27;0,13;1/8;11;19;25;6;2;1;171;37;4;3;25
2498;VCT 2025: Pacific Stage 2;All Stages;All Match Types;ban;Global Esports;63;112;225;116;0,67;151;79;22;8;14;0,31;0,15;2/13;20;50;43;14;5;9;171;37;4;3;25
2499;VCT 2025: Pacific Stage 2;All Stages;All Match Types;ban;Global Esports;241;95;206;98;0,66;135;72;2;13;13;0,3;0,09;3/32;21;174;178;47;31;31;171;37;4;3;25
2500;VCT 2025: Pacific Stage 2;All Stages;All Match Types;Kr1stal;Global Esports;52;93;189;81;0,69;116;67;17;13;12;0,36;0,5;2/4;16;35;43;9;7;6;172;37;4;3;25
2501;VCT 2025: Pacific Stage 2;All Stages;All Match Types;Kr1stal;Global Esports;83;97;195;97;0,72;132;69;23;4;1;0,19;0,27;3/11;21;57;59;19;3;8;172;37;4;3;25
2502;VCT 2025: Pacific Stage 2;All Stages;All Match Types;Kr1stal;Global Esports;24;131;208;136;0,71;133;79;21;4;0;0,38;0,33;1/3;19;19;14;5;1;0;172;37;4;3;25
2503;VCT 2025: Pacific Stage 2;All Stages;All Match Types;Kr1stal;Global Esports;241;101;198;94;0,69;130;68;23;9;9;0,28;0,3;6/20;21;164;174;56;22;21;172;37;4;3;25
2504;VCT 2025: Pacific Stage 2;All Stages;All Match Types;yoman;Global Esports;21;78;161;81;0,81;91;62;24;5;1;0,29;0,33;1/3;13;13;16;5;1;2;173;37;4;3;25
2505;VCT 2025: Pacific Stage 2;All Stages;All Match Types;yoman;Global Esports;101;93;157;94;0,73;104;59;29;9;4;0,32;0,14;2/14;22;60;64;29;9;4;173;37;4;3;25
2506;VCT 2025: Pacific Stage 2;All Stages;All Match Types;yoman;Global Esports;18;45;109;4;0,44;80;33;6;0;6;0,23;0,25;1/4;6;6;15;1;0;1;173;37;4;3;25
2507;VCT 2025: Pacific Stage 2;All Stages;All Match Types;yoman;Global Esports;34;76;164;69;0,71;111;53;44;0;9;0,2;0,4;2/5;9;18;26;15;0;3;173;37;4;3;25
2508;VCT 2025: Pacific Stage 2;All Stages;All Match Types;yoman;Global Esports;43;101;191;97;0,81;129;67;33;12;7;0,25;0,1;1/10;18;29;30;14;5;3;173;37;4;3;25
2509;VCT 2025: Pacific Stage 2;All Stages;All Match Types;yoman;Global Esports;241;83;158;8;0,71;104;57;3;7;6;0,27;0,18;7/38;22;137;171;72;18;14;173;37;4;3;25
2510;VCT 2025: Pacific Stage 2;All Stages;All Match Types;xffero;Rex Regum Qeon;363;101;177;104;0,71;119;65;23;7;5;0,29;0,17;9/54;25;236;226;84;27;18;50;12;4;3;25
2511;VCT 2025: Pacific Stage 2;All Stages;All Match Types;xffero;Rex Regum Qeon;72;126;246;155;0,76;170;86;22;13;7;0,27;0,33;2/6;21;62;40;16;9;5;50;12;4;3;25
2512;VCT 2025: Pacific Stage 2;All Stages;All Match Types;xffero;Rex Regum Qeon;165;112;208;119;0,68;136;76;18;5;5;0,3;0,31;11/35;25;126;106;29;9;9;50;12;4;3;25
2513;VCT 2025: Pacific Stage 2;All Stages;All Match Types;xffero;Rex Regum Qeon;696;106;191;111;0,7;126;69;24;7;5;0,29;0,2;22/109;25;482;435;167;47;36;50;12;4;3;25
2514;VCT 2025: Pacific Stage 2;All Stages;All Match Types;Monyet;Rex Regum Qeon;21;73;173;76;0,67;119;62;24;0;14;0,28;0,33;1/3;13;13;17;5;0;3;56;12;4;3;25
2515;VCT 2025: Pacific Stage 2;All Stages;All Match Types;Monyet;Rex Regum Qeon;286;101;229;106;0,73;142;77;28;16;16;0,24;0,07;1/15;24;219;206;79;46;47;56;12;4;3;25
2516;VCT 2025: Pacific Stage 2;All Stages;All Match Types;Monyet;Rex Regum Qeon;233;115;215;111;0,76;142;76;47;11;9;0,35;0,29;7/24;23;176;159;109;25;20;56;12;4;3;25
2517;VCT 2025: Pacific Stage 2;All Stages;All Match Types;Monyet;Rex Regum Qeon;48;7;146;71;0,56;96;5;19;8;25;0,27;0,33;1/3;14;24;34;9;4;12;56;12;4;3;25
2518;VCT 2025: Pacific Stage 2;All Stages;All Match Types;Monyet;Rex Regum Qeon;72;133;262;156;0,79;172;89;49;14;8;0,25;0,2;1/5;21;64;41;35;10;6;56;12;4;3;25
2519;VCT 2025: Pacific Stage 2;All Stages;All Match Types;Monyet;Rex Regum Qeon;696;106;220;108;0,73;141;75;35;13;14;0,28;0,22;11/51;24;522;485;244;89;98;56;12;4;3;25
2520;VCT 2025: Pacific Stage 2;All Stages;All Match Types;crazyguy;Rex Regum Qeon;130;97;190;9;0,75;123;65;33;12;9;0,32;0,09;1/11;19;84;93;43;16;12;52;12;4;3;25
2521;VCT 2025: Pacific Stage 2;All Stages;All Match Types;crazyguy;Rex Regum Qeon;17;54;130;57;0,65;93;47;18;0;24;0,29;1;1/1;8;8;14;3;0;4;52;12;4;3;25
2522;VCT 2025: Pacific Stage 2;All Stages;All Match Types;crazyguy;Rex Regum Qeon;257;102;181;10;0,75;115;63;48;6;5;0,26;0,16;6/37;24;163;163;124;16;13;52;12;4;3;25
2523;VCT 2025: Pacific Stage 2;All Stages;All Match Types;crazyguy;Rex Regum Qeon;72;101;172;10;0,82;110;6;67;8;1;0,33;0,2;1/5;15;43;43;48;6;7;52;12;4;3;25
2524;VCT 2025: Pacific Stage 2;All Stages;All Match Types;crazyguy;Rex Regum Qeon;61;77;163;73;0,62;109;57;23;0;1;0,22;0,08;1/12;18;35;48;14;0;6;52;12;4;3;25
2525;VCT 2025: Pacific Stage 2;All Stages;All Match Types;crazyguy;Rex Regum Qeon;696;94;177;89;0,73;116;61;39;6;7;0,28;0,11;10/93;24;423;473;270;45;50;52;12;4;3;25
2526;VCT 2025: Pacific Stage 2;All Stages;All Match Types;Kushy;Rex Regum Qeon;67;64;134;62;0,61;88;46;1;4;12;0,3;0,14;1/7;12;31;50;7;3;8;51;12;4;3;25
2527;VCT 2025: Pacific Stage 2;All Stages;All Match Types;Kushy;Rex Regum Qeon;251;94;172;92;0,74;114;6;26;8;9;0,32;0,24;5/21;23;151;165;65;20;22;51;12;4;3;25
2528;VCT 2025: Pacific Stage 2;All Stages;All Match Types;Kushy;Rex Regum Qeon;286;98;180;95;0,73;120;6;28;6;5;0,34;0,15;4/26;23;173;183;79;17;15;51;12;4;3;25
2529;VCT 2025: Pacific Stage 2;All Stages;All Match Types;Kushy;Rex Regum Qeon;72;73;147;61;0,65;91;46;32;4;15;0,3;0,17;1/6;12;33;54;23;3;11;51;12;4;3;25
2530;VCT 2025: Pacific Stage 2;All Stages;All Match Types;Kushy;Rex Regum Qeon;696;89;169;85;0,71;112;57;25;6;8;0,32;0,16;11/67;23;396;467;177;44;58;51;12;4;3;25
2531;VCT 2025: Pacific Stage 2;All Stages;All Match Types;Jemkin;Rex Regum Qeon;72;142;256;192;0,79;169;101;7;19;13;0,39;0,33;1/3;21;73;38;5;14;9;57;12;4;3;25
2532;VCT 2025: Pacific Stage 2;All Stages;All Match Types;Jemkin;Rex Regum Qeon;242;115;241;13;0,74;144;87;19;17;15;0,35;0,14;3/21;31;210;161;46;42;36;57;12;4;3;25
2533;VCT 2025: Pacific Stage 2;All Stages;All Match Types;Jemkin;Rex Regum Qeon;696;112;228;124;0,72;142;83;17;18;15;0,35;0,07;4/54;31;579;468;115;124;105;57;12;4;3;25
2534;VCT 2025: Pacific Stage 2;All Stages;All Match Types;kellyS;Team Secret;21;115;186;10;0,67;117;67;52;0;19;0,39;0,5;1/2;14;14;14;11;0;4;176;38;4;3;25
2535;VCT 2025: Pacific Stage 2;All Stages;All Match Types;kellyS;Team Secret;256;9;187;83;0,68;126;64;22;8;13;0,19;0,04;1/28;25;163;197;56;21;33;176;38;4;3;25
2536;VCT 2025: Pacific Stage 2;All Stages;All Match Types;invy;Team Secret;16;106;192;85;0,69;133;69;31;6;0;0,34;0,25;1/4;11;11;13;5;1;0;193;38;4;3;25
2537;VCT 2025: Pacific Stage 2;All Stages;All Match Types;invy;Team Secret;82;108;228;10;0,57;150;82;16;7;9;0,26;0,15;2/13;21;67;67;13;6;7;193;38;4;3;25
2538;VCT 2025: Pacific Stage 2;All Stages;All Match Types;invy;Team Secret;256;102;204;94;0,68;136;72;22;8;6;0,3;0,08;3/38;28;184;195;56;21;15;193;38;4;3;25
2539;VCT 2025: Pacific Stage 2;All Stages;All Match Types;n1zzy;Team Secret;18;163;214;32;0,83;147;89;28;22;0;0,58;0,67;2/3;16;16;5;5;4;0;177;38;4;3;25
2540;VCT 2025: Pacific Stage 2;All Stages;All Match Types;n1zzy;Team Secret;21;91;163;81;0,71;100;62;1;14;5;0,24;0,33;1/3;13;13;16;2;3;1;177;38;4;3;25
2541;VCT 2025: Pacific Stage 2;All Stages;All Match Types;n1zzy;Team Secret;57;105;190;82;0,68;128;65;19;5;9;0,37;0,2;3/15;14;37;45;11;3;5;177;38;4;3;25
2542;VCT 2025: Pacific Stage 2;All Stages;All Match Types;n1zzy;Team Secret;55;95;199;86;0,73;144;65;22;4;0;0,41;0,07;1/14;21;36;42;12;2;0;177;38;4;3;25
2543;VCT 2025: Pacific Stage 2;All Stages;All Match Types;n1zzy;Team Secret;72;98;188;102;0,64;133;71;15;15;21;0,46;0,25;2/8;22;51;50;11;11;15;177;38;4;3;25
2544;VCT 2025: Pacific Stage 2;All Stages;All Match Types;n1zzy;Team Secret;256;98;190;91;0,67;130;68;18;11;11;0,39;0,2;9/45;22;173;190;45;29;29;177;38;4;3;25
2545;VCT 2025: Pacific Stage 2;All Stages;All Match Types;Wild0reoo;Team Secret;60;57;131;49;0,52;89;4;15;5;12;0,33;0,25;2/8;8;24;49;9;3;7;178;38;4;3;25
2546;VCT 2025: Pacific Stage 2;All Stages;All Match Types;Wild0reoo;Team Secret;87;88;171;75;0,7;109;56;4;6;13;0,3;0,38;3/8;19;49;65;35;5;11;178;38;4;3;25
2547;VCT 2025: Pacific Stage 2;All Stages;All Match Types;Wild0reoo;Team Secret;74;61;139;58;0,57;95;49;23;4;16;0,35;0,14;1/7;17;36;62;17;3;12;178;38;4;3;25
2548;VCT 2025: Pacific Stage 2;All Stages;All Match Types;Wild0reoo;Team Secret;256;76;163;7;0,63;108;55;27;6;15;0,34;0,26;6/23;23;140;199;70;15;39;178;38;4;3;25
2549;VCT 2025: Pacific Stage 2;All Stages;All Match Types;ZesBeeW;Team Secret;134;79;142;68;0,63;98;52;37;8;13;0,26;0,25;5/20;28;70;103;49;11;18;179;38;4;3;25
2550;VCT 2025: Pacific Stage 2;All Stages;All Match Types;ZesBeeW;Team Secret;195;76;151;72;0,64;101;55;31;8;17;0,24;0,2;5/25;28;107;148;61;16;34;179;38;4;3;25
2551;VCT 2025: Pacific Stage 2;All Stages;All Match Types;f0rsakeN;Paper Rex;105;116;213;119;0,78;142;77;45;7;1;0,32;0,5;3/6;21;81;68;47;7;11;21;7;4;3;25
2552;VCT 2025: Pacific Stage 2;All Stages;All Match Types;f0rsakeN;Paper Rex;171;107;218;111;0,75;140;78;38;14;15;0,32;0,33;3/9;21;134;121;65;24;25;21;7;4;3;25
2553;VCT 2025: Pacific Stage 2;All Stages;All Match Types;f0rsakeN;Paper Rex;30;85;142;78;0,63;95;47;2;13;3;0,31;1;1/1;14;14;18;6;4;1;21;7;4;3;25
2554;VCT 2025: Pacific Stage 2;All Stages;All Match Types;f0rsakeN;Paper Rex;402;107;214;112;0,75;140;76;36;11;12;0,31;0,37;7/19;27;307;275;144;46;49;21;7;4;3;25
2555;VCT 2025: Pacific Stage 2;All Stages;All Match Types;PatMen;Paper Rex;311;92;166;92;0,73;112;61;33;4;4;0,29;0,1;3/30;22;190;206;103;11;13;20;7;4;3;25
2556;VCT 2025: Pacific Stage 2;All Stages;All Match Types;PatMen;Paper Rex;71;101;200;106;0,69;140;72;17;13;14;0,34;0,13;1/8;25;51;48;12;9;10;20;7;4;3;25
2557;VCT 2025: Pacific Stage 2;All Stages;All Match Types;PatMen;Paper Rex;402;93;172;95;0,72;116;63;29;5;6;0,31;0,1;4/40;25;253;267;118;21;25;20;7;4;3;25
2558;VCT 2025: Pacific Stage 2;All Stages;All Match Types;something;Paper Rex;41;113;204;111;0,68;149;73;22;5;2;0,28;0,14;1/7;16;30;27;9;2;1;23;7;4;3;25
2559;VCT 2025: Pacific Stage 2;All Stages;All Match Types;something;Paper Rex;331;122;230;138;0,77;148;84;22;18;11;0,25;0,18;9/49;32;278;201;74;60;36;23;7;4;3;25
2560;VCT 2025: Pacific Stage 2;All Stages;All Match Types;something;Paper Rex;402;123;230;138;0,77;149;85;21;18;9;0,26;0,17;10/59;32;340;247;86;71;38;23;7;4;3;25
2561;VCT 2025: Pacific Stage 2;All Stages;All Match Types;d4v41;Paper Rex;105;108;189;114;0,75;127;69;28;1;7;0,23;0,23;3/13;22;72;63;29;11;7;22;7;4;3;25
2562;VCT 2025: Pacific Stage 2;All Stages;All Match Types;d4v41;Paper Rex;226;115;209;123;0,73;144;75;24;9;6;0,28;0,11;4/38;29;170;138;54;21;13;22;7;4;3;25
2563;VCT 2025: Pacific Stage 2;All Stages;All Match Types;d4v41;Paper Rex;402;11;199;116;0,74;137;72;25;9;6;0,25;0,12;7/60;29;290;250;100;37;24;22;7;4;3;25
2564;VCT 2025: Pacific Stage 2;All Stages;All Match Types;Jinggg;Paper Rex;126;103;193;102;0,78;129;68;42;11;7;0,29;0,17;1/6;23;86;84;53;14;9;27;7;4;3;25
2565;VCT 2025: Pacific Stage 2;All Stages;All Match Types;Jinggg;Paper Rex;256;118;255;125;0,78;166;87;21;14;11;0,22;0,21;3/14;24;223;179;54;36;29;27;7;4;3;25
2566;VCT 2025: Pacific Stage 2;All Stages;All Match Types;Jinggg;Paper Rex;20;132;243;145;0,75;158;8;45;15;0;0,22;0,33;1/3;16;16;11;9;3;0;27;7;4;3;25
2567;VCT 2025: Pacific Stage 2;All Stages;All Match Types;Jinggg;Paper Rex;402;114;237;119;0,78;154;81;29;13;9;0,24;0,22;5/23;24;325;274;116;53;38;27;7;4;3;25
2568;VCT 2025: Pacific Stage 2;All Stages;All Match Types;MaKo;DRX;188;94;184;92;0,7;116;62;35;1;11;0,3;0,14;3/21;20;117;127;66;18;20;16;5;4;3;25
2569;VCT 2025: Pacific Stage 2;All Stages;All Match Types;MaKo;DRX;78;137;251;153;0,76;173;88;31;12;17;0,26;0,09;1/11;22;69;45;24;9;13;16;5;4;3;25
2570;VCT 2025: Pacific Stage 2;All Stages;All Match Types;MaKo;DRX;333;105;198;103;0,72;128;67;36;9;12;0,27;0,11;4/37;22;222;216;119;31;39;16;5;4;3;25
2571;VCT 2025: Pacific Stage 2;All Stages;All Match Types;Flashback;DRX;60;124;230;138;0,73;156;85;18;5;3;0,42;0,09;1/11;19;51;37;11;3;2;38;5;4;3;25
2572;VCT 2025: Pacific Stage 2;All Stages;All Match Types;Flashback;DRX;178;108;205;116;0,72;133;72;23;11;6;0,3;0,19;5/26;24;129;111;41;19;11;38;5;4;3;25
2573;VCT 2025: Pacific Stage 2;All Stages;All Match Types;Flashback;DRX;333;106;204;116;0,71;135;74;18;9;8;0,33;0,13;6/47;24;247;213;61;31;27;38;5;4;3;25
2574;VCT 2025: Pacific Stage 2;All Stages;All Match Types;free1ng;DRX;24;9;182;83;0,75;112;63;58;4;13;0,29;0,67;2/3;15;15;18;14;1;3;14;5;4;3;25
2575;VCT 2025: Pacific Stage 2;All Stages;All Match Types;free1ng;DRX;138;91;183;9;0,71;117;62;23;9;8;0,37;0,17;2/12;17;86;96;32;12;11;14;5;4;3;25
2576;VCT 2025: Pacific Stage 2;All Stages;All Match Types;free1ng;DRX;154;108;199;113;0,71;130;69;28;9;11;0,34;0,17;4/23;20;106;94;43;14;17;14;5;4;3;25
2577;VCT 2025: Pacific Stage 2;All Stages;All Match Types;free1ng;DRX;333;96;185;96;0,71;121;64;28;8;1;0,35;0,21;8/39;20;213;223;94;28;33;14;5;4;3;25
2578;VCT 2025: Pacific Stage 2;All Stages;All Match Types;Estrella;DRX;154;89;159;8;0,69;106;51;36;4;8;0,28;0,13;1/8;18;78;98;56;6;13;187;5;4;3;25
2579;VCT 2025: Pacific Stage 2;All Stages;All Match Types;Estrella;DRX;78;79;133;71;0,77;85;45;5;3;9;0,33;0,4;2/5;11;35;49;39;2;7;187;5;4;3;25
2580;VCT 2025: Pacific Stage 2;All Stages;All Match Types;Estrella;DRX;64;74;175;75;0,69;109;56;33;8;14;0,2;0,25;2/8;17;36;48;21;5;9;187;5;4;3;25
2581;VCT 2025: Pacific Stage 2;All Stages;All Match Types;Estrella;DRX;333;81;152;74;0,71;99;49;39;5;1;0,27;0,19;5/26;18;164;223;131;15;33;187;5;4;3;25
2582;VCT 2025: Pacific Stage 2;All Stages;All Match Types;HYUNMIN;DRX;82;102;212;107;0,76;140;78;13;16;1;0,28;0,33;2/6;21;64;60;11;13;8;37;5;4;3;25
2583;VCT 2025: Pacific Stage 2;All Stages;All Match Types;HYUNMIN;DRX;17;135;274;133;0,76;159;94;24;12;12;0,33;0,33;1/3;16;16;12;4;2;2;37;5;4;3;25
2584;VCT 2025: Pacific Stage 2;All Stages;All Match Types;HYUNMIN;DRX;333;113;243;115;0,74;158;83;18;17;11;0,28;0,13;3/23;26;278;242;60;58;38;37;5;4;3;25
2585;VCT 2025: Pacific Stage 2;All Stages;All Match Types;Jinboong;DetonatioN FocusMe;56;14;259;15;0,73;160;91;13;14;4;0,38;0,13;1/8;23;51;34;7;8;2;164;36;4;3;25
2586;VCT 2025: Pacific Stage 2;All Stages;All Match Types;Jinboong;DetonatioN FocusMe;41;89;144;96;0,73;89;56;15;1;1;0,33;0,33;2/6;14;23;24;6;4;4;164;36;4;3;25
2587;VCT 2025: Pacific Stage 2;All Stages;All Match Types;Jinboong;DetonatioN FocusMe;79;91;190;89;0,72;122;65;29;6;9;0,33;0,14;1/7;17;51;57;23;5;7;164;36;4;3;25
2588;VCT 2025: Pacific Stage 2;All Stages;All Match Types;Jinboong;DetonatioN FocusMe;64;101;195;10;0,69;138;64;19;8;2;0,3;0,25;1/4;17;41;41;12;5;1;164;36;4;3;25
2589;VCT 2025: Pacific Stage 2;All Stages;All Match Types;Jinboong;DetonatioN FocusMe;274;96;187;95;0,69;122;64;19;8;7;0,33;0,18;5/28;23;176;186;52;23;18;164;36;4;3;25
2590;VCT 2025: Pacific Stage 2;All Stages;All Match Types;SSeeS;DetonatioN FocusMe;34;47;110;39;0,5;76;32;24;3;15;0,25;0,14;1/7;8;11;28;8;1;5;168;36;4;3;25
2591;VCT 2025: Pacific Stage 2;All Stages;All Match Types;SSeeS;DetonatioN FocusMe;79;7;117;67;0,63;79;42;24;3;13;0,33;0,27;4/15;11;33;49;19;2;10;168;36;4;3;25
2592;VCT 2025: Pacific Stage 2;All Stages;All Match Types;SSeeS;DetonatioN FocusMe;161;68;129;7;0,66;84;45;17;6;8;0,21;0,05;1/19;12;73;105;27;10;13;168;36;4;3;25
2593;VCT 2025: Pacific Stage 2;All Stages;All Match Types;SSeeS;DetonatioN FocusMe;274;66;122;64;0,63;82;43;2;5;1;0,25;0,15;6/41;12;117;182;54;13;28;168;36;4;3;25
2594;VCT 2025: Pacific Stage 2;All Stages;All Match Types;Akame;DetonatioN FocusMe;41;132;269;142;0,83;167;9;39;7;7;0,26;0,5;1/2;19;37;26;16;3;3;166;36;4;3;25
2595;VCT 2025: Pacific Stage 2;All Stages;All Match Types;Akame;DetonatioN FocusMe;76;88;210;81;0,7;146;68;18;14;14;0,25;0,38;3/8;18;52;64;14;11;11;166;36;4;3;25
2596;VCT 2025: Pacific Stage 2;All Stages;All Match Types;Akame;DetonatioN FocusMe;274;92;204;93;0,72;133;69;25;11;12;0,29;0,2;4/20;23;188;203;68;31;34;166;36;4;3;25
2597;VCT 2025: Pacific Stage 2;All Stages;All Match Types;Meiy;DetonatioN FocusMe;64;155;317;203;0,81;189;117;8;22;14;0,32;0,17;1/6;39;75;37;5;14;9;165;36;4;3;25
2598;VCT 2025: Pacific Stage 2;All Stages;All Match Types;Meiy;DetonatioN FocusMe;37;14;293;152;0,76;165;111;14;16;11;0,33;0,25;1/4;22;41;27;5;6;4;165;36;4;3;25
2599;VCT 2025: Pacific Stage 2;All Stages;All Match Types;Meiy;DetonatioN FocusMe;132;11;234;107;0,7;152;82;27;15;8;0,27;0,19;3/16;24;108;101;35;20;10;165;36;4;3;25
2600;VCT 2025: Pacific Stage 2;All Stages;All Match Types;Meiy;DetonatioN FocusMe;274;125;266;135;0,74;167;96;19;17;1;0,29;0,17;5/29;39;264;195;53;46;27;165;36;4;3;25
2601;VCT 2025: Pacific Stage 2;All Stages;All Match Types;gyen;DetonatioN FocusMe;113;104;176;96;0,72;116;65;37;5;11;0,33;0,17;3/18;19;73;76;42;6;12;167;36;4;3;25
2602;VCT 2025: Pacific Stage 2;All Stages;All Match Types;gyen;DetonatioN FocusMe;161;101;201;109;0,68;129;7;17;12;11;0,35;0,12;2/17;18;112;103;27;19;17;167;36;4;3;25
2603;VCT 2025: Pacific Stage 2;All Stages;All Match Types;gyen;DetonatioN FocusMe;274;102;190;103;0,69;124;68;25;9;11;0,34;0,14;5/35;19;185;179;69;25;29;167;36;4;3;25
2604;VCT 2025: Pacific Stage 2;All Stages;All Match Types;Foxy9;Gen.G;43;77;162;84;0,7;102;63;19;7;2;0,34;0,5;1/2;14;27;32;8;3;1;188;35;4;3;25
2605;VCT 2025: Pacific Stage 2;All Stages;All Match Types;Foxy9;Gen.G;58;103;175;103;0,78;118;64;28;9;7;0,38;0,2;1/5;16;37;36;16;5;4;188;35;4;3;25
2606;VCT 2025: Pacific Stage 2;All Stages;All Match Types;Foxy9;Gen.G;305;99;187;105;0,71;125;67;18;9;7;0,33;0,1;2/21;19;204;194;54;28;22;188;35;4;3;25
2607;VCT 2025: Pacific Stage 2;All Stages;All Match Types;Ash;Gen.G;96;117;202;128;0,75;123;76;2;7;4;0,31;0,3;3/10;18;73;57;19;7;4;161;35;4;3;25
2608;VCT 2025: Pacific Stage 2;All Stages;All Match Types;Ash;Gen.G;209;10;177;102;0,75;120;63;25;3;4;0,28;0,13;4/32;16;131;129;52;7;9;161;35;4;3;25
2609;VCT 2025: Pacific Stage 2;All Stages;All Match Types;Ash;Gen.G;305;105;185;11;0,75;121;67;23;5;4;0,29;0,17;7/42;18;204;186;71;14;13;161;35;4;3;25
2610;VCT 2025: Pacific Stage 2;All Stages;All Match Types;t3xture;Gen.G;82;116;237;125;0,67;146;84;15;18;11;0,22;0,13;1/8;24;69;55;12;15;9;162;35;4;3;25
2611;VCT 2025: Pacific Stage 2;All Stages;All Match Types;t3xture;Gen.G;185;99;219;102;0,66;143;75;19;18;17;0,29;0,18;3/17;23;138;135;35;34;31;162;35;4;3;25
2612;VCT 2025: Pacific Stage 2;All Stages;All Match Types;t3xture;Gen.G;305;10;215;105;0,67;138;75;17;17;14;0,26;0,16;4/25;24;228;217;51;53;44;162;35;4;3;25
2613;VCT 2025: Pacific Stage 2;All Stages;All Match Types;Munchkin;Gen.G;66;104;227;119;0,73;136;76;38;14;9;0,17;0,13;1/8;24;50;42;25;9;6;189;35;4;3;25
2614;VCT 2025: Pacific Stage 2;All Stages;All Match Types;Munchkin;Gen.G;239;91;194;92;0,69;128;64;31;14;15;0,26;0,04;1/24;18;153;167;74;33;35;189;35;4;3;25
2615;VCT 2025: Pacific Stage 2;All Stages;All Match Types;Munchkin;Gen.G;305;94;201;97;0,7;129;67;32;14;13;0,23;0,06;2/32;24;203;209;99;42;41;189;35;4;3;25
2616;VCT 2025: Pacific Stage 2;All Stages;All Match Types;Karon;Gen.G;305;107;198;105;0,74;124;71;47;1;6;0,35;0,21;7/33;23;216;206;144;29;19;163;35;4;3;25
2617;Valorant Masters Toronto 2025;Playoffs;Upper Quarterfinals;Boaster;FNATIC;43;69;102;46;0,67;73;3;3;2;9;0,18;0,25;1/4;9;13;28;13;1;4;32;6;5;1;1
2618;Valorant Masters Toronto 2025;Playoffs;Upper Quarterfinals;Boaster;FNATIC;69;73;113;6;0,65;80;39;29;3;12;0,25;0,14;1/7;14;27;45;20;2;8;32;6;5;1;1
2619;Valorant Masters Toronto 2025;Playoffs;Upper Quarterfinals;Chronicle;FNATIC;45;9;181;84;0,56;140;6;22;11;13;0,28;0,33;1/3;17;27;32;10;5;6;26;6;5;1;1
2620;Valorant Masters Toronto 2025;Playoffs;Upper Quarterfinals;Chronicle;FNATIC;69;95;180;89;0,58;135;61;23;9;1;0,28;0,11;1/9;17;42;47;16;6;7;26;6;5;1;1
2621;Valorant Masters Toronto 2025;Playoffs;Upper Quarterfinals;crashies;FNATIC;26;104;182;114;0,85;113;62;27;4;0;0,3;0,2;1/5;16;16;14;7;1;0;17;6;5;1;1
2622;Valorant Masters Toronto 2025;Playoffs;Upper Quarterfinals;crashies;FNATIC;69;115;204;117;0,75;140;7;26;6;0;0,36;0,08;1/13;21;48;41;18;4;0;17;6;5;1;1
2623;Valorant Masters Toronto 2025;Playoffs;Upper Quarterfinals;kaajak;FNATIC;50;123;240;118;0,72;158;8;32;22;14;0,43;0,2;1/5;20;40;34;16;11;7;19;6;5;1;1
2624;Valorant Masters Toronto 2025;Playoffs;Upper Quarterfinals;kaajak;FNATIC;69;112;219;108;0,71;152;75;26;19;16;0,37;0,14;1/7;20;52;48;18;13;11;19;6;5;1;1
2625;Valorant Masters Toronto 2025;Playoffs;Upper Quarterfinals;Zellsis;Sentinels;19;125;241;145;0,79;147;84;42;21;16;0,3;1;1/1;16;16;11;8;4;3;122;9;5;1;1
2626;Valorant Masters Toronto 2025;Playoffs;Upper Quarterfinals;Zellsis;Sentinels;38;10;178;104;0,71;120;63;29;11;13;0,21;0,33;1/3;16;24;23;11;4;5;122;9;5;1;1
2627;Valorant Masters Toronto 2025;Playoffs;Upper Quarterfinals;N4RRATE;Sentinels;38;114;231;126;0,92;149;76;42;5;5;0,19;0,5;1/2;15;29;23;16;2;2;41;9;5;1;1
2628;Valorant Masters Toronto 2025;Playoffs;Upper Quarterfinals;zekken;Sentinels;19;195;401;27;0,89;259;142;32;26;21;0,34;1;1/1;27;27;10;6;5;4;42;9;5;1;1
2629;Valorant Masters Toronto 2025;Playoffs;Upper Quarterfinals;zekken;Sentinels;38;154;300;205;0,84;192;108;24;21;24;0,26;1;1/1;27;41;20;9;8;9;42;9;5;1;1
2630;Valorant Masters Toronto 2025;Playoffs;Upper Quarterfinals;bang;Sentinels;38;11;198;125;0,89;104;79;39;11;5;0,33;0,5;1/2;18;30;24;15;4;2;47;9;5;1;1
2631;Valorant Masters Toronto 2025;Playoffs;Upper Quarterfinals;valyn;G2 Esports;47;95;190;86;0,79;119;66;32;6;4;0,21;0,17;1/6;16;31;36;15;3;2;35;3;5;1;1
2632;Valorant Masters Toronto 2025;Playoffs;Upper Quarterfinals;happywei;Xi Lai Gaming;38;108;238;91;0,66;157;76;18;18;8;0,42;0,09;1/11;18;29;32;7;7;3;45;10;5;1;1
2633;Valorant Masters Toronto 2025;Playoffs;Upper Quarterfinals;Rarga;Xi Lai Gaming;38;86;190;9;0,66;120;71;16;16;24;0,38;0,67;2/3;15;27;30;6;6;9;44;10;5;1;1
2634;Valorant Masters Toronto 2025;Playoffs;Upper Quarterfinals;coconut;Xi Lai Gaming;38;7;142;67;0,68;89;53;26;3;13;0,29;0,67;2/3;12;20;30;10;1;5;195;10;5;1;1
2635;Valorant Masters Toronto 2025;Playoffs;Upper Quarterfinals;SiuFatBB;Wolves Esports;45;96;154;10;0,69;102;56;16;7;4;0,25;0,5;3/6;17;25;25;7;3;2;196;41;5;1;1
2636;Valorant Masters Toronto 2025;Playoffs;Upper Quarterfinals;Kushy;Rex Regum Qeon;45;105;190;106;0,8;126;73;18;0;2;0,42;0,29;2/7;23;33;31;8;0;1;51;12;5;1;1
2637;Valorant Masters Toronto 2025;Playoffs;Upper Quarterfinals;Foxy9;Gen.G;45;86;180;103;0,69;104;69;13;2;11;0,41;0,2;1/5;21;31;30;6;1;5;188;35;5;1;1
2638;Valorant Masters Toronto 2025;Playoffs;Upper Quarterfinals;Foxy9;Gen.G;69;82;167;93;0,68;102;62;1;1;1;0,4;0,13;1/8;21;43;46;7;1;7;188;35;5;1;1
2639;Valorant Masters Toronto 2025;Playoffs;Upper Quarterfinals;t3xture;Gen.G;69;123;250;133;0,72;150;87;26;13;22;0,25;0,57;4/7;21;60;45;18;9;15;162;35;5;1;1
2640;Valorant Masters Toronto 2025;Playoffs;Upper Quarterfinals;Ash;Gen.G;43;101;160;109;0,77;113;56;16;7;2;0,38;0,25;1/4;13;24;22;7;3;1;161;35;5;1;1
2641;Valorant Masters Toronto 2025;Playoffs;Upper Quarterfinals;Ash;Gen.G;69;10;177;105;0,74;121;62;16;7;3;0,34;0,13;1/8;19;43;41;11;5;2;161;35;5;1;1
2642;Valorant Masters Toronto 2025;Playoffs;Upper Quarterfinals;Munchkin;Gen.G;69;96;197;102;0,62;128;68;33;12;12;0,22;0,17;1/6;21;47;46;23;8;8;189;35;5;1;1
2643;Valorant Masters Toronto 2025;Playoffs;Upper Quarterfinals;PatMen;Paper Rex;47;114;205;117;0,79;134;72;43;4;6;0,3;0,25;2/8;21;34;29;20;2;3;20;7;5;1;1
2644;Valorant Masters Toronto 2025;Playoffs;Upper Quarterfinals;something;Paper Rex;47;102;220;112;0,79;138;79;17;21;9;0,28;0,4;2/5;19;37;33;8;10;4;23;7;5;1;1
2645;Valorant Masters Toronto 2025;Playoffs;Upper Semifinals;Zellsis;Sentinels;24;67;142;61;0,58;89;46;25;8;17;0,15;0,2;1/5;11;11;18;6;2;4;122;9;5;1;2
2646;Valorant Masters Toronto 2025;Playoffs;Upper Semifinals;Zellsis;Sentinels;40;62;126;5;0,58;87;4;3;5;13;0,17;0,14;1/7;11;16;32;12;2;5;122;9;5;1;2
2647;Valorant Masters Toronto 2025;Playoffs;Upper Semifinals;zekken;Sentinels;24;125;247;131;0,63;138;88;17;21;17;0,15;0,33;1/3;21;21;16;4;5;4;42;9;5;1;2
2648;Valorant Masters Toronto 2025;Playoffs;Upper Semifinals;zekken;Sentinels;40;106;228;103;0,65;133;8;23;25;2;0,16;0,2;1/5;21;32;31;9;10;8;42;9;5;1;2
2649;Valorant Masters Toronto 2025;Playoffs;Upper Semifinals;SiuFatBB;Wolves Esports;24;88;146;93;0,83;98;54;17;4;4;0,24;0,33;1/3;13;13;14;4;1;1;196;41;5;1;2
2650;Valorant Masters Toronto 2025;Playoffs;Upper Semifinals;SiuFatBB;Wolves Esports;22;129;193;155;0,77;137;77;27;5;9;0,37;0,5;2/4;17;17;11;6;1;2;196;41;5;1;2
2651;Valorant Masters Toronto 2025;Playoffs;Upper Semifinals;SiuFatBB;Wolves Esports;46;108;170;12;0,8;116;65;22;4;7;0,31;0,43;3/7;17;30;25;10;2;3;196;41;5;1;2
2652;Valorant Masters Toronto 2025;Playoffs;Upper Semifinals;Spring;Wolves Esports;24;145;239;158;0,88;163;79;25;4;8;0,24;0,17;1/6;19;19;12;6;1;2;197;41;5;1;2
2653;Valorant Masters Toronto 2025;Playoffs;Upper Semifinals;Spring;Wolves Esports;46;133;238;132;0,8;159;8;41;7;9;0,3;0,13;1/8;19;37;28;19;3;4;197;41;5;1;2
2654;Valorant Masters Toronto 2025;Playoffs;Upper Semifinals;Juicy;Wolves Esports;22;72;139;69;0,68;108;5;23;18;9;0,33;0,5;1/2;11;11;16;5;4;2;198;41;5;1;2
2655;Valorant Masters Toronto 2025;Playoffs;Upper Semifinals;Juicy;Wolves Esports;46;67;142;7;0,59;103;5;17;15;24;0,26;0,5;1/2;12;23;33;8;7;11;198;41;5;1;2
2656;Valorant Masters Toronto 2025;Playoffs;Upper Semifinals;Foxy9;Gen.G;46;66;156;75;0,65;95;59;22;9;13;0,3;0,5;1/2;18;27;36;10;4;6;188;35;5;1;2
2657;Valorant Masters Toronto 2025;Playoffs;Upper Semifinals;Karon;Gen.G;46;113;193;111;0,78;123;67;43;4;9;0,28;0,11;1/9;20;31;28;20;2;4;163;35;5;1;2
2658;Valorant Masters Toronto 2025;Playoffs;Upper Semifinals;PatMen;Paper Rex;16;149;234;20;0,94;159;88;31;0;6;0,33;1;1/1;14;14;7;5;0;1;20;7;5;1;2
2659;Valorant Masters Toronto 2025;Playoffs;Upper Semifinals;PatMen;Paper Rex;40;11;208;121;0,75;129;73;25;8;13;0,29;0,33;1/3;15;29;24;10;3;5;20;7;5;1;2
2660;Valorant Masters Toronto 2025;Playoffs;Upper Semifinals;f0rsakeN;Paper Rex;40;99;168;88;0,78;117;55;63;5;1;0,27;1;2/2;11;22;25;25;2;4;21;7;5;1;2
2661;Valorant Masters Toronto 2025;Playoffs;Upper Semifinals;d4v41;Paper Rex;24;113;177;138;0,75;125;75;13;0;4;0,23;0,33;1/3;18;18;13;3;0;1;22;7;5;1;2
2662;Valorant Masters Toronto 2025;Playoffs;Upper Semifinals;d4v41;Paper Rex;16;108;246;14;0,81;164;88;19;6;6;0,16;0,67;2/3;14;14;10;3;1;1;22;7;5;1;2
2663;Valorant Masters Toronto 2025;Playoffs;Upper Semifinals;d4v41;Paper Rex;40;111;212;139;0,78;141;8;15;3;5;0,19;0,5;3/6;18;32;23;6;1;2;22;7;5;1;2
2664;Valorant Masters Toronto 2025;Playoffs;Upper Final;Yuicaw;Wolves Esports;21;8;165;73;0,57;107;52;29;1;14;0,31;0,25;1/4;11;11;15;6;2;3;199;41;5;1;3
2665;Valorant Masters Toronto 2025;Playoffs;Upper Final;Yuicaw;Wolves Esports;47;106;204;109;0,64;136;74;17;11;6;0,28;0,11;1/9;24;35;32;8;5;3;199;41;5;1;3
2666;Valorant Masters Toronto 2025;Playoffs;Upper Final;SiuFatBB;Wolves Esports;26;94;149;88;0,65;100;58;19;0;4;0,24;0,3;3/10;15;15;17;5;0;1;196;41;5;1;3
2667;Valorant Masters Toronto 2025;Playoffs;Upper Final;SiuFatBB;Wolves Esports;47;87;146;9;0,7;96;6;17;0;6;0,29;0,2;3/15;15;28;31;8;0;3;196;41;5;1;3
2668;Valorant Masters Toronto 2025;Playoffs;Upper Final;f0rsakeN;Paper Rex;21;115;211;10;0,71;130;71;38;19;5;0,15;0,33;1/3;15;15;15;8;4;1;21;7;5;1;3
2669;Valorant Masters Toronto 2025;Playoffs;Upper Final;f0rsakeN;Paper Rex;26;144;266;139;0,85;180;96;42;15;12;0,32;0,4;2/5;25;25;18;11;4;3;21;7;5;1;3
2670;Valorant Masters Toronto 2025;Playoffs;Upper Final;f0rsakeN;Paper Rex;47;131;238;121;0,79;157;85;4;17;9;0,25;0,38;3/8;25;40;33;19;8;4;21;7;5;1;3
2671;Valorant Masters Toronto 2025;Playoffs;Upper Final;PatMen;Paper Rex;21;104;212;93;0,9;137;67;52;0;0;0,24;0,5;1/2;14;14;15;11;0;0;20;7;5;1;3
2672;Valorant Masters Toronto 2025;Playoffs;Upper Final;PatMen;Paper Rex;47;86;178;76;0,74;111;53;49;2;0;0,19;0,33;1/3;14;25;33;23;1;0;20;7;5;1;3
2673;Valorant Masters Toronto 2025;Playoffs;Upper Final;d4v41;Paper Rex;21;103;180;93;0,67;135;67;19;0;5;0,26;0,33;1/3;14;14;15;4;0;1;22;7;5;1;3
2674;Valorant Masters Toronto 2025;Playoffs;Upper Final;d4v41;Paper Rex;47;128;230;129;0,72;165;85;3;6;4;0,27;0,13;1/8;26;40;31;14;3;2;22;7;5;1;3
2675;Valorant Masters Toronto 2025;Playoffs;Grand Final;f0rsakeN;Paper Rex;23;132;228;143;0,78;160;87;61;4;0;0,41;0,33;1/3;20;20;14;14;1;0;21;7;5;1;4
2676;Valorant Masters Toronto 2025;Playoffs;Grand Final;f0rsakeN;Paper Rex;105;111;223;108;0,7;149;77;3;7;8;0,28;0,11;1/9;23;81;75;32;7;8;21;7;5;1;4
2677;Valorant Masters Toronto 2025;Playoffs;Grand Final;PatMen;Paper Rex;49;97;158;97;0,71;105;59;35;0;6;0,27;0,2;1/5;16;29;30;17;0;3;20;7;5;1;4
2678;Valorant Masters Toronto 2025;Playoffs;Grand Final;PatMen;Paper Rex;56;91;191;9;0,63;127;68;13;9;13;0,39;0,14;1/7;22;38;42;7;5;7;20;7;5;1;4
2679;Valorant Masters Toronto 2025;Playoffs;Grand Final;PatMen;Paper Rex;105;94;174;93;0,67;117;64;23;5;1;0,33;0,17;2/12;22;67;72;24;5;10;20;7;5;1;4
2680;Valorant Masters Toronto 2025;Playoffs;Grand Final;something;Paper Rex;49;92;200;95;0,65;136;73;2;2;14;0,27;0,17;1/6;22;36;38;10;10;7;23;7;5;1;4
2681;Valorant Masters Toronto 2025;Playoffs;Grand Final;something;Paper Rex;105;9;185;88;0,68;121;65;17;14;14;0,25;0,07;1/15;22;68;77;18;15;15;23;7;5;1;4
2682;Valorant Masters Toronto 2025;Playoffs;Grand Final;d4v41;Paper Rex;49;107;194;11;0,86;130;65;33;14;1;0,21;0,11;1/9;20;32;29;16;7;5;22;7;5;1;4
2683;Valorant Masters Toronto 2025;Playoffs;Grand Final;d4v41;Paper Rex;105;112;194;12;0,75;130;73;27;8;11;0,26;0,08;1/13;29;77;64;28;8;12;22;7;5;1;4
2684;Valorant Masters Toronto 2025;Playoffs;Grand Final;Jinggg;Paper Rex;32;11;223;105;0,66;166;72;31;6;13;0,31;0,5;1/2;23;23;22;10;2;4;27;7;5;1;4
2685;Valorant Masters Toronto 2025;Playoffs;Grand Final;Jinggg;Paper Rex;105;103;207;10;0,68;144;66;27;11;12;0,23;0,17;1/6;23;69;69;28;12;13;27;7;5;1;4
2686;Valorant Masters Toronto 2025;Playoffs;Grand Final;Alfajer;FNATIC;24;124;264;128;0,67;170;96;17;17;4;0,35;0,33;1/3;23;23;18;4;4;1;18;6;5;1;4
2687;Valorant Masters Toronto 2025;Playoffs;Grand Final;Alfajer;FNATIC;105;117;270;125;0,7;174;94;12;16;1;0,32;0,11;1/9;29;99;79;13;17;11;18;6;5;1;4
2688;Valorant Masters Toronto 2025;Playoffs;Grand Final;crashies;FNATIC;79;101;177;102;0,68;126;63;22;6;1;0,35;0,1;1/10;26;50;49;17;5;1;17;6;5;1;4
2689;Valorant Masters Toronto 2025;Playoffs;Grand Final;crashies;FNATIC;105;93;164;9;0,68;118;58;26;5;2;0,35;0,08;1/13;26;61;68;27;5;2;17;6;5;1;4
2690;Valorant Masters Toronto 2025;Playoffs;Grand Final;kaajak;FNATIC;26;83;178;89;0,69;104;65;8;15;15;0,23;0,33;1/3;17;17;19;2;4;4;19;6;5;1;4
2691;Valorant Masters Toronto 2025;Playoffs;Grand Final;kaajak;FNATIC;105;96;205;101;0,71;134;77;1;21;15;0,31;0,09;1/11;32;81;80;10;22;16;19;6;5;1;4
2692;Valorant Masters Toronto 2025;Playoffs;Lower Round 1;happywei;Xi Lai Gaming;16;58;146;57;0,31;99;5;6;6;38;0,52;0,25;1/4;8;8;14;1;1;6;45;10;5;1;5
2693;Valorant Masters Toronto 2025;Playoffs;Lower Round 1;happywei;Xi Lai Gaming;37;105;208;104;0,57;136;76;16;14;22;0,48;0,17;1/6;20;28;27;6;5;8;45;10;5;1;5
2694;Valorant Masters Toronto 2025;Playoffs;Lower Round 1;coconut;Xi Lai Gaming;21;65;113;44;0,71;75;33;43;0;0;0,18;0,2;1/5;7;7;16;9;0;0;195;10;5;1;5
2695;Valorant Masters Toronto 2025;Playoffs;Lower Round 1;coconut;Xi Lai Gaming;37;59;115;47;0,62;76;38;32;0;3;0,23;0,1;1/10;7;14;30;12;0;1;195;10;5;1;5
2696;Valorant Masters Toronto 2025;Playoffs;Lower Round 1;Chronicle;FNATIC;19;111;189;10;0,68;119;63;26;11;5;0,35;0,25;1/4;12;12;12;5;2;1;26;6;5;1;5
2697;Valorant Masters Toronto 2025;Playoffs;Lower Round 1;Chronicle;FNATIC;18;116;183;111;0,83;118;56;44;0;0;0,29;1;1/1;10;10;9;8;0;0;26;6;5;1;5
2698;Valorant Masters Toronto 2025;Playoffs;Lower Round 1;Chronicle;FNATIC;55;132;218;148;0,82;136;73;36;11;2;0,28;0,33;2/6;18;40;27;20;6;1;26;6;5;1;5
2699;Valorant Masters Toronto 2025;Playoffs;Lower Round 1;crashies;FNATIC;18;158;201;25;0,78;122;83;56;0;6;0,26;0,5;1/2;15;15;6;10;0;1;17;6;5;1;5
2700;Valorant Masters Toronto 2025;Playoffs;Lower Round 1;crashies;FNATIC;55;133;210;159;0,85;138;78;38;0;4;0,32;0,13;1/8;17;43;27;21;0;2;17;6;5;1;5
2701;Valorant Masters Toronto 2025;Playoffs;Lower Round 1;xffero;Rex Regum Qeon;37;107;190;108;0,65;124;7;11;11;8;0,33;0,17;1/6;14;26;24;4;4;3;50;12;5;1;5
2702;Valorant Masters Toronto 2025;Playoffs;Lower Round 1;xffero;Rex Regum Qeon;55;95;176;9;0,62;117;64;13;11;7;0,32;0,09;1/11;14;35;39;7;6;4;50;12;5;1;5
2703;Valorant Masters Toronto 2025;Playoffs;Lower Round 1;crazyguy;Rex Regum Qeon;18;81;193;65;0,44;119;61;22;17;6;0,13;0,2;1/5;11;11;17;4;3;1;52;12;5;1;5
2704;Valorant Masters Toronto 2025;Playoffs;Lower Round 1;crazyguy;Rex Regum Qeon;19;114;144;125;0,89;98;53;47;16;11;0,46;0,5;1/2;10;10;8;9;3;2;52;12;5;1;5
2705;Valorant Masters Toronto 2025;Playoffs;Lower Round 1;crazyguy;Rex Regum Qeon;55;85;155;7;0,6;98;51;33;11;7;0,28;0,15;2/13;11;28;40;18;6;4;52;12;5;1;5
2706;Valorant Masters Toronto 2025;Playoffs;Lower Round 1;leaf;G2 Esports;16;195;358;44;0,94;213;138;13;25;0;0,24;1;1/1;22;22;5;2;4;0;8;3;5;1;5
2707;Valorant Masters Toronto 2025;Playoffs;Lower Round 1;leaf;G2 Esports;21;146;247;167;0,86;180;95;29;0;5;0,38;0,5;4/8;20;20;12;6;0;1;8;3;5;1;5
2708;Valorant Masters Toronto 2025;Playoffs;Lower Round 1;leaf;G2 Esports;37;168;302;247;0,89;194;114;22;11;3;0,3;0,56;5/9;22;42;17;8;4;1;8;3;5;1;5
2709;Valorant Masters Toronto 2025;Playoffs;Lower Round 2;Zellsis;Sentinels;22;143;247;154;0,82;167;91;27;0;5;0,25;0,2;1/5;20;20;13;6;0;1;122;9;5;1;6
2710;Valorant Masters Toronto 2025;Playoffs;Lower Round 2;Zellsis;Sentinels;64;11;176;103;0,75;126;64;25;3;5;0,24;0,07;1/14;20;41;40;16;2;3;122;9;5;1;6
2711;Valorant Masters Toronto 2025;Playoffs;Lower Round 2;N4RRATE;Sentinels;22;14;289;15;0,68;191;95;27;18;9;0,27;1;2/2;21;21;14;6;4;2;41;9;5;1;6
2712;Valorant Masters Toronto 2025;Playoffs;Lower Round 2;N4RRATE;Sentinels;22;104;246;89;0,73;155;77;27;5;9;0,24;0,5;1/2;17;17;19;6;1;2;41;9;5;1;6
2713;Valorant Masters Toronto 2025;Playoffs;Lower Round 2;N4RRATE;Sentinels;64;113;250;11;0,67;163;83;27;9;13;0,24;0,6;3/5;21;53;48;17;6;8;41;9;5;1;6
2714;Valorant Masters Toronto 2025;Playoffs;Lower Round 2;zekken;Sentinels;22;96;185;10;0,68;106;64;27;14;32;0,15;0,5;1/2;14;14;14;6;3;7;42;9;5;1;6
2715;Valorant Masters Toronto 2025;Playoffs;Lower Round 2;zekken;Sentinels;64;95;195;87;0,69;116;64;34;11;28;0,2;0,2;1/5;15;41;47;22;7;18;42;9;5;1;6
2716;Valorant Masters Toronto 2025;Playoffs;Lower Round 2;Alfajer;FNATIC;20;128;237;173;0,75;153;95;1;2;1;0,31;0,33;1/3;19;19;11;2;4;2;18;6;5;1;6
2717;Valorant Masters Toronto 2025;Playoffs;Lower Round 2;Alfajer;FNATIC;64;131;273;161;0,77;177;103;9;17;6;0,33;0,11;1/9;27;66;41;6;11;4;18;6;5;1;6
2718;Valorant Masters Toronto 2025;Playoffs;Lower Round 2;kaajak;FNATIC;22;109;229;106;0,68;142;77;9;32;27;0,36;0,33;1/3;17;17;16;2;7;6;19;6;5;1;6
2719;Valorant Masters Toronto 2025;Playoffs;Lower Round 2;kaajak;FNATIC;20;83;189;93;0,6;120;7;1;15;15;0,5;0,25;1/4;14;14;15;2;3;3;19;6;5;1;6
2720;Valorant Masters Toronto 2025;Playoffs;Lower Round 2;kaajak;FNATIC;64;107;221;111;0,69;142;78;8;23;19;0,39;0,22;2/9;19;50;45;5;15;12;19;6;5;1;6
2721;Valorant Masters Toronto 2025;Playoffs;Lower Round 2;Chronicle;FNATIC;22;88;153;85;0,73;108;5;45;9;9;0,17;0,5;1/2;11;11;13;10;2;2;26;6;5;1;6
2722;Valorant Masters Toronto 2025;Playoffs;Lower Round 2;Chronicle;FNATIC;22;10;207;94;0,64;148;73;18;9;5;0,31;0,5;1/2;16;16;17;4;2;1;26;6;5;1;6
2723;Valorant Masters Toronto 2025;Playoffs;Lower Round 2;Chronicle;FNATIC;64;98;193;10;0,72;135;66;33;11;6;0,27;0,5;2/4;16;42;42;21;7;4;26;6;5;1;6
2724;Valorant Masters Toronto 2025;Playoffs;Lower Round 2;JonahP;G2 Esports;48;92;175;88;0,71;119;6;27;4;17;0,22;0,25;1/4;20;29;33;13;2;8;36;3;5;1;6
2725;Valorant Masters Toronto 2025;Playoffs;Lower Round 2;JonahP;G2 Esports;68;10;180;98;0,74;122;63;37;4;15;0,23;0,2;1/5;20;43;44;25;3;10;36;3;5;1;6
2726;Valorant Masters Toronto 2025;Playoffs;Lower Round 2;trent;G2 Esports;24;119;207;119;0,75;132;79;21;8;0;0,41;0,2;1/5;19;19;16;5;2;0;9;3;5;1;6
2727;Valorant Masters Toronto 2025;Playoffs;Lower Round 2;trent;G2 Esports;68;108;201;109;0,78;133;72;24;7;7;0,39;0,1;1/10;19;49;45;16;5;5;9;3;5;1;6
2728;Valorant Masters Toronto 2025;Playoffs;Lower Round 2;leaf;G2 Esports;20;125;188;136;0,85;133;75;45;5;0;0,4;0,33;1/3;15;15;11;9;1;0;8;3;5;1;6
2729;Valorant Masters Toronto 2025;Playoffs;Lower Round 2;leaf;G2 Esports;24;121;188;107;0,79;128;67;25;4;8;0,17;0,33;2/6;16;16;15;6;1;2;8;3;5;1;6
2730;Valorant Masters Toronto 2025;Playoffs;Lower Round 2;leaf;G2 Esports;68;128;220;131;0,81;154;81;31;4;4;0,23;0,27;3/11;24;55;42;21;3;3;8;3;5;1;6
2731;Valorant Masters Toronto 2025;Playoffs;Lower Round 2;Ash;Gen.G;48;109;188;121;0,73;123;71;25;6;4;0,28;0,4;4/10;18;34;28;12;3;2;161;35;5;1;6
2732;Valorant Masters Toronto 2025;Playoffs;Lower Round 2;Ash;Gen.G;68;95;182;10;0,65;122;66;22;4;4;0,28;0,29;4/14;18;45;45;15;3;3;161;35;5;1;6
2733;Valorant Masters Toronto 2025;Playoffs;Lower Round 2;t3xture;Gen.G;20;73;142;8;0,5;84;6;5;2;25;0,22;1;1/1;12;12;15;1;4;5;162;35;5;1;6
2734;Valorant Masters Toronto 2025;Playoffs;Lower Round 2;t3xture;Gen.G;68;102;211;12;0,66;135;81;13;16;18;0,28;0,25;1/4;22;55;46;9;11;12;162;35;5;1;6
2735;Valorant Masters Toronto 2025;Playoffs;Lower Round 2;Foxy9;Gen.G;48;74;150;76;0,65;106;52;17;1;2;0,26;0,17;1/6;13;25;33;8;5;1;188;35;5;1;6
2736;Valorant Masters Toronto 2025;Playoffs;Lower Round 2;Foxy9;Gen.G;68;68;147;68;0,65;99;5;21;1;3;0,31;0,13;1/8;13;34;50;14;7;2;188;35;5;1;6
2737;Valorant Masters Toronto 2025;Playoffs;Lower Round 2;Karon;Gen.G;68;8;148;75;0,68;100;53;21;7;9;0,32;0,11;1/9;16;36;48;14;5;6;163;35;5;1;6
2738;Valorant Masters Toronto 2025;Playoffs;Lower Round 3;Alfajer;FNATIC;23;162;284;179;0,87;192;109;9;39;0;0,46;1;1/1;25;25;14;2;9;0;18;6;5;1;7
2739;Valorant Masters Toronto 2025;Playoffs;Lower Round 3;Alfajer;FNATIC;23;135;272;162;0,83;184;91;3;26;13;0,29;1;1/1;21;21;13;7;6;3;18;6;5;1;7
2740;Valorant Masters Toronto 2025;Playoffs;Lower Round 3;Alfajer;FNATIC;46;149;278;17;0,85;188;10;2;33;7;0,36;1;2/2;25;46;27;9;15;3;18;6;5;1;7
2741;Valorant Masters Toronto 2025;Playoffs;Lower Round 3;kaajak;FNATIC;23;97;188;113;0,7;118;74;9;9;22;0,28;0,25;1/4;17;17;15;2;2;5;19;6;5;1;7
2742;Valorant Masters Toronto 2025;Playoffs;Lower Round 3;kaajak;FNATIC;46;103;204;119;0,74;133;8;15;9;15;0,36;0,17;1/6;20;37;31;7;4;7;19;6;5;1;7
2743;Valorant Masters Toronto 2025;Playoffs;Lower Round 3;trent;G2 Esports;23;128;223;119;0,74;130;83;26;4;4;0,28;0,5;3/6;19;19;16;6;1;1;9;3;5;1;7
2744;Valorant Masters Toronto 2025;Playoffs;Lower Round 3;trent;G2 Esports;46;116;212;113;0,76;131;76;26;9;7;0,33;0,33;3/9;19;35;31;12;4;3;9;3;5;1;7
2745;Valorant Masters Toronto 2025;Playoffs;Lower Round 3;leaf;G2 Esports;46;86;212;9;0,63;131;76;15;7;15;0,22;0,25;2/8;18;35;39;7;3;7;8;3;5;1;7
2746;Valorant Masters Toronto 2025;Playoffs;Lower Final;Boaster;FNATIC;22;75;139;77;0,86;92;45;27;9;9;0,33;0,5;1/2;10;10;13;6;2;2;32;6;5;1;8
2747;Valorant Masters Toronto 2025;Playoffs;Lower Final;Boaster;FNATIC;41;106;166;115;0,73;109;56;24;1;5;0,29;0,2;1/5;16;23;20;10;4;2;32;6;5;1;8
2748;Valorant Masters Toronto 2025;Playoffs;Lower Final;Boaster;FNATIC;80;104;182;117;0,8;114;61;26;11;5;0,27;0,29;2/7;16;49;42;21;9;4;32;6;5;1;8
2749;Valorant Masters Toronto 2025;Playoffs;Lower Final;crashies;FNATIC;45;111;197;10;0,69;135;69;4;7;9;0,35;0,33;1/3;17;31;31;18;3;4;17;6;5;1;8
2750;Valorant Masters Toronto 2025;Playoffs;Lower Final;crashies;FNATIC;35;107;192;135;0,86;136;77;31;3;6;0,45;0,5;1/2;14;27;20;11;1;2;17;6;5;1;8
2751;Valorant Masters Toronto 2025;Playoffs;Lower Final;crashies;FNATIC;80;109;194;114;0,76;135;73;36;5;8;0,39;0,4;2/5;17;58;51;29;4;6;17;6;5;1;8
2752;Valorant Masters Toronto 2025;Playoffs;Lower Final;kaajak;FNATIC;17;147;285;20;0,76;197;94;29;29;6;0,57;1;2/2;16;16;8;5;5;1;19;6;5;1;8
2753;Valorant Masters Toronto 2025;Playoffs;Lower Final;kaajak;FNATIC;80;103;207;112;0,7;130;7;19;14;15;0,3;0,4;2/5;18;56;50;15;11;12;19;6;5;1;8
2754;Valorant Masters Toronto 2025;Playoffs;Lower Final;Chronicle;FNATIC;45;113;210;107;0,71;138;71;29;4;9;0,23;0,2;2/10;19;32;30;13;2;4;26;6;5;1;8
2755;Valorant Masters Toronto 2025;Playoffs;Lower Final;Chronicle;FNATIC;80;112;198;117;0,74;133;7;35;6;9;0,26;0,15;2/13;19;56;48;28;5;7;26;6;5;1;8
2756;Valorant Masters Toronto 2025;Playoffs;Lower Final;Lysoar;Wolves Esports;17;91;218;93;0,59;136;76;6;6;12;0,23;1;1/1;13;13;14;1;1;2;200;41;5;1;8
2757;Valorant Masters Toronto 2025;Playoffs;Lower Final;Lysoar;Wolves Esports;45;97;193;103;0,78;120;71;29;9;4;0,27;0,17;1/6;17;32;31;13;4;2;200;41;5;1;8
2758;Valorant Masters Toronto 2025;Playoffs;Lower Final;Lysoar;Wolves Esports;80;88;190;9;0,68;117;69;2;9;8;0,28;0,22;2/9;17;55;61;16;7;6;200;41;5;1;8
2759;Valorant Masters Toronto 2025;Playoffs;Lower Final;SiuFatBB;Wolves Esports;45;86;130;78;0,67;86;47;31;4;2;0,24;0,14;1/7;12;21;27;14;2;1;196;41;5;1;8
2760;Valorant Masters Toronto 2025;Playoffs;Lower Final;SiuFatBB;Wolves Esports;80;82;137;69;0,59;90;48;26;4;3;0,29;0,06;1/18;12;38;55;21;3;2;196;41;5;1;8
2761;Valorant Masters Toronto 2025;Playoffs;Lower Final;Juicy;Wolves Esports;18;3;91;31;0,5;61;28;11;17;33;0,24;0,5;1/2;5;5;16;2;3;6;198;41;5;1;8
2762;Valorant Masters Toronto 2025;Playoffs;Lower Final;Juicy;Wolves Esports;80;82;188;83;0,63;126;65;13;23;2;0,28;0,33;1/3;21;52;63;10;18;16;198;41;5;1;8
2763;Valorant Masters Toronto 2025;Swiss Stage;Round 1;PatMen;Paper Rex;14;143;187;25;0,93;125;71;43;0;7;0,43;1;2/2;10;10;4;6;0;1;20;7;5;4;32
2764;Valorant Masters Toronto 2025;Swiss Stage;Round 1;PatMen;Paper Rex;36;122;213;167;0,81;140;83;25;6;14;0,32;0,67;2/3;20;30;18;9;2;5;20;7;5;4;32
2765;Valorant Masters Toronto 2025;Swiss Stage;Round 1;d4v41;Paper Rex;22;126;202;15;0,77;159;82;5;0;0;0,3;0,2;1/5;18;18;12;1;0;0;22;7;5;4;32
2766;Valorant Masters Toronto 2025;Swiss Stage;Round 1;d4v41;Paper Rex;36;117;187;129;0,81;148;75;11;0;3;0,29;0,2;1/5;18;27;21;4;0;1;22;7;5;4;32
2767;Valorant Masters Toronto 2025;Swiss Stage;Round 1;Wo0t;Team Heretics;22;127;222;113;0,68;136;77;32;5;9;0,52;0,2;1/5;17;17;15;7;1;2;3;1;5;4;32
2768;Valorant Masters Toronto 2025;Swiss Stage;Round 1;Wo0t;Team Heretics;36;93;178;85;0,64;113;64;36;6;11;0,5;0,17;1/6;17;23;27;13;2;4;3;1;5;4;32
2769;Valorant Masters Toronto 2025;Swiss Stage;Round 1;benjyfishy;Team Heretics;36;93;187;83;0,61;130;67;8;19;8;0,34;0,25;1/4;18;24;29;3;7;3;4;1;5;4;32
2770;Valorant Masters Toronto 2025;Swiss Stage;Round 1;N4RRATE;Sentinels;24;118;208;129;0,71;122;75;5;4;4;0,23;0,33;1/3;18;18;14;12;1;1;41;9;5;4;32
2771;Valorant Masters Toronto 2025;Swiss Stage;Round 1;N4RRATE;Sentinels;45;129;229;142;0,76;135;82;42;4;4;0,27;0,2;1/5;19;37;26;19;2;2;41;9;5;4;32
2772;Valorant Masters Toronto 2025;Swiss Stage;Round 1;bang;Sentinels;45;107;200;10;0,73;124;73;38;9;2;0,34;0,2;1/5;17;33;33;17;4;1;47;9;5;4;32
2773;Valorant Masters Toronto 2025;Swiss Stage;Round 1;johnqt;Sentinels;21;142;213;17;0,81;148;81;14;5;1;0,22;0,33;1/3;17;17;10;3;1;2;48;9;5;4;32
2774;Valorant Masters Toronto 2025;Swiss Stage;Round 1;johnqt;Sentinels;45;127;198;138;0,78;124;73;4;2;9;0,26;0,2;1/5;17;33;24;18;1;4;48;9;5;4;32
2775;Valorant Masters Toronto 2025;Swiss Stage;Round 1;nephh;Bilibili Gaming;30;105;210;105;0,73;138;7;43;7;13;0,29;0,17;1/6;21;21;20;13;2;4;54;11;5;4;32
2776;Valorant Masters Toronto 2025;Swiss Stage;Round 1;nephh;Bilibili Gaming;23;11;197;107;0,83;134;65;65;4;4;0,21;0,5;1/2;15;15;14;15;1;1;54;11;5;4;32
2777;Valorant Masters Toronto 2025;Swiss Stage;Round 1;nephh;Bilibili Gaming;76;105;203;10;0,78;134;66;51;7;8;0,21;0,22;2/9;21;50;50;39;5;6;54;11;5;4;32
2778;Valorant Masters Toronto 2025;Swiss Stage;Round 1;rushia;Bilibili Gaming;23;149;263;147;0,83;173;96;43;13;4;0,38;0,2;1/5;22;22;15;10;3;1;201;11;5;4;32
2779;Valorant Masters Toronto 2025;Swiss Stage;Round 1;rushia;Bilibili Gaming;76;122;232;118;0,78;151;76;43;14;5;0,29;0,11;1/9;22;58;49;33;11;4;201;11;5;4;32
2780;Valorant Masters Toronto 2025;Swiss Stage;Round 1;whzy;Bilibili Gaming;23;125;252;147;0,57;152;96;4;22;22;0,38;0,33;1/3;22;22;15;1;5;5;202;11;5;4;32
2781;Valorant Masters Toronto 2025;Swiss Stage;Round 1;whzy;Bilibili Gaming;76;116;248;128;0,7;158;91;2;2;2;0,31;0,25;1/4;29;69;54;15;15;15;202;11;5;4;32
2782;Valorant Masters Toronto 2025;Swiss Stage;Round 1;aspas;MIBR;18;51;120;44;0,5;79;39;22;0;17;0,17;1;1/1;7;7;16;4;0;3;12;4;5;4;32
2783;Valorant Masters Toronto 2025;Swiss Stage;Round 1;aspas;MIBR;32;48;106;41;0,53;72;38;16;6;28;0,24;0,33;1/3;7;12;29;5;2;9;12;4;5;4;32
2784;Valorant Masters Toronto 2025;Swiss Stage;Round 1;Verno;MIBR;32;103;204;78;0,56;135;66;19;0;6;0,29;0,08;1/12;16;21;27;6;0;2;13;4;5;4;32
2785;Valorant Masters Toronto 2025;Swiss Stage;Round 1;kamo;Team Liquid;23;88;214;89;0,78;152;74;35;13;22;0,4;1;1/1;17;17;19;8;3;5;65;13;5;4;32
2786;Valorant Masters Toronto 2025;Swiss Stage;Round 1;kamo;Team Liquid;76;91;207;92;0,67;138;72;29;13;18;0,37;1;1/1;26;55;60;22;10;14;65;13;5;4;32
2787;Valorant Masters Toronto 2025;Swiss Stage;Round 1;Serial;Team Liquid;23;102;208;94;0,57;135;74;22;17;9;0,5;0,33;2/6;17;17;18;5;4;2;203;13;5;4;32
2788;Valorant Masters Toronto 2025;Swiss Stage;Round 1;Serial;Team Liquid;30;97;186;95;0,67;133;67;2;13;3;0,46;0,5;1/2;20;20;21;6;4;1;203;13;5;4;32
2789;Valorant Masters Toronto 2025;Swiss Stage;Round 1;Serial;Team Liquid;76;84;174;84;0,59;120;62;17;12;5;0,51;0,33;3/9;20;47;56;13;9;4;203;13;5;4;32
2790;Valorant Masters Toronto 2025;Swiss Stage;Round 1;penny;Team Liquid;30;161;289;167;0,73;206;10;5;1;1;0,29;0,5;2/4;30;30;18;15;3;3;103;13;5;4;32
2791;Valorant Masters Toronto 2025;Swiss Stage;Round 1;penny;Team Liquid;76;103;183;96;0,71;134;64;34;9;11;0,24;0,25;2/8;30;49;51;26;7;8;103;13;5;4;32
2792;Valorant Masters Toronto 2025;Swiss Stage;Round 1;Yuicaw;Wolves Esports;21;76;159;8;0,62;100;57;1;1;1;0,15;0,25;1/4;12;12;15;2;2;2;199;41;5;4;32
2793;Valorant Masters Toronto 2025;Swiss Stage;Round 1;Yuicaw;Wolves Esports;45;7;155;74;0,58;102;56;9;7;9;0,19;0,1;1/10;13;25;34;4;3;4;199;41;5;4;32
2794;Valorant Masters Toronto 2025;Swiss Stage;Round 1;SiuFatBB;Wolves Esports;45;104;172;104;0,69;114;62;29;4;7;0,29;0,56;5/9;17;28;27;13;2;3;196;41;5;4;32
2795;Valorant Masters Toronto 2025;Swiss Stage;Round 1;t3xture;Gen.G;32;148;300;206;0,78;196;109;28;31;0;0,29;1;1/1;19;35;17;9;10;0;162;35;5;4;32
2796;Valorant Masters Toronto 2025;Swiss Stage;Round 2 (1-0);johnqt;Sentinels;22;88;178;72;0,59;126;59;32;9;9;0,18;0,29;2/7;13;13;18;7;2;2;48;9;5;4;33
2797;Valorant Masters Toronto 2025;Swiss Stage;Round 2 (1-0);johnqt;Sentinels;62;103;174;95;0,79;115;6;39;1;6;0,24;0,2;2/10;14;37;39;24;6;4;48;9;5;4;33
2798;Valorant Masters Toronto 2025;Swiss Stage;Round 2 (1-0);Zellsis;Sentinels;22;13;179;145;0,73;116;73;23;9;5;0,22;0,33;1/3;16;16;11;5;2;1;122;9;5;4;33
2799;Valorant Masters Toronto 2025;Swiss Stage;Round 2 (1-0);Zellsis;Sentinels;62;116;203;118;0,74;130;73;27;8;5;0,18;0,17;1/6;16;45;38;17;5;3;122;9;5;4;33
2800;Valorant Masters Toronto 2025;Swiss Stage;Round 2 (1-0);bang;Sentinels;40;95;142;105;0,78;94;53;38;5;13;0,43;0,33;1/3;12;21;20;15;2;5;47;9;5;4;33
2801;Valorant Masters Toronto 2025;Swiss Stage;Round 2 (1-0);bang;Sentinels;62;88;150;89;0,69;98;55;32;6;11;0,36;0,25;1/4;13;34;38;20;4;7;47;9;5;4;33
2802;Valorant Masters Toronto 2025;Swiss Stage;Round 2 (1-0);whzy;Bilibili Gaming;22;72;178;76;0,45;115;59;9;14;27;0,07;0,5;1/2;13;13;17;2;3;6;202;11;5;4;33
2803;Valorant Masters Toronto 2025;Swiss Stage;Round 2 (1-0);whzy;Bilibili Gaming;62;103;250;113;0,58;149;85;1;18;19;0,25;0,14;1/7;24;53;47;6;11;12;202;11;5;4;33
2804;Valorant Masters Toronto 2025;Swiss Stage;Round 2 (1-0);nephh;Bilibili Gaming;44;104;180;117;0,8;117;64;27;9;9;0,26;0,25;1/4;17;28;24;12;4;4;54;11;5;4;33
2805;Valorant Masters Toronto 2025;Swiss Stage;Round 2 (1-0);nephh;Bilibili Gaming;62;89;176;9;0,71;113;6;34;8;1;0,25;0,2;1/5;17;37;41;21;5;6;54;11;5;4;33
2806;Valorant Masters Toronto 2025;Swiss Stage;Round 2 (1-0);PatMen;Paper Rex;24;73;144;78;0,75;92;58;38;4;8;0,33;1;2/2;14;14;18;9;1;2;20;7;5;4;33
2807;Valorant Masters Toronto 2025;Swiss Stage;Round 2 (1-0);PatMen;Paper Rex;40;88;175;84;0,7;104;65;25;5;8;0,28;0,33;2/6;14;26;31;10;2;3;20;7;5;4;33
2808;Valorant Masters Toronto 2025;Swiss Stage;Round 2 (1-0);f0rsakeN;Paper Rex;24;111;264;11;0,75;167;92;29;13;8;0,32;0,33;1/3;22;22;20;7;3;2;21;7;5;4;33
2809;Valorant Masters Toronto 2025;Swiss Stage;Round 2 (1-0);f0rsakeN;Paper Rex;40;87;182;79;0,68;128;68;28;1;8;0,29;0,25;1/4;22;27;34;11;4;3;21;7;5;4;33
2810;Valorant Masters Toronto 2025;Swiss Stage;Round 2 (1-0);t3xture;Gen.G;40;139;296;18;0,8;189;113;8;3;2;0,3;0,25;1/4;27;45;25;3;12;8;162;35;5;4;33
2811;Valorant Masters Toronto 2025;Swiss Stage;Round 2 (1-0);Foxy9;Gen.G;40;126;234;142;0,83;144;85;25;13;8;0,26;0,8;4/5;18;34;24;10;5;3;188;35;5;4;33
2812;Valorant Masters Toronto 2025;Swiss Stage;Round 2 (1-0);Karon;Gen.G;40;107;174;121;0,75;123;73;3;8;13;0,26;0,25;2/8;24;29;24;12;3;5;163;35;5;4;33
2813;Valorant Masters Toronto 2025;Swiss Stage;Round 2 (0-1);Yuicaw;Wolves Esports;23;64;128;69;0,52;85;48;9;9;22;0,37;0,33;1/3;11;11;16;2;2;5;199;41;5;4;34
2814;Valorant Masters Toronto 2025;Swiss Stage;Round 2 (0-1);Yuicaw;Wolves Esports;22;136;267;143;0,73;176;91;23;18;0;0,28;0,33;1/3;20;20;14;5;4;0;199;41;5;4;34
2815;Valorant Masters Toronto 2025;Swiss Stage;Round 2 (0-1);Yuicaw;Wolves Esports;45;99;198;103;0,62;129;69;16;13;11;0,3;0,33;2/6;20;31;30;7;6;5;199;41;5;4;34
2816;Valorant Masters Toronto 2025;Swiss Stage;Round 2 (0-1);Juicy;Wolves Esports;22;129;226;136;0,73;152;86;23;9;23;0,22;0,5;1/2;19;19;14;5;2;5;198;41;5;4;34
2817;Valorant Masters Toronto 2025;Swiss Stage;Round 2 (0-1);Juicy;Wolves Esports;23;137;258;14;0,57;161;91;17;9;17;0,4;0,5;1/2;21;21;15;4;2;4;198;41;5;4;34
2818;Valorant Masters Toronto 2025;Swiss Stage;Round 2 (0-1);Juicy;Wolves Esports;45;133;242;138;0,64;157;89;2;9;2;0,29;0,5;2/4;21;40;29;9;4;9;198;41;5;4;34
2819;Valorant Masters Toronto 2025;Swiss Stage;Round 2 (0-1);Boo;Team Heretics;23;108;158;108;0,65;85;57;7;4;4;0,43;0,2;1/5;13;13;12;16;1;1;1;1;5;4;34
2820;Valorant Masters Toronto 2025;Swiss Stage;Round 2 (0-1);Boo;Team Heretics;45;99;174;10;0,67;102;6;47;4;7;0,41;0,14;1/7;14;27;27;21;2;3;1;1;5;4;34
2821;Valorant Masters Toronto 2025;Swiss Stage;Round 2 (0-1);benjyfishy;Team Heretics;22;91;200;10;0,68;138;68;9;9;0;0,32;0,17;1/6;15;15;15;2;2;0;4;1;5;4;34
2822;Valorant Masters Toronto 2025;Swiss Stage;Round 2 (0-1);benjyfishy;Team Heretics;45;79;170;87;0,62;111;6;13;7;4;0,26;0,13;1/8;15;27;31;6;3;2;4;1;5;4;34
2823;Valorant Masters Toronto 2025;Swiss Stage;Round 2 (0-1);Serial;Team Liquid;20;102;176;14;0,8;107;7;0;1;1;0,29;0,5;1/2;14;14;10;0;2;2;203;13;5;4;34
2824;Valorant Masters Toronto 2025;Swiss Stage;Round 2 (0-1);keiko;Team Liquid;19;127;193;14;0,63;122;74;16;5;5;0,44;0,75;3/4;14;14;10;3;1;1;58;13;5;4;34
2825;Valorant Masters Toronto 2025;Swiss Stage;Round 2 (0-1);keiko;Team Liquid;39;133;200;155;0,72;130;79;23;5;5;0,51;0,6;3/5;17;31;20;9;2;2;58;13;5;4;34
2826;Valorant Masters Toronto 2025;Swiss Stage;Round 2 (0-1);nAts;Team Liquid;39;118;240;122;0,77;162;85;31;13;5;0,29;0,33;2/6;18;33;27;12;5;2;64;13;5;4;34
2827;Valorant Masters Toronto 2025;Swiss Stage;Round 2 (0-1);Verno;MIBR;39;131;258;125;0,82;176;9;38;8;3;0,27;0,2;2/10;19;35;28;15;3;1;13;4;5;4;34
2828;Valorant Masters Toronto 2025;Swiss Stage;Round 3 (1-1);Serial;Team Liquid;28;71;111;67;0,79;71;43;21;4;11;0,45;0,5;2/4;12;12;18;6;1;3;203;13;5;4;35
2829;Valorant Masters Toronto 2025;Swiss Stage;Round 3 (1-1);Serial;Team Liquid;46;72;116;65;0,72;74;43;22;4;9;0,45;0,25;2/8;12;20;31;10;2;4;203;13;5;4;35
2830;Valorant Masters Toronto 2025;Swiss Stage;Round 3 (1-1);paTiTek;Team Liquid;54;111;192;115;0,81;126;72;19;15;6;0,35;0,25;2/8;23;39;34;10;8;3;59;13;5;4;35
2831;Valorant Masters Toronto 2025;Swiss Stage;Round 3 (1-1);paTiTek;Team Liquid;72;105;198;104;0,78;128;71;18;14;8;0,33;0,2;2/10;23;51;49;13;10;6;59;13;5;4;35
2832;Valorant Masters Toronto 2025;Swiss Stage;Round 3 (1-1);keiko;Team Liquid;28;141;293;153;0,82;185;104;7;14;0;0,43;0,33;1/3;29;29;19;2;4;0;58;13;5;4;35
2833;Valorant Masters Toronto 2025;Swiss Stage;Round 3 (1-1);keiko;Team Liquid;72;106;215;11;0,72;139;78;13;1;4;0,42;0,09;1/11;29;56;51;9;7;3;58;13;5;4;35
2834;Valorant Masters Toronto 2025;Swiss Stage;Round 3 (1-1);Lysoar;Wolves Esports;18;117;195;144;0,72;127;72;33;11;0;0,19;0,75;3/4;13;13;9;6;2;0;200;41;5;4;35
2835;Valorant Masters Toronto 2025;Swiss Stage;Round 3 (1-1);Lysoar;Wolves Esports;41;115;186;123;0,8;124;66;32;1;0;0,2;0,5;3/6;14;27;22;13;4;0;200;41;5;4;35
2836;Valorant Masters Toronto 2025;Swiss Stage;Round 3 (1-1);Spring;Wolves Esports;18;138;258;155;0,72;168;94;67;11;11;0,39;1;1/1;17;17;11;12;2;2;197;41;5;4;35
2837;Valorant Masters Toronto 2025;Swiss Stage;Round 3 (1-1);Spring;Wolves Esports;41;132;264;141;0,76;170;93;41;17;12;0,31;1;1/1;21;38;27;17;7;5;197;41;5;4;35
2838;Valorant Masters Toronto 2025;Swiss Stage;Round 3 (1-1);Juicy;Wolves Esports;23;109;270;124;0,78;171;91;22;13;22;0,2;0,33;1/3;21;21;17;5;3;5;198;41;5;4;35
2839;Valorant Masters Toronto 2025;Swiss Stage;Round 3 (1-1);Juicy;Wolves Esports;41;94;226;11;0,73;143;8;2;17;2;0,21;0,33;1/3;21;33;30;8;7;8;198;41;5;4;35
2840;Valorant Masters Toronto 2025;Swiss Stage;Round 3 (1-1);Knight;Bilibili Gaming;18;71;168;86;0,61;108;67;28;11;28;0,36;0,5;1/2;12;12;14;5;2;5;55;11;5;4;35
2841;Valorant Masters Toronto 2025;Swiss Stage;Round 3 (1-1);Knight;Bilibili Gaming;41;73;158;79;0,63;104;56;27;12;22;0,23;0,25;1/4;12;23;29;11;5;9;55;11;5;4;35
2842;Valorant Masters Toronto 2025;Swiss Stage;Round 3 (1-1);rushia;Bilibili Gaming;41;7;140;64;0,66;87;51;46;2;12;0,24;0,14;1/7;14;21;33;19;1;5;201;11;5;4;35
2843;Valorant Masters Toronto 2025;Swiss Stage;Round 3 (1-1);f0rsakeN;Paper Rex;72;112;202;111;0,74;129;72;42;1;7;0,24;0,5;2/4;20;52;47;30;7;5;21;7;5;4;35
2844;Valorant Masters Toronto 2025;Swiss Stage;Round 3 (1-1);Jinggg;Paper Rex;72;116;258;127;0,75;172;92;18;15;17;0,22;0,17;1/6;26;66;52;13;11;12;27;7;5;4;35
2845;Valorant Masters Toronto 2025;All Stages;All Match Types;f0rsakeN;Paper Rex;37;168;276;224;0,84;170;103;59;8;0;0,43;0,25;1/4;20;38;17;22;3;0;21;7;5;3;25
2846;Valorant Masters Toronto 2025;All Stages;All Match Types;f0rsakeN;Paper Rex;21;115;211;10;0,71;130;71;38;19;5;0,15;0,33;1/3;15;15;15;8;4;1;21;7;5;3;25
2847;Valorant Masters Toronto 2025;All Stages;All Match Types;f0rsakeN;Paper Rex;259;116;214;11;0,75;142;75;42;9;9;0,27;0,41;7/17;25;194;176;108;24;24;21;7;5;3;25
2848;Valorant Masters Toronto 2025;All Stages;All Match Types;f0rsakeN;Paper Rex;387;112;209;106;0,74;138;72;4;1;8;0,26;0,31;9/29;25;280;263;156;37;31;21;7;5;3;25
2849;Valorant Masters Toronto 2025;All Stages;All Match Types;PatMen;Paper Rex;230;101;183;103;0,76;119;65;39;4;7;0,31;0,33;8/24;21;150;146;89;10;15;20;7;5;3;25
2850;Valorant Masters Toronto 2025;All Stages;All Match Types;PatMen;Paper Rex;21;104;212;93;0,9;137;67;52;0;0;0,24;0,5;1/2;14;14;15;11;0;0;20;7;5;3;25
2851;Valorant Masters Toronto 2025;All Stages;All Match Types;PatMen;Paper Rex;136;99;207;103;0,65;131;73;17;1;13;0,33;0,07;1/15;22;99;96;23;14;17;20;7;5;3;25
2852;Valorant Masters Toronto 2025;All Stages;All Match Types;PatMen;Paper Rex;387;101;193;102;0,73;124;68;32;6;8;0,31;0,24;10/41;22;263;257;123;24;32;20;7;5;3;25
2853;Valorant Masters Toronto 2025;All Stages;All Match Types;something;Paper Rex;206;99;210;106;0,76;133;74;22;17;15;0,27;0,17;3/18;22;153;145;45;35;31;23;7;5;3;25
2854;Valorant Masters Toronto 2025;All Stages;All Match Types;something;Paper Rex;387;96;192;10;0,73;124;68;2;14;15;0,25;0,08;3/39;22;265;265;78;54;58;23;7;5;3;25
2855;Valorant Masters Toronto 2025;All Stages;All Match Types;d4v41;Paper Rex;70;111;170;113;0,6;134;73;1;1;9;0,27;0,07;1/14;29;51;45;7;1;6;22;7;5;3;25
2856;Valorant Masters Toronto 2025;All Stages;All Match Types;d4v41;Paper Rex;66;112;174;133;0,76;115;73;26;2;5;0,26;0,25;1/4;18;48;36;17;1;3;22;7;5;3;25
2857;Valorant Masters Toronto 2025;All Stages;All Match Types;d4v41;Paper Rex;112;9;193;91;0,69;130;67;21;4;8;0,25;0,13;3/23;17;75;82;23;5;9;22;7;5;3;25
2858;Valorant Masters Toronto 2025;All Stages;All Match Types;d4v41;Paper Rex;139;116;203;123;0,81;140;74;29;1;6;0,25;0,05;1/20;26;103;84;41;14;8;22;7;5;3;25
2859;Valorant Masters Toronto 2025;All Stages;All Match Types;d4v41;Paper Rex;387;107;189;112;0,73;132;72;23;5;7;0,26;0,1;6/61;29;277;247;88;21;26;22;7;5;3;25
2860;Valorant Masters Toronto 2025;All Stages;All Match Types;Jinggg;Paper Rex;91;108;212;106;0,73;142;74;36;1;12;0,28;0,13;1/8;23;67;63;33;9;11;27;7;5;3;25
2861;Valorant Masters Toronto 2025;All Stages;All Match Types;Jinggg;Paper Rex;296;111;234;117;0,73;155;8;23;15;13;0,22;0,06;1/17;26;236;201;67;45;39;27;7;5;3;25
2862;Valorant Masters Toronto 2025;All Stages;All Match Types;Jinggg;Paper Rex;387;11;229;115;0,73;152;78;26;14;13;0,23;0,08;2/25;26;303;264;100;54;50;27;7;5;3;25
2863;Valorant Masters Toronto 2025;All Stages;All Match Types;Spring;Wolves Esports;103;116;227;114;0,77;151;78;46;1;9;0,29;0,14;1/7;18;80;70;47;10;9;197;41;5;3;25
2864;Valorant Masters Toronto 2025;All Stages;All Match Types;Spring;Wolves Esports;223;119;250;122;0,72;164;86;26;14;1;0,28;0,05;1/22;26;191;156;58;32;22;197;41;5;3;25
2865;Valorant Masters Toronto 2025;All Stages;All Match Types;Spring;Wolves Esports;349;121;244;123;0,74;160;85;32;13;9;0,29;0,07;2/29;26;295;240;111;47;31;197;41;5;3;25
2866;Valorant Masters Toronto 2025;All Stages;All Match Types;Yuicaw;Wolves Esports;23;64;128;69;0,52;85;48;9;9;22;0,37;0,33;1/3;11;11;16;2;2;5;199;41;5;3;25
2867;Valorant Masters Toronto 2025;All Stages;All Match Types;Yuicaw;Wolves Esports;174;9;177;88;0,64;116;61;21;9;9;0,28;0,04;1/26;19;107;122;37;16;15;199;41;5;3;25
2868;Valorant Masters Toronto 2025;All Stages;All Match Types;Yuicaw;Wolves Esports;92;103;198;114;0,65;133;73;14;1;4;0,24;0,17;2/12;24;67;59;13;9;4;199;41;5;3;25
2869;Valorant Masters Toronto 2025;All Stages;All Match Types;Yuicaw;Wolves Esports;349;89;175;89;0,63;117;62;19;9;1;0,27;0,09;4/47;24;218;244;68;33;34;199;41;5;3;25
2870;Valorant Masters Toronto 2025;All Stages;All Match Types;Lysoar;Wolves Esports;81;79;168;82;0,69;104;6;25;9;9;0,32;0,25;3/12;13;49;60;20;7;7;200;41;5;3;25
2871;Valorant Masters Toronto 2025;All Stages;All Match Types;Lysoar;Wolves Esports;38;114;225;115;0,66;155;82;16;3;5;0,25;0,33;1/3;18;31;27;6;1;2;200;41;5;3;25
2872;Valorant Masters Toronto 2025;All Stages;All Match Types;Lysoar;Wolves Esports;185;9;170;86;0,77;109;58;39;8;6;0,23;0,06;1/17;19;108;126;72;15;11;200;41;5;3;25
2873;Valorant Masters Toronto 2025;All Stages;All Match Types;Lysoar;Wolves Esports;349;91;174;88;0,72;112;6;33;8;6;0,25;0,13;5/38;19;211;241;115;28;22;200;41;5;3;25
2874;Valorant Masters Toronto 2025;All Stages;All Match Types;SiuFatBB;Wolves Esports;208;85;137;78;0,71;91;49;27;3;4;0,26;0,29;10/35;17;101;129;57;6;9;196;41;5;3;25
2875;Valorant Masters Toronto 2025;All Stages;All Match Types;SiuFatBB;Wolves Esports;141;10;169;101;0,7;112;63;22;4;5;0,32;0,17;5/30;17;89;88;31;6;7;196;41;5;3;25
2876;Valorant Masters Toronto 2025;All Stages;All Match Types;SiuFatBB;Wolves Esports;349;91;151;88;0,7;100;54;25;3;5;0,28;0,23;15/65;17;190;217;88;12;16;196;41;5;3;25
2877;Valorant Masters Toronto 2025;All Stages;All Match Types;Juicy;Wolves Esports;185;97;220;104;0,69;143;77;16;18;19;0,22;0,29;2/7;22;143;137;30;34;35;198;41;5;3;25
2878;Valorant Masters Toronto 2025;All Stages;All Match Types;Juicy;Wolves Esports;126;89;193;9;0,64;131;67;24;16;15;0,3;0,43;3/7;21;84;93;30;20;19;198;41;5;3;25
2879;Valorant Masters Toronto 2025;All Stages;All Match Types;Juicy;Wolves Esports;349;95;212;10;0,67;140;74;19;19;17;0,25;0,31;5/16;23;260;260;65;65;61;198;41;5;3;25
2880;Valorant Masters Toronto 2025;All Stages;All Match Types;Boaster;FNATIC;94;10;177;98;0,76;119;63;36;12;7;0,31;0,1;1/10;21;59;60;34;11;7;32;6;5;3;25
2881;Valorant Masters Toronto 2025;All Stages;All Match Types;Boaster;FNATIC;254;76;125;66;0,69;81;41;35;6;9;0,24;0,1;2/20;16;103;156;90;16;22;32;6;5;3;25
2882;Valorant Masters Toronto 2025;All Stages;All Match Types;Boaster;FNATIC;419;84;143;76;0,72;94;47;36;8;8;0,25;0,09;3/35;21;199;261;149;33;33;32;6;5;3;25
2883;Valorant Masters Toronto 2025;All Stages;All Match Types;Alfajer;FNATIC;56;142;308;181;0,71;187;116;14;23;13;0,29;0,17;1/6;24;65;36;8;13;7;18;6;5;3;25
2884;Valorant Masters Toronto 2025;All Stages;All Match Types;Alfajer;FNATIC;65;112;242;116;0,66;158;89;9;11;5;0,4;0,13;1/8;23;58;50;6;7;3;18;6;5;3;25
2885;Valorant Masters Toronto 2025;All Stages;All Match Types;Alfajer;FNATIC;161;125;268;145;0,78;178;98;11;2;8;0,37;0,08;1/12;29;158;109;18;33;13;18;6;5;3;25
2886;Valorant Masters Toronto 2025;All Stages;All Match Types;Alfajer;FNATIC;71;124;281;135;0,79;182;99;2;2;13;0,27;0,33;1/3;28;70;52;14;14;9;18;6;5;3;25
2887;Valorant Masters Toronto 2025;All Stages;All Match Types;Alfajer;FNATIC;419;117;258;13;0,73;168;94;14;17;11;0,32;0,12;4/33;29;392;301;60;73;45;18;6;5;3;25
2888;Valorant Masters Toronto 2025;All Stages;All Match Types;Chronicle;FNATIC;43;107;184;10;0,65;122;63;26;7;5;0,3;0,1;1/10;15;27;27;11;3;2;26;6;5;3;25
2889;Valorant Masters Toronto 2025;All Stages;All Match Types;Chronicle;FNATIC;71;104;179;112;0,73;121;65;51;7;7;0,25;0,13;1/8;24;46;41;36;5;5;26;6;5;3;25
2890;Valorant Masters Toronto 2025;All Stages;All Match Types;Chronicle;FNATIC;226;118;228;123;0,73;156;78;25;1;6;0,25;0,14;4/29;27;177;144;57;22;13;26;6;5;3;25
2891;Valorant Masters Toronto 2025;All Stages;All Match Types;Chronicle;FNATIC;56;112;198;127;0,79;136;68;34;9;5;0,3;0,33;1/3;15;38;30;19;5;3;26;6;5;3;25
2892;Valorant Masters Toronto 2025;All Stages;All Match Types;Chronicle;FNATIC;419;113;208;118;0,72;141;72;3;8;6;0,26;0,14;7/51;27;302;257;127;35;25;26;6;5;3;25
2893;Valorant Masters Toronto 2025;All Stages;All Match Types;crashies;FNATIC;161;98;170;96;0,73;113;6;37;5;4;0,31;0,19;3/16;17;96;100;59;8;6;17;6;5;3;25
2894;Valorant Masters Toronto 2025;All Stages;All Match Types;crashies;FNATIC;258;106;189;115;0,74;135;69;24;5;2;0,36;0,06;2/35;26;177;154;61;12;5;17;6;5;3;25
2895;Valorant Masters Toronto 2025;All Stages;All Match Types;crashies;FNATIC;419;103;182;107;0,74;126;65;29;5;3;0,34;0,1;5/51;26;273;254;120;20;11;17;6;5;3;25
2896;Valorant Masters Toronto 2025;All Stages;All Match Types;kaajak;FNATIC;71;132;269;149;0,79;172;94;14;3;1;0,36;0,29;2/7;32;67;45;10;21;7;19;6;5;3;25
2897;Valorant Masters Toronto 2025;All Stages;All Match Types;kaajak;FNATIC;65;10;224;106;0,71;150;82;6;22;23;0,35;0,14;1/7;24;53;50;4;14;15;19;6;5;3;25
2898;Valorant Masters Toronto 2025;All Stages;All Match Types;kaajak;FNATIC;90;96;199;102;0,7;125;71;11;11;17;0,26;0,2;2/10;21;64;63;10;10;15;19;6;5;3;25
2899;Valorant Masters Toronto 2025;All Stages;All Match Types;kaajak;FNATIC;193;102;208;108;0,69;135;74;22;18;15;0,38;0,13;2/15;20;143;132;42;34;28;19;6;5;3;25
2900;Valorant Masters Toronto 2025;All Stages;All Match Types;kaajak;FNATIC;419;106;218;113;0,71;142;78;16;19;16;0,35;0,18;7/39;32;327;290;66;79;65;19;6;5;3;25
2901;Valorant Masters Toronto 2025;All Stages;All Match Types;Boo;Team Heretics;37;84;132;75;0,59;76;49;62;3;11;0,44;0,1;1/10;13;18;24;23;1;4;1;1;5;3;25
2902;Valorant Masters Toronto 2025;All Stages;All Match Types;Boo;Team Heretics;81;76;140;7;0,62;87;48;43;2;1;0,38;0,06;1/17;14;39;56;35;2;8;1;1;5;3;25
2903;Valorant Masters Toronto 2025;All Stages;All Match Types;Wo0t;Team Heretics;22;127;222;113;0,68;136;77;32;5;9;0,52;0,2;1/5;17;17;15;7;1;2;3;1;5;3;25
2904;Valorant Masters Toronto 2025;All Stages;All Match Types;Wo0t;Team Heretics;81;94;183;86;0,68;119;63;36;1;15;0,34;0,1;1/10;17;51;59;29;8;12;3;1;5;3;25
2905;Valorant Masters Toronto 2025;All Stages;All Match Types;benjyfishy;Team Heretics;58;92;191;89;0,64;133;67;9;16;5;0,33;0,2;2/10;18;39;44;5;9;3;4;1;5;3;25
2906;Valorant Masters Toronto 2025;All Stages;All Match Types;benjyfishy;Team Heretics;81;85;179;85;0,62;120;63;11;12;6;0,3;0,17;2/12;18;51;60;9;10;5;4;1;5;3;25
2907;Valorant Masters Toronto 2025;All Stages;All Match Types;Serial;Team Liquid;28;71;111;67;0,79;71;43;21;4;11;0,45;0,5;2/4;12;12;18;6;1;3;203;13;5;3;25
2908;Valorant Masters Toronto 2025;All Stages;All Match Types;Serial;Team Liquid;61;94;169;95;0,66;109;64;15;11;8;0,41;0,25;3/12;17;39;41;9;7;5;203;13;5;3;25
2909;Valorant Masters Toronto 2025;All Stages;All Match Types;Serial;Team Liquid;30;97;186;95;0,67;133;67;2;13;3;0,46;0,5;1/2;20;20;21;6;4;1;203;13;5;3;25
2910;Valorant Masters Toronto 2025;All Stages;All Match Types;Serial;Team Liquid;142;83;155;84;0,66;103;57;16;9;7;0,45;0,32;6/19;20;81;97;23;13;10;203;13;5;3;25
2911;Valorant Masters Toronto 2025;All Stages;All Match Types;kamo;Team Liquid;23;88;214;89;0,78;152;74;35;13;22;0,4;1;1/1;17;17;19;8;3;5;65;13;5;3;25
2912;Valorant Masters Toronto 2025;All Stages;All Match Types;kamo;Team Liquid;187;96;211;99;0,7;142;75;2;16;17;0,35;0,2;1/5;26;140;141;38;30;32;65;13;5;3;25
2913;Valorant Masters Toronto 2025;All Stages;All Match Types;nAts;Team Liquid;85;95;196;98;0,75;126;68;21;9;5;0,29;0,14;2/14;18;58;59;18;8;4;64;13;5;3;25
2914;Valorant Masters Toronto 2025;All Stages;All Match Types;nAts;Team Liquid;111;88;186;88;0,74;121;64;2;8;5;0,28;0,12;2/17;18;71;81;22;9;6;64;13;5;3;25
2915;Valorant Masters Toronto 2025;All Stages;All Match Types;paTiTek;Team Liquid;54;111;192;115;0,81;126;72;19;15;6;0,35;0,25;2/8;23;39;34;10;8;3;59;13;5;3;25
2916;Valorant Masters Toronto 2025;All Stages;All Match Types;paTiTek;Team Liquid;187;91;183;88;0,72;118;61;21;9;7;0,27;0,08;2/24;23;114;130;39;17;14;59;13;5;3;25
2917;Valorant Masters Toronto 2025;All Stages;All Match Types;keiko;Team Liquid;42;116;195;139;0,69;132;76;14;7;7;0,51;0,33;3/9;18;32;23;6;3;3;58;13;5;3;25
2918;Valorant Masters Toronto 2025;All Stages;All Match Types;keiko;Team Liquid;28;141;293;153;0,82;185;104;7;14;0;0,43;0,33;1/3;29;29;19;2;4;0;58;13;5;3;25
2919;Valorant Masters Toronto 2025;All Stages;All Match Types;keiko;Team Liquid;187;11;199;117;0,72;133;76;17;9;7;0,45;0,13;4/31;29;142;121;32;16;13;58;13;5;3;25
2920;Valorant Masters Toronto 2025;All Stages;All Match Types;penny;Team Liquid;30;161;289;167;0,73;206;10;5;1;1;0,29;0,5;2/4;30;30;18;15;3;3;103;13;5;3;25
2921;Valorant Masters Toronto 2025;All Stages;All Match Types;penny;Team Liquid;121;10;188;98;0,73;131;67;29;12;1;0,2;0,22;2/9;30;81;83;35;15;12;103;13;5;3;25
2922;Valorant Masters Toronto 2025;All Stages;All Match Types;N4RRATE;Sentinels;40;113;219;107;0,75;131;78;48;3;8;0,26;0,17;1/6;18;31;29;19;1;3;41;9;5;3;25
2923;Valorant Masters Toronto 2025;All Stages;All Match Types;N4RRATE;Sentinels;145;118;227;12;0,8;147;76;37;8;7;0,24;0,3;3/10;21;110;92;53;11;10;41;9;5;3;25
2924;Valorant Masters Toronto 2025;All Stages;All Match Types;N4RRATE;Sentinels;44;79;196;76;0,66;124;66;18;7;14;0,25;0,33;1/3;17;29;38;8;3;6;41;9;5;3;25
2925;Valorant Masters Toronto 2025;All Stages;All Match Types;N4RRATE;Sentinels;249;108;220;106;0,75;140;74;34;6;9;0,24;0,25;5/20;21;185;174;85;16;23;41;9;5;3;25
2926;Valorant Masters Toronto 2025;All Stages;All Match Types;johnqt;Sentinels;64;73;144;64;0,67;97;5;33;6;13;0,23;0,17;2/12;14;32;50;21;4;8;48;9;5;3;25
2927;Valorant Masters Toronto 2025;All Stages;All Match Types;johnqt;Sentinels;62;127;194;139;0,87;130;69;37;5;6;0,26;0,1;1/10;17;43;31;23;3;4;48;9;5;3;25
2928;Valorant Masters Toronto 2025;All Stages;All Match Types;johnqt;Sentinels;249;99;166;94;0,77;110;59;38;5;7;0,26;0,08;3/36;18;147;156;95;13;17;48;9;5;3;25
2929;Valorant Masters Toronto 2025;All Stages;All Match Types;Zellsis;Sentinels;83;101;187;10;0,7;121;66;27;4;8;0,18;0,13;2/15;20;55;55;22;3;7;122;9;5;3;25
2930;Valorant Masters Toronto 2025;All Stages;All Match Types;Zellsis;Sentinels;82;108;174;104;0,77;117;62;33;9;1;0,25;0,2;2/10;16;51;49;27;7;8;122;9;5;3;25
2931;Valorant Masters Toronto 2025;All Stages;All Match Types;Zellsis;Sentinels;249;99;174;95;0,7;118;61;28;7;9;0,21;0,12;4/33;20;152;160;69;17;23;122;9;5;3;25
2932;Valorant Masters Toronto 2025;All Stages;All Match Types;zekken;Sentinels;83;143;283;171;0,71;166;99;22;19;22;0,25;0,5;3/6;27;82;48;18;16;18;42;9;5;3;25
2933;Valorant Masters Toronto 2025;All Stages;All Match Types;zekken;Sentinels;249;117;238;121;0,74;147;81;26;19;21;0,24;0,17;3/18;27;202;167;65;47;53;42;9;5;3;25
2934;Valorant Masters Toronto 2025;All Stages;All Match Types;bang;Sentinels;205;106;196;107;0,76;118;72;34;9;6;0,35;0,16;3/19;19;147;137;70;18;13;47;9;5;3;25
2935;Valorant Masters Toronto 2025;All Stages;All Match Types;bang;Sentinels;249;99;188;99;0,72;112;69;33;8;8;0,34;0,14;3/21;19;171;172;83;21;19;47;9;5;3;25
2936;Valorant Masters Toronto 2025;All Stages;All Match Types;nephh;Bilibili Gaming;30;105;210;105;0,73;138;7;43;7;13;0,29;0,17;1/6;21;21;20;13;2;4;54;11;5;3;25
2937;Valorant Masters Toronto 2025;All Stages;All Match Types;nephh;Bilibili Gaming;59;78;165;67;0,64;110;53;58;3;8;0,21;0,2;1/5;15;31;46;34;2;5;54;11;5;3;25
2938;Valorant Masters Toronto 2025;All Stages;All Match Types;nephh;Bilibili Gaming;67;103;188;105;0,79;121;63;34;9;7;0,2;0,2;1/5;17;42;40;23;6;5;54;11;5;3;25
2939;Valorant Masters Toronto 2025;All Stages;All Match Types;nephh;Bilibili Gaming;179;93;179;87;0,72;118;59;46;7;8;0,22;0,17;3/18;21;106;122;82;12;14;54;11;5;3;25
2940;Valorant Masters Toronto 2025;All Stages;All Match Types;Knight;Bilibili Gaming;134;84;145;81;0,69;105;5;25;6;7;0,29;0,08;1/12;18;67;83;33;8;10;55;11;5;3;25
2941;Valorant Masters Toronto 2025;All Stages;All Match Types;Knight;Bilibili Gaming;179;83;149;81;0,69;105;51;23;6;9;0,26;0,07;1/15;18;92;113;42;11;16;55;11;5;3;25
2942;Valorant Masters Toronto 2025;All Stages;All Match Types;rushia;Bilibili Gaming;45;148;270;161;0,84;175;10;38;9;7;0,35;0,2;1/5;23;45;28;17;4;3;201;11;5;3;25
2943;Valorant Masters Toronto 2025;All Stages;All Match Types;rushia;Bilibili Gaming;134;88;179;82;0,68;116;6;38;13;9;0,24;0,06;1/16;18;81;99;51;18;12;201;11;5;3;25
2944;Valorant Masters Toronto 2025;All Stages;All Match Types;rushia;Bilibili Gaming;179;103;202;99;0,72;131;7;38;12;8;0,27;0,1;2/21;23;126;127;68;22;15;201;11;5;3;25
2945;Valorant Masters Toronto 2025;All Stages;All Match Types;whzy;Bilibili Gaming;45;132;276;153;0,64;161;102;7;24;2;0,33;0,2;1/5;24;46;30;3;11;9;202;11;5;3;25
2946;Valorant Masters Toronto 2025;All Stages;All Match Types;whzy;Bilibili Gaming;45;9;214;94;0,6;135;71;2;18;2;0,15;0,25;1/4;19;32;34;9;8;9;202;11;5;3;25
2947;Valorant Masters Toronto 2025;All Stages;All Match Types;whzy;Bilibili Gaming;179;113;253;121;0,68;156;89;16;19;17;0,28;0,13;2/16;29;160;132;29;34;31;202;11;5;3;25
2948;Valorant Masters Toronto 2025;All Stages;All Match Types;JonahP;G2 Esports;85;96;185;102;0,72;120;66;27;5;16;0,23;0,2;1/5;20;56;55;23;4;14;36;3;5;3;25
2949;Valorant Masters Toronto 2025;All Stages;All Match Types;JonahP;G2 Esports;198;93;179;9;0,76;113;61;39;4;14;0,24;0,08;1/13;20;120;133;77;8;27;36;3;5;3;25
2950;Valorant Masters Toronto 2025;All Stages;All Match Types;trent;G2 Esports;91;107;196;103;0,77;125;71;24;8;9;0,33;0,2;3/15;19;65;63;22;7;8;9;3;5;3;25
2951;Valorant Masters Toronto 2025;All Stages;All Match Types;trent;G2 Esports;64;141;246;163;0,84;161;89;23;13;2;0,35;0,09;1/11;22;57;35;15;8;1;9;3;5;3;25
2952;Valorant Masters Toronto 2025;All Stages;All Match Types;trent;G2 Esports;198;117;214;122;0,81;138;77;25;1;7;0,35;0,13;4/30;22;152;125;49;19;13;9;3;5;3;25
2953;Valorant Masters Toronto 2025;All Stages;All Match Types;leaf;G2 Esports;40;162;321;219;0,85;203;115;2;13;3;0,22;0,33;1/3;24;46;21;8;5;1;8;3;5;3;25
2954;Valorant Masters Toronto 2025;All Stages;All Match Types;leaf;G2 Esports;113;91;199;93;0,68;128;7;27;8;11;0,24;0,17;3/18;18;79;85;31;9;12;8;3;5;3;25
2955;Valorant Masters Toronto 2025;All Stages;All Match Types;leaf;G2 Esports;45;133;218;133;0,82;152;8;27;2;7;0,27;0,43;6/14;20;36;27;12;1;3;8;3;5;3;25
2956;Valorant Masters Toronto 2025;All Stages;All Match Types;leaf;G2 Esports;198;115;230;121;0,75;149;81;26;8;8;0,24;0,29;10/35;24;161;133;51;15;16;8;3;5;3;25
2957;Valorant Masters Toronto 2025;All Stages;All Match Types;valyn;G2 Esports;198;93;172;86;0,75;110;61;37;7;8;0,22;0,06;1/18;20;121;140;73;14;16;35;3;5;3;25
2958;Valorant Masters Toronto 2025;All Stages;All Match Types;happywei;Xi Lai Gaming;59;119;249;109;0,69;160;83;2;19;8;0,44;0,08;1/13;20;49;45;12;11;5;45;10;5;3;25
2959;Valorant Masters Toronto 2025;All Stages;All Match Types;happywei;Xi Lai Gaming;16;58;146;57;0,31;99;5;6;6;38;0,52;0,25;1/4;8;8;14;1;1;6;45;10;5;3;25
2960;Valorant Masters Toronto 2025;All Stages;All Match Types;happywei;Xi Lai Gaming;75;106;223;97;0,61;147;76;17;16;15;0,45;0,12;2/17;20;57;59;13;12;11;45;10;5;3;25
2961;Valorant Masters Toronto 2025;All Stages;All Match Types;Rarga;Xi Lai Gaming;38;86;190;9;0,66;120;71;16;16;24;0,38;0,67;2/3;15;27;30;6;6;9;44;10;5;3;25
2962;Valorant Masters Toronto 2025;All Stages;All Match Types;Rarga;Xi Lai Gaming;75;86;217;88;0,64;136;76;16;2;25;0,41;0,33;2/6;20;57;65;12;15;19;44;10;5;3;25
2963;Valorant Masters Toronto 2025;All Stages;All Match Types;coconut;Xi Lai Gaming;59;68;132;59;0,69;84;46;32;2;8;0,25;0,38;3/8;12;27;46;19;1;5;195;10;5;3;25
2964;Valorant Masters Toronto 2025;All Stages;All Match Types;coconut;Xi Lai Gaming;75;65;128;57;0,65;83;45;29;1;8;0,26;0,23;3/13;12;34;60;22;1;6;195;10;5;3;25
2965;Valorant Masters Toronto 2025;All Stages;All Match Types;aspas;MIBR;18;51;120;44;0,5;79;39;22;0;17;0,17;1;1/1;7;7;16;4;0;3;12;4;5;3;25
2966;Valorant Masters Toronto 2025;All Stages;All Match Types;aspas;MIBR;71;53;130;53;0,59;89;44;17;7;21;0,18;0,2;1/5;10;31;59;12;5;15;12;4;5;3;25
2967;Valorant Masters Toronto 2025;All Stages;All Match Types;Verno;MIBR;71;118;230;102;0,7;158;79;3;4;4;0,28;0,14;3/22;19;56;55;21;3;3;13;4;5;3;25
2968;Valorant Masters Toronto 2025;All Stages;All Match Types;xffero;Rex Regum Qeon;61;93;183;95;0,66;119;67;15;8;1;0,36;0,17;1/6;15;41;43;9;5;6;50;12;5;3;25
2969;Valorant Masters Toronto 2025;All Stages;All Match Types;xffero;Rex Regum Qeon;100;9;175;89;0,65;119;64;17;7;7;0,32;0,08;1/13;15;64;72;17;7;7;50;12;5;3;25
2970;Valorant Masters Toronto 2025;All Stages;All Match Types;crazyguy;Rex Regum Qeon;18;81;193;65;0,44;119;61;22;17;6;0,13;0,2;1/5;11;11;17;4;3;1;52;12;5;3;25
2971;Valorant Masters Toronto 2025;All Stages;All Match Types;crazyguy;Rex Regum Qeon;40;79;132;76;0,75;85;48;33;15;23;0,46;0,2;1/5;10;19;25;13;6;9;52;12;5;3;25
2972;Valorant Masters Toronto 2025;All Stages;All Match Types;crazyguy;Rex Regum Qeon;100;75;144;65;0,64;91;47;34;11;14;0,25;0,09;2/22;11;47;72;34;11;14;52;12;5;3;25
2973;Valorant Masters Toronto 2025;All Stages;All Match Types;Kushy;Rex Regum Qeon;82;96;187;96;0,73;123;67;22;1;2;0,4;0,2;2/10;23;55;57;18;1;2;51;12;5;3;25
2974;Valorant Masters Toronto 2025;All Stages;All Match Types;Kushy;Rex Regum Qeon;100;88;174;86;0,7;114;62;22;1;5;0,39;0,17;2/12;23;62;72;22;1;5;51;12;5;3;25
2975;Valorant Masters Toronto 2025;All Stages;All Match Types;Foxy9;Gen.G;109;87;182;103;0,72;107;7;17;7;11;0,36;0,25;2/8;21;76;74;19;8;12;188;35;5;3;25
2976;Valorant Masters Toronto 2025;All Stages;All Match Types;Foxy9;Gen.G;126;95;183;104;0,72;120;65;17;8;6;0,28;0,33;5/15;18;82;79;21;10;8;188;35;5;3;25
2977;Valorant Masters Toronto 2025;All Stages;All Match Types;Foxy9;Gen.G;255;88;179;98;0,71;112;65;18;8;8;0,32;0,28;7/25;21;167;170;46;20;21;188;35;5;3;25
2978;Valorant Masters Toronto 2025;All Stages;All Match Types;Ash;Gen.G;185;113;182;124;0,79;125;66;25;6;2;0,34;0,22;5/23;19;123;99;47;11;3;161;35;5;3;25
2979;Valorant Masters Toronto 2025;All Stages;All Match Types;Ash;Gen.G;255;102;174;105;0,74;118;62;22;5;3;0,31;0,15;5/33;19;158;150;57;14;7;161;35;5;3;25
2980;Valorant Masters Toronto 2025;All Stages;All Match Types;t3xture;Gen.G;64;125;278;157;0,75;177;103;9;22;17;0,31;0,17;1/6;27;66;42;6;14;11;162;35;5;3;25
2981;Valorant Masters Toronto 2025;All Stages;All Match Types;t3xture;Gen.G;171;128;265;148;0,76;162;94;24;21;16;0,28;0,42;5/12;25;161;109;41;36;27;162;35;5;3;25
2982;Valorant Masters Toronto 2025;All Stages;All Match Types;t3xture;Gen.G;20;73;142;8;0,5;84;6;5;2;25;0,22;1;1/1;12;12;15;1;4;5;162;35;5;3;25
2983;Valorant Masters Toronto 2025;All Stages;All Match Types;t3xture;Gen.G;255;123;258;144;0,74;160;94;19;21;17;0,28;0,37;7/19;27;239;166;48;54;43;162;35;5;3;25
2984;Valorant Masters Toronto 2025;All Stages;All Match Types;Munchkin;Gen.G;231;99;209;106;0,72;137;69;31;1;11;0,24;0,06;1/17;21;160;151;71;24;25;189;35;5;3;25
2985;Valorant Masters Toronto 2025;All Stages;All Match Types;Munchkin;Gen.G;255;99;208;102;0,72;134;68;35;1;1;0,22;0,05;1/19;21;174;170;90;25;26;189;35;5;3;25
2986;Valorant Masters Toronto 2025;All Stages;All Match Types;Karon;Gen.G;255;103;189;109;0,76;126;69;32;9;9;0,31;0,11;4/35;24;176;161;81;22;23;163;35;5;3;25
2987;VCT 2025: EMEA Stage 1;Playoffs;Upper Round 1;Boaster;FNATIC;19;98;157;82;0,79;101;47;53;0;0;0,2;0,33;1/3;9;9;11;10;0;0;32;6;6;1;26
2988;VCT 2025: EMEA Stage 1;Playoffs;Upper Round 1;Boaster;FNATIC;40;89;144;74;0,8;96;43;53;0;8;0,19;0,25;1/4;9;17;23;21;0;3;32;6;6;1;26
2989;VCT 2025: EMEA Stage 1;Playoffs;Upper Round 1;Alfajer;FNATIC;19;123;244;138;0,84;150;95;16;5;11;0,42;0,25;1/4;18;18;13;3;1;2;18;6;6;1;26
2990;VCT 2025: EMEA Stage 1;Playoffs;Upper Round 1;Alfajer;FNATIC;40;158;292;191;0,88;194;11;13;2;8;0,38;0,2;1/5;26;44;23;5;8;3;18;6;6;1;26
2991;VCT 2025: EMEA Stage 1;Playoffs;Upper Round 1;qRaxs;FUT Esports;40;77;171;78;0,63;106;63;13;18;5;0,31;0,14;1/7;14;25;32;5;7;2;98;23;6;1;26
2992;VCT 2025: EMEA Stage 1;Playoffs;Upper Round 1;Jamppi;BBL Esports;45;93;172;9;0,73;112;6;31;7;9;0,34;0,14;1/7;17;27;30;14;3;4;73;17;6;1;26
2993;VCT 2025: EMEA Stage 1;Playoffs;Upper Round 1;MAGNUM;BBL Esports;45;115;238;129;0,76;148;8;22;11;4;0,21;0,33;1/3;19;36;28;10;5;2;74;17;6;1;26
2994;VCT 2025: EMEA Stage 1;Playoffs;Upper Round 1;LewN;BBL Esports;45;94;226;113;0,76;147;8;9;18;18;0,23;0,5;1/2;19;36;32;4;8;8;75;17;6;1;26
2995;VCT 2025: EMEA Stage 1;Playoffs;Upper Round 1;sociablEE;BBL Esports;45;133;232;146;0,67;157;84;29;16;9;0,23;0,29;2/7;20;38;26;13;7;4;77;17;6;1;26
2996;VCT 2025: EMEA Stage 1;Playoffs;Upper Round 1;Shao;Natus Vincere;22;147;229;142;0,82;174;77;23;0;0;0,33;0,5;3/6;17;17;12;5;0;0;78;18;6;1;26
2997;VCT 2025: EMEA Stage 1;Playoffs;Upper Round 1;Shao;Natus Vincere;45;104;166;81;0,78;123;49;4;0;2;0,26;0,33;3/9;17;22;27;18;0;1;78;18;6;1;26
2998;VCT 2025: EMEA Stage 1;Playoffs;Upper Round 1;Ruxic;Natus Vincere;23;118;211;129;0,78;141;78;17;9;9;0,33;0,2;1/5;18;18;14;4;2;2;80;18;6;1;26
2999;VCT 2025: EMEA Stage 1;Playoffs;Upper Round 1;Ruxic;Natus Vincere;45;11;211;113;0,78;139;78;29;7;7;0,31;0,17;1/6;18;35;31;13;3;3;80;18;6;1;26
3000;VCT 2025: EMEA Stage 1;Playoffs;Upper Round 1;hiro;Natus Vincere;45;93;191;10;0,62;129;71;13;13;11;0,41;0,17;1/6;25;32;32;6;6;5;87;18;6;1;26
3001;VCT 2025: EMEA Stage 1;Playoffs;Upper Semifinals;keiko;Team Liquid;26;97;172;94;0,81;118;62;23;8;4;0,5;0,33;1/3;16;16;17;6;2;1;58;13;6;1;2
3002;VCT 2025: EMEA Stage 1;Playoffs;Upper Semifinals;keiko;Team Liquid;73;108;201;115;0,74;132;74;16;1;1;0,41;0,14;1/7;22;54;47;12;7;7;58;13;6;1;2
3003;VCT 2025: EMEA Stage 1;Playoffs;Upper Semifinals;nAts;Team Liquid;47;134;258;137;0,79;163;87;43;23;2;0,23;0,29;2/7;21;41;30;20;11;1;64;13;6;1;2
3004;VCT 2025: EMEA Stage 1;Playoffs;Upper Semifinals;nAts;Team Liquid;73;119;235;121;0,73;146;79;3;23;4;0,23;0,22;2/9;21;58;48;22;17;3;64;13;6;1;2
3005;VCT 2025: EMEA Stage 1;Playoffs;Upper Semifinals;Boaster;FNATIC;26;74;122;56;0,73;85;38;38;12;15;0,18;1;1/1;10;10;18;10;3;4;32;6;6;1;2
3006;VCT 2025: EMEA Stage 1;Playoffs;Upper Semifinals;Boaster;FNATIC;73;79;148;71;0,73;96;47;36;5;7;0,28;0,14;1/7;12;34;48;26;4;5;32;6;6;1;2
3007;VCT 2025: EMEA Stage 1;Playoffs;Upper Semifinals;Alfajer;FNATIC;26;107;214;122;0,69;144;85;23;4;8;0,41;0,67;2/3;22;22;18;6;1;2;18;6;6;1;2
3008;VCT 2025: EMEA Stage 1;Playoffs;Upper Semifinals;Alfajer;FNATIC;73;92;210;102;0,67;138;79;14;11;18;0,32;0,22;2/9;22;58;57;10;8;13;18;6;6;1;2
3009;VCT 2025: EMEA Stage 1;Playoffs;Upper Semifinals;crashies;FNATIC;23;11;170;92;0,91;121;48;48;4;9;0,39;0,5;1/2;11;11;12;11;1;2;17;6;6;1;2
3010;VCT 2025: EMEA Stage 1;Playoffs;Upper Semifinals;crashies;FNATIC;50;117;202;116;0,84;142;74;28;2;6;0,26;0,43;3/7;19;37;32;14;1;3;17;6;6;1;2
3011;VCT 2025: EMEA Stage 1;Playoffs;Upper Semifinals;crashies;FNATIC;73;115;192;109;0,86;135;66;34;3;7;0,3;0,44;4/9;19;48;44;25;2;5;17;6;6;1;2
3012;VCT 2025: EMEA Stage 1;Playoffs;Upper Semifinals;kaajak;FNATIC;24;15;298;159;0,83;196;113;25;8;8;0,39;0,5;1/2;27;27;17;6;2;2;19;6;6;1;2
3013;VCT 2025: EMEA Stage 1;Playoffs;Upper Semifinals;kaajak;FNATIC;73;116;225;124;0,78;147;84;21;16;1;0,38;0,25;1/4;27;61;49;15;12;7;19;6;6;1;2
3014;VCT 2025: EMEA Stage 1;Playoffs;Upper Semifinals;benjyfishy;Team Heretics;26;159;279;163;0,85;195;10;4;12;4;0,38;0,5;2/4;26;26;16;1;3;1;4;1;6;1;2
3015;VCT 2025: EMEA Stage 1;Playoffs;Upper Semifinals;benjyfishy;Team Heretics;49;137;257;141;0,82;176;92;1;1;2;0,38;0,25;2/8;26;45;32;5;5;1;4;1;6;1;2
3016;VCT 2025: EMEA Stage 1;Playoffs;Upper Semifinals;RieNs;Team Heretics;26;95;195;89;0,65;145;65;38;8;8;0,34;0,5;1/2;17;17;19;10;2;2;2;1;6;1;2
3017;VCT 2025: EMEA Stage 1;Playoffs;Upper Semifinals;RieNs;Team Heretics;23;129;231;113;0,78;164;74;43;9;4;0,31;1;1/1;17;17;15;10;2;1;2;1;6;1;2
3018;VCT 2025: EMEA Stage 1;Playoffs;Upper Semifinals;RieNs;Team Heretics;49;111;213;10;0,71;154;69;41;8;6;0,33;0,67;2/3;17;34;34;20;4;3;2;1;6;1;2
3019;VCT 2025: EMEA Stage 1;Playoffs;Upper Semifinals;MiniBoo;Team Heretics;26;78;183;78;0,73;114;69;15;19;12;0,38;0,2;1/5;18;18;23;4;5;3;5;1;6;1;2
3020;VCT 2025: EMEA Stage 1;Playoffs;Upper Semifinals;MiniBoo;Team Heretics;49;81;190;9;0,67;119;71;2;18;16;0,4;0,2;1/5;18;35;39;10;9;8;5;1;6;1;2
3021;VCT 2025: EMEA Stage 1;Playoffs;Upper Semifinals;Boo;Team Heretics;23;98;137;85;0,74;91;48;61;0;0;0,24;0,33;1/3;11;11;13;14;0;0;1;1;6;1;2
3022;VCT 2025: EMEA Stage 1;Playoffs;Upper Semifinals;Boo;Team Heretics;49;95;164;85;0,73;106;57;51;8;4;0,26;0,14;1/7;17;28;33;25;4;2;1;1;6;1;2
3023;VCT 2025: EMEA Stage 1;Playoffs;Upper Semifinals;LewN;BBL Esports;49;103;232;12;0,69;151;86;16;14;2;0,34;0,33;1/3;26;42;35;8;7;10;75;17;6;1;2
3024;VCT 2025: EMEA Stage 1;Playoffs;Upper Semifinals;sociablEE;BBL Esports;49;99;191;106;0,67;138;71;18;4;4;0,26;0,13;1/8;19;35;33;9;2;2;77;17;6;1;2
3025;VCT 2025: EMEA Stage 1;Playoffs;Upper Final;Boaster;FNATIC;19;106;219;115;0,79;146;79;42;0;26;0,23;0,5;1/2;15;15;13;8;0;5;32;6;6;1;3
3026;VCT 2025: EMEA Stage 1;Playoffs;Upper Final;Boaster;FNATIC;21;117;199;136;0,67;126;71;19;1;1;0,21;0,5;1/2;15;15;11;4;2;2;32;6;6;1;3
3027;VCT 2025: EMEA Stage 1;Playoffs;Upper Final;Boaster;FNATIC;40;112;209;125;0,73;136;75;3;5;18;0,22;0,5;2/4;15;30;24;12;2;7;32;6;6;1;3
3028;VCT 2025: EMEA Stage 1;Playoffs;Upper Final;crashies;FNATIC;40;101;200;129;0,9;139;78;33;15;3;0,23;0,33;1/3;22;31;24;13;6;1;17;6;6;1;3
3029;VCT 2025: EMEA Stage 1;Playoffs;Upper Final;RieNs;Team Heretics;19;103;223;10;0,74;145;79;32;11;11;0,31;0,2;1/5;15;15;15;6;2;2;2;1;6;1;3
3030;VCT 2025: EMEA Stage 1;Playoffs;Upper Final;RieNs;Team Heretics;21;108;209;88;0,57;153;71;24;0;1;0,36;0,33;1/3;15;15;17;5;0;2;2;1;6;1;3
3031;VCT 2025: EMEA Stage 1;Playoffs;Upper Final;RieNs;Team Heretics;40;106;216;94;0,65;149;75;28;5;1;0,34;0,25;2/8;15;30;32;11;2;4;2;1;6;1;3
3032;VCT 2025: EMEA Stage 1;Playoffs;Upper Final;Wo0t;Team Heretics;21;73;154;71;0,57;116;57;1;0;0;0,21;0,67;2/3;12;12;17;2;0;0;3;1;6;1;3
3033;VCT 2025: EMEA Stage 1;Playoffs;Upper Final;Wo0t;Team Heretics;40;61;142;63;0,53;105;5;1;5;8;0,26;0,5;2/4;12;20;32;4;2;3;3;1;6;1;3
3034;VCT 2025: EMEA Stage 1;Playoffs;Grand Final;Chronicle;FNATIC;26;97;151;81;0,81;99;5;42;8;4;0,17;0,33;1/3;13;13;16;11;2;1;26;6;6;1;4
3035;VCT 2025: EMEA Stage 1;Playoffs;Grand Final;Chronicle;FNATIC;65;113;216;121;0,85;134;72;4;11;3;0,19;0,17;1/6;18;47;39;26;7;2;26;6;6;1;4
3036;VCT 2025: EMEA Stage 1;Playoffs;Grand Final;Alfajer;FNATIC;26;94;169;94;0,5;108;65;12;12;4;0,22;0,5;2/4;17;17;18;3;3;1;18;6;6;1;4
3037;VCT 2025: EMEA Stage 1;Playoffs;Grand Final;Alfajer;FNATIC;22;108;218;113;0,86;140;77;14;18;5;0,32;0,2;1/5;17;17;15;3;4;1;18;6;6;1;4
3038;VCT 2025: EMEA Stage 1;Playoffs;Grand Final;Alfajer;FNATIC;65;10;205;10;0,71;130;69;22;17;5;0,25;0,33;3/9;17;45;45;14;11;3;18;6;6;1;4
3039;VCT 2025: EMEA Stage 1;Playoffs;Grand Final;benjyfishy;Team Heretics;22;117;227;12;0,68;163;82;9;5;18;0,42;0,29;2/7;18;18;15;2;1;4;4;1;6;1;4
3040;VCT 2025: EMEA Stage 1;Playoffs;Grand Final;benjyfishy;Team Heretics;65;98;176;98;0,62;126;66;11;3;11;0,46;0,17;2/12;18;43;44;7;2;7;4;1;6;1;4
3041;VCT 2025: EMEA Stage 1;Playoffs;Grand Final;MiniBoo;Team Heretics;22;124;248;127;0,64;157;86;23;9;18;0,5;1;1/1;19;19;15;5;2;4;5;1;6;1;4
3042;VCT 2025: EMEA Stage 1;Playoffs;Grand Final;MiniBoo;Team Heretics;43;67;168;68;0,56;107;53;23;16;19;0,32;0,5;1/2;15;23;34;10;7;8;5;1;6;1;4
3043;VCT 2025: EMEA Stage 1;Playoffs;Grand Final;MiniBoo;Team Heretics;65;86;195;86;0,58;124;65;23;14;18;0,39;0,67;2/3;19;42;49;15;9;12;5;1;6;1;4
3044;VCT 2025: EMEA Stage 1;Playoffs;Lower Round 1;Shao;Natus Vincere;24;127;272;153;0,83;187;108;13;17;4;0,46;0,2;1/5;26;26;17;3;4;1;78;18;6;1;5
3045;VCT 2025: EMEA Stage 1;Playoffs;Lower Round 1;Shao;Natus Vincere;74;10;209;108;0,74;147;72;2;14;9;0,31;0,11;1/9;26;53;49;15;10;7;78;18;6;1;5
3046;VCT 2025: EMEA Stage 1;Playoffs;Lower Round 1;hiro;Natus Vincere;26;108;216;129;0,77;148;85;15;4;8;0,31;0,25;1/4;22;22;17;4;1;2;87;18;6;1;5
3047;VCT 2025: EMEA Stage 1;Playoffs;Lower Round 1;hiro;Natus Vincere;24;92;168;10;0,79;119;67;17;4;17;0,3;0,5;1/2;16;16;16;4;1;4;87;18;6;1;5
3048;VCT 2025: EMEA Stage 1;Playoffs;Lower Round 1;hiro;Natus Vincere;74;11;215;13;0,8;146;82;16;7;8;0,36;0,2;2/10;23;61;47;12;5;6;87;18;6;1;5
3049;VCT 2025: EMEA Stage 1;Playoffs;Lower Round 1;koalanoob;Natus Vincere;26;97;182;10;0,58;109;69;35;4;8;0,31;1;1/1;18;18;18;9;1;2;204;18;6;1;5
3050;VCT 2025: EMEA Stage 1;Playoffs;Lower Round 1;koalanoob;Natus Vincere;74;92;186;102;0,61;117;7;18;12;15;0,27;0,25;1/4;20;52;51;13;9;11;204;18;6;1;5
3051;VCT 2025: EMEA Stage 1;Playoffs;Lower Round 1;AtaKaptan;FUT Esports;20;15;243;189;0,8;164;85;4;1;1;0,41;1;1/1;17;17;9;8;2;2;205;23;6;1;5
3052;VCT 2025: EMEA Stage 1;Playoffs;Lower Round 1;AtaKaptan;FUT Esports;19;139;217;17;0,89;142;89;37;5;0;0,24;1;2/2;17;17;10;7;1;0;205;23;6;1;5
3053;VCT 2025: EMEA Stage 1;Playoffs;Lower Round 1;AtaKaptan;FUT Esports;39;145;230;179;0,85;153;87;38;8;5;0,33;1;3/3;17;34;19;15;3;2;205;23;6;1;5
3054;VCT 2025: EMEA Stage 1;Playoffs;Lower Round 1;Less;Team Vitality;19;75;152;79;0,68;92;58;0;0;0;0,23;0,25;1/4;11;11;14;0;0;0;104;20;6;1;5
3055;VCT 2025: EMEA Stage 1;Playoffs;Lower Round 1;Less;Team Vitality;39;87;168;93;0,69;117;67;0;0;3;0,33;0,14;1/7;15;26;28;0;0;1;104;20;6;1;5
3056;VCT 2025: EMEA Stage 1;Playoffs;Lower Round 1;Elite;Karmine Corp;24;114;208;113;0,58;141;71;33;4;4;0,29;0,25;1/4;17;17;15;8;1;1;91;19;6;1;5
3057;VCT 2025: EMEA Stage 1;Playoffs;Lower Round 1;Elite;Karmine Corp;26;91;172;83;0,69;120;58;12;12;4;0,29;0,33;1/3;15;15;18;3;3;1;91;19;6;1;5
3058;VCT 2025: EMEA Stage 1;Playoffs;Lower Round 1;Elite;Karmine Corp;24;104;195;111;0,75;131;83;17;4;4;0,25;0,33;2/6;20;20;18;4;1;1;91;19;6;1;5
3059;VCT 2025: EMEA Stage 1;Playoffs;Lower Round 1;Elite;Karmine Corp;74;103;192;102;0,68;130;7;2;7;4;0,28;0,31;4/13;20;52;51;15;5;3;91;19;6;1;5
3060;VCT 2025: EMEA Stage 1;Playoffs;Lower Round 1;saadhak;Karmine Corp;24;75;165;63;0,83;119;5;5;4;8;0,12;0,25;1/4;12;12;19;12;1;2;92;19;6;1;5
3061;VCT 2025: EMEA Stage 1;Playoffs;Lower Round 1;saadhak;Karmine Corp;26;113;217;12;0,81;144;69;38;19;8;0,25;0,2;1/5;18;18;15;10;5;2;92;19;6;1;5
3062;VCT 2025: EMEA Stage 1;Playoffs;Lower Round 1;saadhak;Karmine Corp;74;84;178;76;0,78;121;55;39;12;9;0,19;0,18;2/11;18;41;54;29;9;7;92;19;6;1;5
3063;VCT 2025: EMEA Stage 1;Playoffs;Lower Round 1;marteen;Karmine Corp;26;127;272;13;0,77;163;10;23;8;12;0,43;0,5;2/4;26;26;20;6;2;3;82;19;6;1;5
3064;VCT 2025: EMEA Stage 1;Playoffs;Lower Round 1;marteen;Karmine Corp;24;92;212;89;0,71;143;71;38;17;25;0,4;1;1/1;17;17;19;9;4;6;82;19;6;1;5
3065;VCT 2025: EMEA Stage 1;Playoffs;Lower Round 1;marteen;Karmine Corp;74;108;230;109;0,78;149;82;23;14;15;0,41;0,38;3/8;26;61;56;17;10;11;82;19;6;1;5
3066;VCT 2025: EMEA Stage 1;Playoffs;Lower Round 1;SUYGETSU;Karmine Corp;26;96;199;89;0,65;142;65;23;15;12;0,22;0,2;1/5;17;17;19;6;4;3;81;19;6;1;5
3067;VCT 2025: EMEA Stage 1;Playoffs;Lower Round 1;SUYGETSU;Karmine Corp;74;10;187;96;0,73;125;66;42;8;11;0,34;0,1;1/10;17;49;51;31;6;8;81;19;6;1;5
3068;VCT 2025: EMEA Stage 1;Playoffs;Lower Round 2;Serial;Team Liquid;17;145;212;163;0,82;146;76;71;0;0;0,3;0,25;1/4;13;13;8;12;0;0;203;13;6;1;6
3069;VCT 2025: EMEA Stage 1;Playoffs;Lower Round 2;Serial;Team Liquid;21;13;230;133;0,81;153;76;33;5;5;0,43;0,5;1/2;16;16;12;7;1;1;203;13;6;1;6
3070;VCT 2025: EMEA Stage 1;Playoffs;Lower Round 2;Serial;Team Liquid;24;76;141;69;0,67;104;46;21;4;4;0,31;0,2;1/5;11;11;16;5;1;1;203;13;6;1;6
3071;VCT 2025: EMEA Stage 1;Playoffs;Lower Round 2;Serial;Team Liquid;62;113;194;111;0,76;132;65;39;3;3;0,35;0,27;3/11;16;40;36;24;2;2;203;13;6;1;6
3072;VCT 2025: EMEA Stage 1;Playoffs;Lower Round 2;nAts;Team Liquid;41;117;232;131;0,83;150;83;17;17;1;0,3;0,25;1/4;21;34;26;7;7;4;64;13;6;1;6
3073;VCT 2025: EMEA Stage 1;Playoffs;Lower Round 2;nAts;Team Liquid;62;99;205;112;0,77;135;74;13;15;6;0,25;0,17;1/6;21;46;41;8;9;4;64;13;6;1;6
3074;VCT 2025: EMEA Stage 1;Playoffs;Lower Round 2;paTiTek;Team Liquid;17;116;190;144;0,88;134;76;12;0;6;0,28;1;1/1;13;13;9;2;0;1;59;13;6;1;6
3075;VCT 2025: EMEA Stage 1;Playoffs;Lower Round 2;paTiTek;Team Liquid;62;101;194;111;0,82;129;68;27;3;1;0,23;0,25;1/4;21;42;38;17;2;6;59;13;6;1;6
3076;VCT 2025: EMEA Stage 1;Playoffs;Lower Round 2;keiko;Team Liquid;24;13;238;147;0,75;175;92;4;13;0;0,4;0,33;1/3;22;22;15;1;3;0;58;13;6;1;6
3077;VCT 2025: EMEA Stage 1;Playoffs;Lower Round 2;keiko;Team Liquid;62;138;249;159;0,81;176;95;23;11;2;0,36;0,17;1/6;22;59;37;14;7;1;58;13;6;1;6
3078;VCT 2025: EMEA Stage 1;Playoffs;Lower Round 2;Shao;Natus Vincere;21;14;253;106;0,71;184;86;29;0;1;0,24;0,67;2/3;18;18;17;6;0;2;78;18;6;1;6
3079;VCT 2025: EMEA Stage 1;Playoffs;Lower Round 2;Shao;Natus Vincere;62;113;211;105;0,71;138;73;21;3;8;0,33;0,18;2/11;18;45;43;13;2;5;78;18;6;1;6
3080;VCT 2025: EMEA Stage 1;Playoffs;Lower Round 2;ANGE1;Natus Vincere;21;82;143;8;0,57;96;57;0;1;5;0,5;0,4;2/5;12;12;15;0;2;1;79;18;6;1;6
3081;VCT 2025: EMEA Stage 1;Playoffs;Lower Round 2;ANGE1;Natus Vincere;24;94;130;10;0,75;94;54;13;8;17;0,57;0,67;2/3;13;13;13;3;2;4;79;18;6;1;6
3082;VCT 2025: EMEA Stage 1;Playoffs;Lower Round 2;ANGE1;Natus Vincere;62;77;136;75;0,69;91;53;13;6;11;0,5;0,36;4/11;13;33;44;8;4;7;79;18;6;1;6
3083;VCT 2025: EMEA Stage 1;Playoffs;Lower Round 2;Jamppi;BBL Esports;38;169;203;145;0,89;125;84;55;0;0;0,21;1;1/1;20;32;22;21;0;0;73;17;6;1;6
3084;VCT 2025: EMEA Stage 1;Playoffs;Lower Round 2;Jamppi;BBL Esports;61;107;175;102;0,85;101;69;62;3;13;0,19;0,33;1/3;20;42;41;38;1;5;73;17;6;1;6
3085;VCT 2025: EMEA Stage 1;Playoffs;Lower Round 3;Serial;Team Liquid;20;89;126;67;0,75;89;4;35;0;5;0,3;0,33;1/3;8;8;12;7;0;1;203;13;6;1;7
3086;VCT 2025: EMEA Stage 1;Playoffs;Lower Round 3;Serial;Team Liquid;21;113;199;125;0,71;140;71;14;0;5;0,4;0,25;1/4;15;15;12;3;0;1;203;13;6;1;7
3087;VCT 2025: EMEA Stage 1;Playoffs;Lower Round 3;Serial;Team Liquid;65;93;159;88;0,69;114;57;23;3;8;0,41;0,22;2/9;15;37;42;15;2;5;203;13;6;1;7
3088;VCT 2025: EMEA Stage 1;Playoffs;Lower Round 3;paTiTek;Team Liquid;24;108;201;119;0,79;142;79;4;17;8;0,35;0,5;1/2;19;19;16;1;4;2;59;13;6;1;7
3089;VCT 2025: EMEA Stage 1;Playoffs;Lower Round 3;paTiTek;Team Liquid;65;107;193;112;0,75;127;72;26;9;6;0,25;0,17;1/6;19;47;42;17;6;4;59;13;6;1;7
3090;VCT 2025: EMEA Stage 1;Playoffs;Lower Round 3;MAGNUM;BBL Esports;45;106;184;97;0,69;121;62;27;7;4;0,26;0,17;1/6;14;28;29;12;3;2;74;17;6;1;7
3091;VCT 2025: EMEA Stage 1;Playoffs;Lower Round 3;MAGNUM;BBL Esports;20;108;169;118;0,8;98;65;55;5;15;0,39;0,5;1/2;13;13;11;11;1;3;74;17;6;1;7
3092;VCT 2025: EMEA Stage 1;Playoffs;Lower Round 3;MAGNUM;BBL Esports;65;106;179;103;0,72;114;63;35;6;8;0,29;0,25;2/8;14;41;40;23;4;5;74;17;6;1;7
3093;VCT 2025: EMEA Stage 1;Playoffs;Lower Round 3;LewN;BBL Esports;24;125;244;138;0,71;169;92;13;8;13;0,42;0,25;1/4;22;22;16;3;2;3;75;17;6;1;7
3094;VCT 2025: EMEA Stage 1;Playoffs;Lower Round 3;LewN;BBL Esports;65;92;196;98;0,63;130;71;15;17;18;0,35;0,14;1/7;22;46;47;10;11;12;75;17;6;1;7
3095;VCT 2025: EMEA Stage 1;Playoffs;Lower Round 3;sociablEE;BBL Esports;21;65;140;69;0,62;98;52;5;1;1;0,3;0,17;1/6;11;11;16;1;2;2;77;17;6;1;7
3096;VCT 2025: EMEA Stage 1;Playoffs;Lower Round 3;sociablEE;BBL Esports;65;95;202;107;0,65;129;72;18;12;14;0,25;0,11;1/9;19;47;44;12;8;9;77;17;6;1;7
3097;VCT 2025: EMEA Stage 1;Playoffs;Lower Final;benjyfishy;Team Heretics;39;152;256;224;0,82;169;97;15;5;5;0,4;0,4;4/10;22;38;17;6;2;2;4;1;6;1;8
3098;VCT 2025: EMEA Stage 1;Playoffs;Lower Final;benjyfishy;Team Heretics;54;142;226;209;0,85;156;89;13;4;4;0,33;0,36;4/11;22;48;23;7;2;2;4;1;6;1;8
3099;VCT 2025: EMEA Stage 1;Playoffs;Lower Final;Wo0t;Team Heretics;15;234;421;433;0,93;253;173;13;7;0;0,38;1;2/2;26;26;6;2;1;0;3;1;6;1;8
3100;VCT 2025: EMEA Stage 1;Playoffs;Lower Final;Wo0t;Team Heretics;54;135;266;186;0,81;163;96;2;11;7;0,36;1;2/2;26;52;28;11;6;4;3;1;6;1;8
3101;VCT 2025: EMEA Stage 1;Playoffs;Lower Final;MiniBoo;Team Heretics;39;129;272;137;0,74;178;95;28;15;23;0,37;1;2/2;20;37;27;11;6;9;5;1;6;1;8
3102;VCT 2025: EMEA Stage 1;Playoffs;Lower Final;MiniBoo;Team Heretics;54;124;270;132;0,8;178;93;35;2;2;0,36;0,67;2/3;20;50;38;19;11;11;5;1;6;1;8
3103;VCT 2025: EMEA Stage 1;Playoffs;Lower Final;Serial;Team Liquid;15;121;244;108;0,67;166;87;0;0;7;0,43;0,14;1/7;13;13;12;0;0;1;203;13;6;1;8
3104;VCT 2025: EMEA Stage 1;Playoffs;Lower Final;Serial;Team Liquid;54;101;204;91;0,63;134;74;9;0;9;0,35;0,08;1/13;18;40;44;5;0;5;203;13;6;1;8
3105;VCT 2025: EMEA Stage 1;Playoffs;Lower Final;kamo;Team Liquid;23;87;224;81;0,65;136;74;22;22;22;0,33;0,33;1/3;17;17;21;5;5;5;65;13;6;1;8
3106;VCT 2025: EMEA Stage 1;Playoffs;Lower Final;kamo;Team Liquid;54;58;149;57;0,56;101;5;15;15;19;0,3;0,2;1/5;17;27;47;8;8;10;65;13;6;1;8
3107;VCT 2025: EMEA Stage 1;Playoffs;Lower Final;keiko;Team Liquid;39;56;119;47;0,51;82;38;23;5;1;0,36;0,33;2/6;9;15;32;9;2;4;58;13;6;1;8
3108;VCT 2025: EMEA Stage 1;Playoffs;Lower Final;keiko;Team Liquid;54;62;151;55;0,54;97;48;17;9;9;0,45;0,29;2/7;11;26;47;9;5;5;58;13;6;1;8
3109;VCT 2025: EMEA Stage 1;Playoffs;Lower Final;paTiTek;Team Liquid;39;88;180;8;0,67;114;62;18;3;8;0,36;0,2;1/5;13;24;30;7;1;3;59;13;6;1;8
3110;VCT 2025: EMEA Stage 1;Playoffs;Lower Final;paTiTek;Team Liquid;54;82;185;76;0,63;115;63;17;7;9;0,36;0,11;1/9;13;34;45;9;4;5;59;13;6;1;8
3111;VCT 2025: EMEA Stage 1;Group Stage;Week 1;MrFaliN;FUT Esports;17;157;291;20;0,94;166;106;41;41;0;0,3;0,5;1/2;18;18;9;7;7;0;99;23;6;2;27
3112;VCT 2025: EMEA Stage 1;Group Stage;Week 1;MrFaliN;FUT Esports;43;148;261;17;0,88;147;91;58;21;0;0,28;0,25;1/4;21;39;23;25;9;0;99;23;6;2;27
3113;VCT 2025: EMEA Stage 1;Group Stage;Week 1;xeus;FUT Esports;17;208;361;343;0,88;238;141;35;18;6;0,46;1;1/1;24;24;7;6;3;1;206;23;6;2;27
3114;VCT 2025: EMEA Stage 1;Group Stage;Week 1;xeus;FUT Esports;43;17;350;228;0,79;214;133;21;3;19;0,43;1;1/1;33;57;25;9;13;8;206;23;6;2;27
3115;VCT 2025: EMEA Stage 1;Group Stage;Week 1;PROFEK;BBL Esports;45;114;214;113;0,8;138;76;53;2;4;0,24;0,17;1/6;19;34;30;24;1;2;76;17;6;2;27
3116;VCT 2025: EMEA Stage 1;Group Stage;Week 1;PROFEK;BBL Esports;61;86;171;8;0,69;119;61;44;3;8;0,2;0,14;1/7;19;37;46;27;2;5;76;17;6;2;27
3117;VCT 2025: EMEA Stage 1;Group Stage;Week 1;sociablEE;BBL Esports;24;86;164;10;0,75;99;67;8;8;0;0,35;0,33;1/3;16;16;16;2;2;0;77;17;6;2;27
3118;VCT 2025: EMEA Stage 1;Group Stage;Week 1;sociablEE;BBL Esports;21;152;255;175;0,81;176;10;14;14;5;0,29;0,5;2/4;21;21;12;3;3;1;77;17;6;2;27
3119;VCT 2025: EMEA Stage 1;Group Stage;Week 1;sociablEE;BBL Esports;61;98;182;10;0,72;125;69;13;8;3;0,3;0,3;3/10;21;42;42;8;5;2;77;17;6;2;27
3120;VCT 2025: EMEA Stage 1;Group Stage;Week 1;Chronicle;FNATIC;24;95;172;81;0,67;115;54;46;8;8;0,25;0,25;1/4;13;13;16;11;2;2;26;6;6;2;27
3121;VCT 2025: EMEA Stage 1;Group Stage;Week 1;Chronicle;FNATIC;42;113;186;121;0,69;119;69;33;12;7;0,23;0,25;1/4;16;29;24;14;5;3;26;6;6;2;27
3122;VCT 2025: EMEA Stage 1;Group Stage;Week 1;crashies;FNATIC;18;197;297;40;0,89;210;111;61;11;0;0,42;0,5;1/2;20;20;5;11;2;0;17;6;6;2;27
3123;VCT 2025: EMEA Stage 1;Group Stage;Week 1;crashies;FNATIC;42;166;298;209;0,88;201;11;33;1;2;0,39;0,25;1/4;26;46;22;14;4;1;17;6;6;2;27
3124;VCT 2025: EMEA Stage 1;Group Stage;Week 1;Shao;Natus Vincere;18;108;202;86;0,61;146;67;44;0;0;0,41;0,25;1/4;12;12;14;8;0;0;78;18;6;2;27
3125;VCT 2025: EMEA Stage 1;Group Stage;Week 1;Shao;Natus Vincere;42;115;198;108;0,74;137;67;43;0;2;0,48;0,09;1/11;16;28;26;18;0;1;78;18;6;2;27
3126;VCT 2025: EMEA Stage 1;Group Stage;Week 1;ANGE1;Natus Vincere;42;5;112;5;0,64;83;4;26;2;12;0,35;0,2;1/5;13;17;34;11;1;5;79;18;6;2;27
3127;VCT 2025: EMEA Stage 1;Group Stage;Week 1;Avez;Karmine Corp;24;68;111;67;0,63;76;42;25;0;21;0,42;0,33;1/3;10;10;15;6;0;5;84;19;6;2;27
3128;VCT 2025: EMEA Stage 1;Group Stage;Week 1;Avez;Karmine Corp;61;103;200;105;0,69;125;67;26;2;11;0,29;0,14;1/7;17;41;39;16;1;7;84;19;6;2;27
3129;VCT 2025: EMEA Stage 1;Group Stage;Week 1;marteen;Karmine Corp;21;107;231;106;0,57;159;86;1;1;5;0,25;0,5;1/2;18;18;17;2;2;1;82;19;6;2;27
3130;VCT 2025: EMEA Stage 1;Group Stage;Week 1;marteen;Karmine Corp;61;115;225;12;0,64;149;8;15;18;13;0,27;0,33;1/3;18;49;41;9;11;8;82;19;6;2;27
3131;VCT 2025: EMEA Stage 1;Group Stage;Week 1;nAts;Team Liquid;38;112;195;117;0,68;131;74;18;8;13;0,25;0,2;1/5;16;28;24;7;3;5;64;13;6;2;27
3132;VCT 2025: EMEA Stage 1;Group Stage;Week 1;nAts;Team Liquid;64;104;196;107;0,66;131;72;16;13;14;0,27;0,14;1/7;18;46;43;10;8;9;64;13;6;2;27
3133;VCT 2025: EMEA Stage 1;Group Stage;Week 1;kamo;Team Liquid;26;99;194;106;0,69;123;69;15;12;15;0,37;0,25;1/4;18;18;17;4;3;4;65;13;6;2;27
3134;VCT 2025: EMEA Stage 1;Group Stage;Week 1;kamo;Team Liquid;19;8;169;73;0,58;100;58;21;11;11;0,15;0,2;1/5;11;11;15;4;2;2;65;13;6;2;27
3135;VCT 2025: EMEA Stage 1;Group Stage;Week 1;kamo;Team Liquid;19;99;169;109;0,79;124;63;11;11;5;0,24;0,5;1/2;12;12;11;2;2;1;65;13;6;2;27
3136;VCT 2025: EMEA Stage 1;Group Stage;Week 1;kamo;Team Liquid;64;93;177;95;0,69;117;64;16;11;11;0,25;0,27;3/11;18;41;43;10;7;7;65;13;6;2;27
3137;VCT 2025: EMEA Stage 1;Group Stage;Week 1;grubinho;KOI;26;87;176;71;0,5;118;58;31;12;23;0,43;0,25;1/4;15;15;21;8;3;6;40;22;6;2;27
3138;VCT 2025: EMEA Stage 1;Group Stage;Week 1;grubinho;KOI;43;77;153;69;0,56;100;56;28;9;26;0,42;0,2;1/5;15;24;35;12;4;11;40;22;6;2;27
3139;VCT 2025: EMEA Stage 1;Group Stage;Week 1;sheydos;KOI;26;116;221;111;0,62;147;81;8;8;4;0,23;0,25;2/8;21;21;19;2;2;1;207;22;6;2;27
3140;VCT 2025: EMEA Stage 1;Group Stage;Week 1;sheydos;KOI;43;93;189;88;0,6;132;7;7;5;9;0,23;0,18;2/11;21;30;34;3;2;4;207;22;6;2;27
3141;VCT 2025: EMEA Stage 1;Group Stage;Week 1;Filu;KOI;43;97;184;94;0,53;106;7;21;12;21;0,27;0,2;1/5;18;30;32;9;5;9;111;22;6;2;27
3142;VCT 2025: EMEA Stage 1;Group Stage;Week 1;runneR;GIANTX;22;116;210;114;0,77;136;73;41;5;0;0,26;0,2;1/5;16;16;14;9;1;0;208;2;6;2;27
3143;VCT 2025: EMEA Stage 1;Group Stage;Week 1;runneR;GIANTX;37;87;176;76;0,7;124;59;41;3;14;0,27;0,14;1/7;16;22;29;15;1;5;208;2;6;2;27
3144;VCT 2025: EMEA Stage 1;Group Stage;Week 1;Cloud;GIANTX;15;61;147;5;0,4;97;47;2;0;13;0,17;0,2;1/5;7;7;14;3;0;2;7;2;6;2;27
3145;VCT 2025: EMEA Stage 1;Group Stage;Week 1;Cloud;GIANTX;37;10;181;89;0,62;136;65;22;5;11;0,25;0,17;1/6;17;24;27;8;2;4;7;2;6;2;27
3146;VCT 2025: EMEA Stage 1;Group Stage;Week 1;Kicks;Team Vitality;37;101;160;105;0,78;100;57;35;5;3;0,19;0,5;1/2;11;21;20;13;2;1;85;20;6;2;27
3147;VCT 2025: EMEA Stage 1;Group Stage;Week 1;CyvOph;Team Vitality;37;156;304;205;0,84;179;111;49;8;11;0,41;0,2;1/5;23;41;20;18;3;4;209;20;6;2;27
3148;VCT 2025: EMEA Stage 1;Group Stage;Week 1;Sayf;Team Vitality;37;122;192;142;0,89;143;73;24;8;3;0,26;0,5;1/2;21;27;19;9;3;1;86;20;6;2;27
3149;VCT 2025: EMEA Stage 1;Group Stage;Week 1;Derke;Team Vitality;37;103;234;104;0,7;147;76;27;35;14;0,33;0,5;1/2;16;28;27;10;13;5;109;20;6;2;27
3150;VCT 2025: EMEA Stage 1;Group Stage;Week 1;MOLSI;Apeks;40;96;187;78;0,65;116;63;53;3;5;0,36;0,08;1/12;13;25;32;21;1;2;101;24;6;2;27
3151;VCT 2025: EMEA Stage 1;Group Stage;Week 1;MOLSI;Apeks;58;102;198;89;0,71;121;69;48;3;7;0,32;0,08;1/13;15;40;45;28;2;4;101;24;6;2;27
3152;VCT 2025: EMEA Stage 1;Group Stage;Week 1;AvovA;Apeks;39;152;254;159;0,87;162;9;64;8;0;0,34;0,57;4/7;19;35;22;25;3;0;102;24;6;2;27
3153;VCT 2025: EMEA Stage 1;Group Stage;Week 1;AvovA;Apeks;19;79;157;6;0,53;104;47;21;11;0;0,41;0,5;1/2;9;9;15;4;2;0;102;24;6;2;27
3154;VCT 2025: EMEA Stage 1;Group Stage;Week 1;AvovA;Apeks;58;128;222;119;0,76;143;76;5;9;0;0,35;0,56;5/9;19;44;37;29;5;0;102;24;6;2;27
3155;VCT 2025: EMEA Stage 1;Group Stage;Week 1;Governor;Apeks;18;109;223;117;0,67;148;78;28;22;17;0,33;1;1/1;14;14;12;5;4;3;210;24;6;2;27
3156;VCT 2025: EMEA Stage 1;Group Stage;Week 1;Governor;Apeks;58;66;152;7;0,55;100;53;17;12;16;0,32;0,25;1/4;14;31;44;10;7;9;210;24;6;2;27
3157;VCT 2025: EMEA Stage 1;Group Stage;Week 1;kamyk;Gentle Mates;19;122;235;145;0,79;144;84;53;5;16;0,18;1;1/1;16;16;11;10;1;3;107;21;6;2;27
3158;VCT 2025: EMEA Stage 1;Group Stage;Week 1;kamyk;Gentle Mates;64;102;206;104;0,75;133;75;42;3;13;0,26;0,13;1/8;23;48;46;27;2;8;107;21;6;2;27
3159;VCT 2025: EMEA Stage 1;Group Stage;Week 1;Minny;Gentle Mates;26;154;263;179;0,81;186;96;19;15;8;0,39;0,25;1/4;25;25;14;5;4;2;89;21;6;2;27
3160;VCT 2025: EMEA Stage 1;Group Stage;Week 1;Minny;Gentle Mates;19;153;238;145;0,63;144;84;11;5;5;0,48;0,2;1/5;16;16;11;2;1;1;89;21;6;2;27
3161;VCT 2025: EMEA Stage 1;Group Stage;Week 1;Minny;Gentle Mates;64;145;237;16;0,73;161;88;13;11;5;0,38;0,17;2/12;25;56;35;8;7;3;89;21;6;2;27
3162;VCT 2025: EMEA Stage 1;Group Stage;Week 1;Kada;Gentle Mates;45;88;162;81;0,84;100;56;53;7;2;0,3;0,14;1/7;15;25;31;24;3;1;211;21;6;2;27
3163;VCT 2025: EMEA Stage 1;Group Stage;Week 1;Kada;Gentle Mates;64;97;170;95;0,83;108;59;55;8;3;0,26;0,13;1/8;15;38;40;35;5;2;211;21;6;2;27
3164;VCT 2025: EMEA Stage 1;Group Stage;Week 1;Boo;Team Heretics;39;85;150;77;0,77;91;51;44;5;5;0,38;0,11;1/9;11;20;26;17;2;2;1;1;6;2;27
3165;VCT 2025: EMEA Stage 1;Group Stage;Week 1;Boo;Team Heretics;58;99;165;94;0,79;103;57;45;5;3;0,29;0,09;1/11;13;33;35;26;3;2;1;1;6;2;27
3166;VCT 2025: EMEA Stage 1;Group Stage;Week 2;Boaster;FNATIC;42;112;165;114;0,74;100;6;52;7;1;0,26;1;1/1;17;25;22;22;3;4;32;6;6;2;28
3167;VCT 2025: EMEA Stage 1;Group Stage;Week 2;Boaster;FNATIC;76;126;189;135;0,84;126;71;51;9;5;0,2;0,17;1/6;29;54;40;39;7;4;32;6;6;2;28
3168;VCT 2025: EMEA Stage 1;Group Stage;Week 2;crashies;FNATIC;53;88;166;91;0,72;111;6;23;4;6;0,32;0,38;3/8;20;32;35;12;2;3;17;6;6;2;28
3169;VCT 2025: EMEA Stage 1;Group Stage;Week 2;crashies;FNATIC;23;83;154;87;0,61;99;57;9;4;0;0,38;0,25;1/4;13;13;15;2;1;0;17;6;6;2;28
3170;VCT 2025: EMEA Stage 1;Group Stage;Week 2;crashies;FNATIC;76;86;162;9;0,68;108;59;18;4;4;0,33;0,33;4/12;20;45;50;14;3;3;17;6;6;2;28
3171;VCT 2025: EMEA Stage 1;Group Stage;Week 2;Alfajer;FNATIC;34;87;176;83;0,62;118;56;15;12;12;0,23;0,25;1/4;19;19;23;5;4;4;18;6;6;2;28
3172;VCT 2025: EMEA Stage 1;Group Stage;Week 2;Alfajer;FNATIC;76;79;175;87;0,61;120;61;12;9;9;0,34;0,2;1/5;19;46;53;9;7;7;18;6;6;2;28
3173;VCT 2025: EMEA Stage 1;Group Stage;Week 2;koalanoob;Natus Vincere;23;74;121;69;0,57;95;48;17;4;17;0,3;0,17;1/6;11;11;16;4;1;4;204;18;6;2;28
3174;VCT 2025: EMEA Stage 1;Group Stage;Week 2;koalanoob;Natus Vincere;66;95;188;10;0,71;138;71;14;2;15;0,26;0,14;1/7;22;47;47;9;13;10;204;18;6;2;28
3175;VCT 2025: EMEA Stage 1;Group Stage;Week 2;ANGE1;Natus Vincere;42;9;140;85;0,69;98;52;21;12;1;0,4;0,5;2/4;14;22;26;9;5;4;79;18;6;2;28
3176;VCT 2025: EMEA Stage 1;Group Stage;Week 2;ANGE1;Natus Vincere;66;83;137;76;0,71;98;47;27;9;8;0,39;0,5;2/4;14;31;41;18;6;5;79;18;6;2;28
3177;VCT 2025: EMEA Stage 1;Group Stage;Week 2;Ruxic;Natus Vincere;66;107;214;107;0,83;138;71;39;9;11;0,33;0,1;1/10;24;47;44;26;6;7;80;18;6;2;28
3178;VCT 2025: EMEA Stage 1;Group Stage;Week 2;MAGNUM;BBL Esports;37;14;251;121;0,86;157;78;49;16;5;0,22;0,17;1/6;18;29;24;18;6;2;74;17;6;2;28
3179;VCT 2025: EMEA Stage 1;Group Stage;Week 2;MAGNUM;BBL Esports;54;118;225;10;0,78;141;72;44;13;11;0,18;0,13;1/8;18;39;39;24;7;6;74;17;6;2;28
3180;VCT 2025: EMEA Stage 1;Group Stage;Week 2;Serial;Team Liquid;17;126;207;188;0,76;140;88;24;18;6;0,42;1;1/1;15;15;8;4;3;1;203;13;6;2;28
3181;VCT 2025: EMEA Stage 1;Group Stage;Week 2;Serial;Team Liquid;20;122;196;127;0,7;131;7;4;1;1;0,32;0,25;1/4;14;14;11;8;2;2;203;13;6;2;28
3182;VCT 2025: EMEA Stage 1;Group Stage;Week 2;Serial;Team Liquid;54;93;166;103;0,63;111;63;24;11;11;0,36;0,33;2/6;15;34;33;13;6;6;203;13;6;2;28
3183;VCT 2025: EMEA Stage 1;Group Stage;Week 2;paTiTek;Team Liquid;20;159;305;209;0,75;195;115;3;1;0;0,3;0,5;1/2;23;23;11;6;2;0;59;13;6;2;28
3184;VCT 2025: EMEA Stage 1;Group Stage;Week 2;paTiTek;Team Liquid;54;104;197;103;0,67;137;69;28;4;2;0,26;0,13;1/8;23;37;36;15;2;1;59;13;6;2;28
3185;VCT 2025: EMEA Stage 1;Group Stage;Week 2;keiko;Team Liquid;20;111;209;114;0,8;152;8;25;5;5;0,5;0,25;1/4;16;16;14;5;1;1;58;13;6;2;28
3186;VCT 2025: EMEA Stage 1;Group Stage;Week 2;keiko;Team Liquid;54;116;229;119;0,7;155;81;22;7;9;0,51;0,14;1/7;16;44;37;12;4;5;58;13;6;2;28
3187;VCT 2025: EMEA Stage 1;Group Stage;Week 2;nAts;Team Liquid;34;114;211;129;0,65;135;79;9;9;18;0,37;0,17;1/6;18;27;21;3;3;6;64;13;6;2;28
3188;VCT 2025: EMEA Stage 1;Group Stage;Week 2;nAts;Team Liquid;54;119;233;138;0,7;149;87;15;11;11;0,33;0,17;1/6;20;47;34;8;6;6;64;13;6;2;28
3189;VCT 2025: EMEA Stage 1;Group Stage;Week 2;RieNs;Team Heretics;21;169;276;175;0,9;178;10;11;5;0;0,41;0,25;1/4;21;21;12;23;1;0;2;1;6;2;28
3190;VCT 2025: EMEA Stage 1;Group Stage;Week 2;RieNs;Team Heretics;61;134;235;146;0,9;155;84;69;1;7;0,33;0,25;1/4;21;51;35;42;6;4;2;1;6;2;28
3191;VCT 2025: EMEA Stage 1;Group Stage;Week 2;Wo0t;Team Heretics;40;138;288;13;0,7;181;98;25;23;3;0,33;0,5;2/4;20;39;30;10;9;1;3;1;6;2;28
3192;VCT 2025: EMEA Stage 1;Group Stage;Week 2;Wo0t;Team Heretics;61;135;272;133;0,74;176;93;33;16;2;0,32;0,5;2/4;20;57;43;20;10;1;3;1;6;2;28
3193;VCT 2025: EMEA Stage 1;Group Stage;Week 2;Boo;Team Heretics;61;111;171;126;0,77;114;7;28;5;7;0,36;0,25;3/12;23;43;34;17;3;4;1;1;6;2;28
3194;VCT 2025: EMEA Stage 1;Group Stage;Week 2;kamyk;Gentle Mates;34;126;268;131;0,71;166;10;24;6;9;0,31;0,5;3/6;34;34;26;8;2;3;107;21;6;2;28
3195;VCT 2025: EMEA Stage 1;Group Stage;Week 2;kamyk;Gentle Mates;74;12;242;12;0,7;159;89;35;7;8;0,3;0,25;3/12;34;66;55;26;5;6;107;21;6;2;28
3196;VCT 2025: EMEA Stage 1;Group Stage;Week 2;Kada;Gentle Mates;34;106;218;10;0,82;133;74;44;21;6;0,22;0,14;1/7;25;25;25;15;7;2;211;21;6;2;28
3197;VCT 2025: EMEA Stage 1;Group Stage;Week 2;Kada;Gentle Mates;40;88;172;86;0,78;135;63;23;1;8;0,38;0,13;1/8;17;25;29;9;4;3;211;21;6;2;28
3198;VCT 2025: EMEA Stage 1;Group Stage;Week 2;Kada;Gentle Mates;74;97;187;93;0,8;134;68;32;15;7;0,3;0,13;2/15;25;50;54;24;11;5;211;21;6;2;28
3199;VCT 2025: EMEA Stage 1;Group Stage;Week 2;Minny;Gentle Mates;34;89;197;10;0,65;137;74;21;9;18;0,29;0,25;1/4;25;25;25;7;3;6;89;21;6;2;28
3200;VCT 2025: EMEA Stage 1;Group Stage;Week 2;Minny;Gentle Mates;74;92;188;96;0,65;129;69;15;7;11;0,34;0,11;1/9;25;51;53;11;5;8;89;21;6;2;28
3201;VCT 2025: EMEA Stage 1;Group Stage;Week 2;Zyppan;Gentle Mates;57;98;162;89;0,74;123;58;3;7;7;0,26;0,2;1/5;22;33;37;17;4;4;212;21;6;2;28
3202;VCT 2025: EMEA Stage 1;Group Stage;Week 2;Zyppan;Gentle Mates;74;87;140;73;0,7;111;5;3;7;7;0,24;0,14;1/7;22;37;51;22;5;5;212;21;6;2;28
3203;VCT 2025: EMEA Stage 1;Group Stage;Week 2;AtaKaptan;FUT Esports;34;121;220;96;0,88;144;68;82;12;12;0,31;0,5;3/6;23;23;24;28;4;4;205;23;6;2;28
3204;VCT 2025: EMEA Stage 1;Group Stage;Week 2;AtaKaptan;FUT Esports;17;145;235;188;0,82;144;88;59;12;0;0,52;1;1/1;15;15;8;10;2;0;205;23;6;2;28
3205;VCT 2025: EMEA Stage 1;Group Stage;Week 2;AtaKaptan;FUT Esports;74;11;202;102;0,8;128;69;59;12;7;0,33;0,4;4/10;23;51;50;44;9;5;205;23;6;2;28
3206;VCT 2025: EMEA Stage 1;Group Stage;Week 2;qRaxs;FUT Esports;17;184;315;314;0,94;193;129;41;0;0;0,25;0,5;1/2;22;22;7;7;0;0;98;23;6;2;28
3207;VCT 2025: EMEA Stage 1;Group Stage;Week 2;qRaxs;FUT Esports;57;95;168;85;0,84;105;58;54;5;5;0,21;0,3;3/10;20;33;39;31;3;3;98;23;6;2;28
3208;VCT 2025: EMEA Stage 1;Group Stage;Week 2;qRaxs;FUT Esports;74;115;217;12;0,86;125;74;51;4;4;0,23;0,33;4/12;22;55;46;38;3;3;98;23;6;2;28
3209;VCT 2025: EMEA Stage 1;Group Stage;Week 2;runneR;GIANTX;24;112;195;88;0,75;129;63;54;4;8;0,24;0,4;2/5;15;15;17;13;1;2;208;2;6;2;28
3210;VCT 2025: EMEA Stage 1;Group Stage;Week 2;runneR;GIANTX;16;87;202;71;0,75;133;63;25;0;0;0,21;0,25;1/4;10;10;14;4;0;0;208;2;6;2;28
3211;VCT 2025: EMEA Stage 1;Group Stage;Week 2;runneR;GIANTX;61;91;182;7;0,72;120;54;43;2;3;0,21;0,25;3/12;15;33;47;26;1;2;208;2;6;2;28
3212;VCT 2025: EMEA Stage 1;Group Stage;Week 2;westside;GIANTX;40;78;158;75;0,48;109;6;28;8;13;0,35;0,14;1/7;17;24;32;11;3;5;6;2;6;2;28
3213;VCT 2025: EMEA Stage 1;Group Stage;Week 2;westside;GIANTX;61;7;148;71;0,54;98;56;26;7;15;0,34;0,1;1/10;17;34;48;16;4;9;6;2;6;2;28
3214;VCT 2025: EMEA Stage 1;Group Stage;Week 2;tomaszy;GIANTX;21;98;207;10;0,57;148;76;14;1;19;0,36;1;1/1;16;16;16;3;2;4;213;2;6;2;28
3215;VCT 2025: EMEA Stage 1;Group Stage;Week 2;tomaszy;GIANTX;61;82;178;79;0,59;122;62;2;7;16;0,39;0,2;1/5;16;38;48;12;4;10;213;2;6;2;28
3216;VCT 2025: EMEA Stage 1;Group Stage;Week 2;Kicks;Team Vitality;53;102;180;10;0,75;120;7;25;4;8;0,28;0,14;1/7;26;37;37;13;2;4;85;20;6;2;28
3217;VCT 2025: EMEA Stage 1;Group Stage;Week 2;Kicks;Team Vitality;76;95;160;92;0,72;108;62;24;3;5;0,21;0,1;1/10;26;47;51;18;2;4;85;20;6;2;28
3218;VCT 2025: EMEA Stage 1;Group Stage;Week 2;Less;Team Vitality;57;105;193;114;0,67;129;72;14;4;11;0,36;0,09;1/11;26;41;36;8;2;6;104;20;6;2;28
3219;VCT 2025: EMEA Stage 1;Group Stage;Week 2;Less;Team Vitality;76;10;184;11;0,64;124;7;14;5;13;0,35;0,07;1/14;26;53;48;11;4;10;104;20;6;2;28
3220;VCT 2025: EMEA Stage 1;Group Stage;Week 2;Derke;Team Vitality;76;78;165;75;0,61;109;55;24;16;25;0,24;0,33;2/6;20;42;56;18;12;19;109;20;6;2;28
3221;VCT 2025: EMEA Stage 1;Group Stage;Week 2;florescent;Apeks;24;145;288;173;0,71;174;108;21;25;25;0,33;0,25;1/4;26;26;15;5;6;6;214;24;6;2;28
3222;VCT 2025: EMEA Stage 1;Group Stage;Week 2;florescent;Apeks;66;143;282;159;0,74;174;106;23;18;15;0,36;0,14;1/7;26;70;44;15;12;10;214;24;6;2;28
3223;VCT 2025: EMEA Stage 1;Group Stage;Week 2;Governor;Apeks;24;79;138;65;0,63;90;46;25;4;17;0,39;0,33;1/3;11;11;17;6;1;4;210;24;6;2;28
3224;VCT 2025: EMEA Stage 1;Group Stage;Week 2;Governor;Apeks;66;73;148;71;0,61;100;52;2;5;15;0,26;0,17;1/6;17;34;48;13;3;10;210;24;6;2;28
3225;VCT 2025: EMEA Stage 1;Group Stage;Week 2;flyuh;KOI;26;134;266;131;0,77;190;81;42;12;4;0,28;0,5;1/2;21;21;16;11;3;1;94;22;6;2;28
3226;VCT 2025: EMEA Stage 1;Group Stage;Week 2;flyuh;KOI;41;97;185;86;0,66;148;61;29;1;1;0,31;0,25;1/4;21;25;29;12;4;4;94;22;6;2;28
3227;VCT 2025: EMEA Stage 1;Group Stage;Week 2;soulcas;KOI;26;87;146;94;0,69;100;58;15;4;4;0,22;0,5;1/2;15;15;16;4;1;1;215;22;6;2;28
3228;VCT 2025: EMEA Stage 1;Group Stage;Week 2;soulcas;KOI;41;83;146;79;0,66;103;54;17;2;5;0,24;0,2;1/5;15;22;28;7;1;2;215;22;6;2;28
3229;VCT 2025: EMEA Stage 1;Group Stage;Week 2;Avez;Karmine Corp;26;134;255;156;0,81;151;96;12;12;8;0,28;0,25;1/4;25;25;16;3;3;2;84;19;6;2;28
3230;VCT 2025: EMEA Stage 1;Group Stage;Week 2;Avez;Karmine Corp;41;14;248;177;0,85;153;95;15;12;5;0,32;0,25;1/4;25;39;22;6;5;2;84;19;6;2;28
3231;VCT 2025: EMEA Stage 1;Group Stage;Week 2;saadhak;Karmine Corp;26;107;179;88;0,69;116;58;62;8;19;0,46;0,25;1/4;15;15;17;16;2;5;92;19;6;2;28
3232;VCT 2025: EMEA Stage 1;Group Stage;Week 2;saadhak;Karmine Corp;41;102;168;85;0,76;110;54;56;12;2;0,32;0,25;1/4;15;22;26;23;5;8;92;19;6;2;28
3233;VCT 2025: EMEA Stage 1;Group Stage;Week 3;SUYGETSU;Karmine Corp;26;118;188;12;0,85;136;69;46;8;4;0,57;0,17;1/6;18;18;15;12;2;1;81;19;6;2;29
3234;VCT 2025: EMEA Stage 1;Group Stage;Week 3;SUYGETSU;Karmine Corp;41;13;202;15;0,85;138;73;56;12;5;0,58;0,14;1/7;18;30;20;23;5;2;81;19;6;2;29
3235;VCT 2025: EMEA Stage 1;Group Stage;Week 3;marteen;Karmine Corp;41;148;290;183;0,85;190;107;32;17;12;0,46;0,5;2/4;27;44;24;13;7;5;82;19;6;2;29
3236;VCT 2025: EMEA Stage 1;Group Stage;Week 3;Ruxic;Natus Vincere;20;143;235;18;0,9;168;9;35;0;1;0,37;0,5;2/4;18;18;10;7;0;2;80;18;6;2;29
3237;VCT 2025: EMEA Stage 1;Group Stage;Week 3;Ruxic;Natus Vincere;22;139;300;128;0,82;196;105;32;9;14;0,32;0,25;1/4;23;23;18;7;2;3;80;18;6;2;29
3238;VCT 2025: EMEA Stage 1;Group Stage;Week 3;Ruxic;Natus Vincere;55;143;250;159;0,87;168;93;44;7;9;0,31;0,38;3/8;23;51;32;24;4;5;80;18;6;2;29
3239;VCT 2025: EMEA Stage 1;Group Stage;Week 3;Shao;Natus Vincere;22;85;145;81;0,68;84;59;55;0;0;0,36;0,2;1/5;13;13;16;12;0;0;78;18;6;2;29
3240;VCT 2025: EMEA Stage 1;Group Stage;Week 3;Shao;Natus Vincere;20;118;181;127;0,8;131;7;1;1;5;0,37;0,5;2/4;14;14;11;2;2;1;78;18;6;2;29
3241;VCT 2025: EMEA Stage 1;Group Stage;Week 3;Shao;Natus Vincere;55;97;154;97;0,75;101;6;29;9;2;0,38;0,33;3/9;14;33;34;16;5;1;78;18;6;2;29
3242;VCT 2025: EMEA Stage 1;Group Stage;Week 3;hiro;Natus Vincere;22;10;180;93;0,59;122;64;27;5;9;0,42;0,4;2/5;14;14;15;6;1;2;87;18;6;2;29
3243;VCT 2025: EMEA Stage 1;Group Stage;Week 3;hiro;Natus Vincere;20;132;291;153;0,8;170;115;5;15;1;0,37;0,33;1/3;23;23;15;1;3;2;87;18;6;2;29
3244;VCT 2025: EMEA Stage 1;Group Stage;Week 3;hiro;Natus Vincere;55;151;289;184;0,76;173;107;25;9;7;0,34;0,38;3/8;23;59;32;14;5;4;87;18;6;2;29
3245;VCT 2025: EMEA Stage 1;Group Stage;Week 3;Serial;Team Liquid;14;115;148;18;0,86;100;64;43;7;7;0,35;1;1/1;9;9;5;6;1;1;203;13;6;2;29
3246;VCT 2025: EMEA Stage 1;Group Stage;Week 3;Serial;Team Liquid;36;122;165;144;0,83;122;64;53;8;3;0,42;0,25;1/4;14;23;16;19;3;1;203;13;6;2;29
3247;VCT 2025: EMEA Stage 1;Group Stage;Week 3;paTiTek;Team Liquid;22;101;157;85;0,68;97;5;27;14;5;0,17;0,33;1/3;11;11;13;6;3;1;59;13;6;2;29
3248;VCT 2025: EMEA Stage 1;Group Stage;Week 3;paTiTek;Team Liquid;36;103;141;89;0,72;93;44;31;11;3;0,14;0,25;1/4;11;16;18;11;4;1;59;13;6;2;29
3249;VCT 2025: EMEA Stage 1;Group Stage;Week 3;keiko;Team Liquid;14;16;220;26;0,93;145;93;57;7;7;0,36;1;1/1;13;13;5;8;1;1;58;13;6;2;29
3250;VCT 2025: EMEA Stage 1;Group Stage;Week 3;keiko;Team Liquid;36;121;214;141;0,78;140;86;28;11;14;0,39;0,33;1/3;18;31;22;10;4;5;58;13;6;2;29
3251;VCT 2025: EMEA Stage 1;Group Stage;Week 3;purp0;GIANTX;20;96;161;81;0,7;105;65;45;1;1;0,48;0,5;2/4;13;13;16;9;2;2;216;2;6;2;29
3252;VCT 2025: EMEA Stage 1;Group Stage;Week 3;purp0;GIANTX;55;10;178;9;0,78;117;67;45;5;9;0,37;0,29;2/7;17;37;41;25;3;5;216;2;6;2;29
3253;VCT 2025: EMEA Stage 1;Group Stage;Week 3;runneR;GIANTX;35;8;150;66;0,57;118;54;43;3;17;0,19;0,2;1/5;17;19;29;15;1;6;208;2;6;2;29
3254;VCT 2025: EMEA Stage 1;Group Stage;Week 3;runneR;GIANTX;20;81;192;69;0,65;132;55;25;1;5;0,24;0,5;1/2;11;11;16;5;2;1;208;2;6;2;29
3255;VCT 2025: EMEA Stage 1;Group Stage;Week 3;runneR;GIANTX;55;8;164;67;0,6;123;55;36;5;13;0,21;0,29;2/7;17;30;45;20;3;7;208;2;6;2;29
3256;VCT 2025: EMEA Stage 1;Group Stage;Week 3;Filu;KOI;22;98;256;85;0,55;162;77;14;14;9;0,33;0,33;1/3;17;17;20;3;3;2;111;22;6;2;29
3257;VCT 2025: EMEA Stage 1;Group Stage;Week 3;Filu;KOI;41;103;266;89;0,66;164;8;27;27;1;0,38;0,25;1/4;17;33;37;11;11;4;111;22;6;2;29
3258;VCT 2025: EMEA Stage 1;Group Stage;Week 3;sheydos;KOI;22;67;151;59;0,55;115;45;9;5;23;0,28;0,25;1/4;10;10;17;2;1;5;207;22;6;2;29
3259;VCT 2025: EMEA Stage 1;Group Stage;Week 3;sheydos;KOI;41;92;198;93;0,59;132;68;5;7;17;0,38;0,17;1/6;18;28;30;2;3;7;207;22;6;2;29
3260;VCT 2025: EMEA Stage 1;Group Stage;Week 3;soulcas;KOI;41;101;184;87;0,66;125;66;24;2;0;0,32;0,29;2/7;14;27;31;10;1;0;215;22;6;2;29
3261;VCT 2025: EMEA Stage 1;Group Stage;Week 3;sociablEE;BBL Esports;19;82;180;93;0,74;131;68;11;11;16;0,29;1;1/1;13;13;14;2;2;3;77;17;6;2;29
3262;VCT 2025: EMEA Stage 1;Group Stage;Week 3;sociablEE;BBL Esports;41;113;206;14;0,76;137;85;7;12;1;0,26;0,5;1/2;22;35;25;3;5;4;77;17;6;2;29
3263;VCT 2025: EMEA Stage 1;Group Stage;Week 3;LewN;BBL Esports;19;148;291;167;0,79;197;105;32;5;16;0,41;0,33;1/3;20;20;12;6;1;3;75;17;6;2;29
3264;VCT 2025: EMEA Stage 1;Group Stage;Week 3;LewN;BBL Esports;41;149;312;177;0,8;205;112;27;15;1;0,35;0,25;1/4;26;46;26;11;6;4;75;17;6;2;29
3265;VCT 2025: EMEA Stage 1;Group Stage;Week 3;Jamppi;BBL Esports;19;116;215;145;0,68;131;84;5;0;11;0,24;0,67;2/3;16;16;11;1;0;2;73;17;6;2;29
3266;VCT 2025: EMEA Stage 1;Group Stage;Week 3;Jamppi;BBL Esports;41;103;185;127;0,66;113;68;24;5;7;0,25;0,29;2/7;16;28;22;10;2;3;73;17;6;2;29
3267;VCT 2025: EMEA Stage 1;Group Stage;Week 3;AvovA;Apeks;18;77;162;64;0,67;107;5;5;11;17;0,44;0,33;1/3;9;9;14;9;2;3;102;24;6;2;29
3268;VCT 2025: EMEA Stage 1;Group Stage;Week 3;AvovA;Apeks;48;77;160;69;0,69;104;52;4;4;6;0,35;0,13;1/8;16;25;36;19;2;3;102;24;6;2;29
3269;VCT 2025: EMEA Stage 1;Group Stage;Week 3;MOLSI;Apeks;30;95;184;10;0,63;124;6;23;7;3;0,24;0,25;1/4;18;18;18;7;2;1;101;24;6;2;29
3270;VCT 2025: EMEA Stage 1;Group Stage;Week 3;MOLSI;Apeks;48;82;153;81;0,58;110;52;23;4;6;0,25;0,2;1/5;18;25;31;11;2;3;101;24;6;2;29
3271;VCT 2025: EMEA Stage 1;Group Stage;Week 3;Governor;Apeks;30;77;131;62;0,7;88;43;27;1;2;0,24;0,33;1/3;13;13;21;8;3;6;210;24;6;2;29
3272;VCT 2025: EMEA Stage 1;Group Stage;Week 3;Governor;Apeks;48;8;151;65;0,65;99;46;23;6;17;0,2;0,17;1/6;13;22;34;11;3;8;210;24;6;2;29
3273;VCT 2025: EMEA Stage 1;Group Stage;Week 3;Boaster;FNATIC;30;69;137;67;0,67;88;47;27;7;1;0,23;0,25;1/4;14;14;21;8;2;3;32;6;6;2;29
3274;VCT 2025: EMEA Stage 1;Group Stage;Week 3;Boaster;FNATIC;18;89;110;10;0,83;67;44;11;6;11;0,22;1;2/2;8;8;8;2;1;2;32;6;6;2;29
3275;VCT 2025: EMEA Stage 1;Group Stage;Week 3;Boaster;FNATIC;48;77;124;76;0,73;80;46;21;6;1;0,23;0,5;3/6;14;22;29;10;3;5;32;6;6;2;29
3276;VCT 2025: EMEA Stage 1;Group Stage;Week 3;crashies;FNATIC;48;98;170;9;0,67;110;56;42;2;8;0,31;0,17;1/6;16;27;30;20;1;4;17;6;6;2;29
3277;VCT 2025: EMEA Stage 1;Group Stage;Week 3;kaajak;FNATIC;30;126;256;142;0,67;172;9;17;23;2;0,44;0,25;1/4;27;27;19;5;7;6;19;6;6;2;29
3278;VCT 2025: EMEA Stage 1;Group Stage;Week 3;kaajak;FNATIC;48;139;294;163;0,73;196;102;15;23;19;0,36;0,25;1/4;27;49;30;7;11;9;19;6;6;2;29
3279;VCT 2025: EMEA Stage 1;Group Stage;Week 3;Minny;Gentle Mates;26;107;187;10;0,77;138;65;19;19;4;0,4;0,2;1/5;17;17;17;5;5;1;89;21;6;2;29
3280;VCT 2025: EMEA Stage 1;Group Stage;Week 3;Minny;Gentle Mates;41;72;118;61;0,63;103;46;12;15;2;0,37;0,14;1/7;17;19;31;5;6;1;89;21;6;2;29
3281;VCT 2025: EMEA Stage 1;Group Stage;Week 3;Click;Gentle Mates;15;132;289;117;0,6;167;93;2;33;27;0,5;0,5;1/2;14;14;12;3;5;4;217;21;6;2;29
3282;VCT 2025: EMEA Stage 1;Group Stage;Week 3;Click;Gentle Mates;41;9;230;88;0,63;135;68;22;17;29;0,3;0,5;1/2;14;28;32;9;7;12;217;21;6;2;29
3283;VCT 2025: EMEA Stage 1;Group Stage;Week 3;Zyppan;Gentle Mates;41;7;136;63;0,63;96;49;27;2;15;0,27;0,13;1/8;14;20;32;11;1;6;212;21;6;2;29
3284;VCT 2025: EMEA Stage 1;Group Stage;Week 3;yetujey;FUT Esports;22;103;193;107;0,64;126;68;27;9;5;0,32;0,17;1/6;15;15;14;6;2;1;97;23;6;2;29
3285;VCT 2025: EMEA Stage 1;Group Stage;Week 3;yetujey;FUT Esports;36;66;110;59;0,5;85;44;22;6;8;0,26;0,11;1/9;15;16;27;8;2;3;97;23;6;2;29
3286;VCT 2025: EMEA Stage 1;Group Stage;Week 3;Wo0t;Team Heretics;23;138;271;157;0,65;174;96;4;22;13;0,53;1;1/1;22;22;14;1;5;3;3;1;6;2;29
3287;VCT 2025: EMEA Stage 1;Group Stage;Week 3;Wo0t;Team Heretics;42;138;280;162;0,76;175;10;14;19;1;0,43;0,33;1/3;22;42;26;6;8;4;3;1;6;2;29
3288;VCT 2025: EMEA Stage 1;Group Stage;Week 3;MiniBoo;Team Heretics;19;177;301;22;0,89;202;116;16;32;5;0,39;0,5;1/2;22;22;10;3;6;1;5;1;6;2;29
3289;VCT 2025: EMEA Stage 1;Group Stage;Week 3;MiniBoo;Team Heretics;42;14;274;162;0,76;179;10;21;17;1;0,35;0,5;1/2;22;42;26;9;7;4;5;1;6;2;29
3290;VCT 2025: EMEA Stage 1;Group Stage;Week 3;Boo;Team Heretics;23;98;145;10;0,7;91;52;35;9;13;0,38;0,25;1/4;12;12;12;8;2;3;1;1;6;2;29
3291;VCT 2025: EMEA Stage 1;Group Stage;Week 3;Boo;Team Heretics;42;93;136;91;0,71;85;48;29;12;7;0,29;0,17;1/6;12;20;22;12;5;3;1;1;6;2;29
3292;VCT 2025: EMEA Stage 1;Group Stage;Week 3;RieNs;Team Heretics;42;86;185;96;0,79;122;64;29;7;5;0,59;0,25;1/4;15;27;28;12;3;2;2;1;6;2;29
3293;VCT 2025: EMEA Stage 1;Group Stage;Week 3;Kicks;Team Vitality;23;105;203;94;0,74;132;65;52;4;0;0,32;0,25;1/4;15;15;16;12;1;0;85;20;6;2;29
3294;VCT 2025: EMEA Stage 1;Group Stage;Week 3;Kicks;Team Vitality;42;74;150;59;0,64;104;45;43;2;1;0,23;0,17;1/6;15;19;32;18;1;4;85;20;6;2;29
3295;VCT 2025: EMEA Stage 1;Group Stage;Week 3;Sayf;Team Vitality;42;104;173;10;0,71;118;67;24;0;2;0,31;0,14;1/7;18;28;28;10;0;1;86;20;6;2;29
3296;VCT 2025: EMEA Stage 1;Group Stage;Week 4;AtaKaptan;FUT Esports;26;131;238;128;0,77;144;88;35;4;8;0,3;0,5;1/2;23;23;18;9;1;2;205;23;6;2;30
3297;VCT 2025: EMEA Stage 1;Group Stage;Week 4;AtaKaptan;FUT Esports;68;109;209;104;0,81;131;74;51;6;1;0,38;0,2;1/5;23;50;48;35;4;7;205;23;6;2;30
3298;VCT 2025: EMEA Stage 1;Group Stage;Week 4;MrFaliN;FUT Esports;18;15;196;15;0,72;130;67;67;6;11;0,32;0,75;3/4;12;12;8;12;1;2;99;23;6;2;30
3299;VCT 2025: EMEA Stage 1;Group Stage;Week 4;MrFaliN;FUT Esports;26;87;236;83;0,62;146;77;35;15;4;0,09;0,33;1/3;20;20;24;9;4;1;99;23;6;2;30
3300;VCT 2025: EMEA Stage 1;Group Stage;Week 4;MrFaliN;FUT Esports;68;112;219;10;0,69;147;69;5;12;6;0,2;0,36;4/11;20;47;47;34;8;4;99;23;6;2;30
3301;VCT 2025: EMEA Stage 1;Group Stage;Week 4;yetujey;FUT Esports;24;83;130;73;0,46;96;46;8;0;8;0,13;0,25;1/4;11;11;15;2;0;2;97;23;6;2;30
3302;VCT 2025: EMEA Stage 1;Group Stage;Week 4;yetujey;FUT Esports;68;89;155;83;0,59;101;51;21;7;12;0,17;0,09;1/11;14;35;42;14;5;8;97;23;6;2;30
3303;VCT 2025: EMEA Stage 1;Group Stage;Week 4;qRaxs;FUT Esports;44;86;154;82;0,68;100;52;25;2;7;0,17;1;1/1;13;23;28;11;1;3;98;23;6;2;30
3304;VCT 2025: EMEA Stage 1;Group Stage;Week 4;qRaxs;FUT Esports;68;93;155;93;0,71;101;56;31;1;6;0,2;0,5;1/2;15;38;41;21;1;4;98;23;6;2;30
3305;VCT 2025: EMEA Stage 1;Group Stage;Week 4;SUYGETSU;Karmine Corp;42;13;251;15;0,86;166;93;33;7;5;0,38;0,11;1/9;26;39;26;14;3;2;81;19;6;2;30
3306;VCT 2025: EMEA Stage 1;Group Stage;Week 4;SUYGETSU;Karmine Corp;68;129;245;151;0,87;152;91;35;9;4;0,36;0,06;1/16;26;62;41;24;6;3;81;19;6;2;30
3307;VCT 2025: EMEA Stage 1;Group Stage;Week 4;Elite;Karmine Corp;44;65;102;45;0,64;78;32;34;2;9;0,36;0,2;1/5;10;14;31;15;1;4;91;19;6;2;30
3308;VCT 2025: EMEA Stage 1;Group Stage;Week 4;Elite;Karmine Corp;68;61;98;45;0,63;72;32;32;3;9;0,31;0,1;1/10;10;22;49;22;2;6;91;19;6;2;30
3309;VCT 2025: EMEA Stage 1;Group Stage;Week 4;saadhak;Karmine Corp;44;101;209;103;0,73;123;7;3;16;2;0,27;0,25;1/4;18;31;30;13;7;9;92;19;6;2;30
3310;VCT 2025: EMEA Stage 1;Group Stage;Week 4;saadhak;Karmine Corp;24;91;166;75;0,71;114;5;29;4;0;0,39;0,5;1/2;12;12;16;7;1;0;92;19;6;2;30
3311;VCT 2025: EMEA Stage 1;Group Stage;Week 4;saadhak;Karmine Corp;68;97;195;93;0,72;120;63;29;12;13;0,3;0,33;2/6;18;43;46;20;8;9;92;19;6;2;30
3312;VCT 2025: EMEA Stage 1;Group Stage;Week 4;marteen;Karmine Corp;44;124;270;135;0,64;179;95;16;25;14;0,3;0,29;2/7;26;42;31;7;11;6;82;19;6;2;30
3313;VCT 2025: EMEA Stage 1;Group Stage;Week 4;marteen;Karmine Corp;68;117;247;128;0,68;161;88;15;22;12;0,28;0,29;2/7;26;60;47;10;15;8;82;19;6;2;30
3314;VCT 2025: EMEA Stage 1;Group Stage;Week 4;Boo;Team Heretics;21;92;142;92;0,67;97;52;48;5;1;0,35;0,33;1/3;11;11;12;10;1;2;1;1;6;2;30
3315;VCT 2025: EMEA Stage 1;Group Stage;Week 4;Boo;Team Heretics;37;102;165;10;0,76;109;54;54;8;11;0,39;0,25;1/4;11;20;20;20;3;4;1;1;6;2;30
3316;VCT 2025: EMEA Stage 1;Group Stage;Week 4;benjyfishy;Team Heretics;37;113;177;137;0,78;122;7;16;5;3;0,47;0,29;2/7;14;26;19;6;2;1;4;1;6;2;30
3317;VCT 2025: EMEA Stage 1;Group Stage;Week 4;MiniBoo;Team Heretics;37;156;308;195;0,86;182;111;41;22;0;0,31;0,5;1/2;21;41;21;15;8;0;5;1;6;2;30
3318;VCT 2025: EMEA Stage 1;Group Stage;Week 4;Ruxic;Natus Vincere;16;62;142;5;0,56;99;44;25;6;13;0,21;0,5;1/2;7;7;14;4;1;2;80;18;6;2;30
3319;VCT 2025: EMEA Stage 1;Group Stage;Week 4;Ruxic;Natus Vincere;37;77;146;62;0,57;99;49;24;5;14;0,31;0,11;1/9;11;18;29;9;2;5;80;18;6;2;30
3320;VCT 2025: EMEA Stage 1;Group Stage;Week 4;ANGE1;Natus Vincere;21;62;133;56;0,57;88;43;19;0;19;0,26;1;1/1;9;9;16;4;0;4;79;18;6;2;30
3321;VCT 2025: EMEA Stage 1;Group Stage;Week 4;ANGE1;Natus Vincere;37;76;160;63;0,57;102;51;14;3;16;0,31;0,13;1/8;10;19;30;5;1;6;79;18;6;2;30
3322;VCT 2025: EMEA Stage 1;Group Stage;Week 4;nAts;Team Liquid;22;117;186;133;0,82;126;73;32;5;0;0,2;0,4;2/5;16;16;12;7;1;0;64;13;6;2;30
3323;VCT 2025: EMEA Stage 1;Group Stage;Week 4;nAts;Team Liquid;40;112;224;131;0,78;145;85;18;1;13;0,27;0,4;2/5;18;34;26;7;4;5;64;13;6;2;30
3324;VCT 2025: EMEA Stage 1;Group Stage;Week 4;keiko;Team Liquid;18;129;260;131;0,83;170;94;17;17;6;0,27;1;1/1;17;17;13;3;3;1;58;13;6;2;30
3325;VCT 2025: EMEA Stage 1;Group Stage;Week 4;keiko;Team Liquid;40;133;254;131;0,8;170;95;28;8;3;0,34;0,2;1/5;21;38;29;11;3;1;58;13;6;2;30
3326;VCT 2025: EMEA Stage 1;Group Stage;Week 4;kamo;Team Liquid;18;148;261;20;0,83;175;10;22;6;11;0,26;0,75;3/4;18;18;9;4;1;2;65;13;6;2;30
3327;VCT 2025: EMEA Stage 1;Group Stage;Week 4;kamo;Team Liquid;40;114;218;154;0,83;142;93;13;15;18;0,3;0,6;3/5;19;37;24;5;6;7;65;13;6;2;30
3328;VCT 2025: EMEA Stage 1;Group Stage;Week 4;Kicks;Team Vitality;23;164;240;182;0,83;142;87;83;4;4;0,18;1;1/1;20;20;11;19;1;1;85;20;6;2;30
3329;VCT 2025: EMEA Stage 1;Group Stage;Week 4;Kicks;Team Vitality;18;198;318;20;0,94;190;122;83;6;11;0,38;0,5;1/2;22;22;11;15;1;2;85;20;6;2;30
3330;VCT 2025: EMEA Stage 1;Group Stage;Week 4;Kicks;Team Vitality;41;179;279;191;0,88;163;102;83;5;7;0,27;0,67;2/3;22;42;22;34;2;3;85;20;6;2;30
3331;VCT 2025: EMEA Stage 1;Group Stage;Week 4;Derke;Team Vitality;18;115;195;14;0,72;129;78;22;33;28;0,19;0,5;1/2;14;14;10;4;6;5;109;20;6;2;30
3332;VCT 2025: EMEA Stage 1;Group Stage;Week 4;Derke;Team Vitality;41;101;212;114;0,73;133;8;15;29;22;0,15;0,33;1/3;19;33;29;6;12;9;109;20;6;2;30
3333;VCT 2025: EMEA Stage 1;Group Stage;Week 4;CyvOph;Team Vitality;41;107;200;119;0,83;122;76;41;5;1;0,26;0,17;1/6;18;31;26;17;2;4;209;20;6;2;30
3334;VCT 2025: EMEA Stage 1;Group Stage;Week 4;Sayf;Team Vitality;41;8;177;76;0,73;118;54;32;5;5;0,17;0,25;1/4;16;22;29;13;2;2;86;20;6;2;30
3335;VCT 2025: EMEA Stage 1;Group Stage;Week 4;AvovA;Apeks;41;76;130;59;0,71;84;41;34;5;7;0,3;0,22;2/9;10;17;29;14;2;3;102;24;6;2;30
3336;VCT 2025: EMEA Stage 1;Group Stage;Week 4;Governor;Apeks;18;6;133;5;0,56;90;44;22;11;6;0,38;1;1/1;8;8;16;4;2;1;210;24;6;2;30
3337;VCT 2025: EMEA Stage 1;Group Stage;Week 4;Governor;Apeks;23;5;125;53;0,7;86;39;22;0;4;0,2;0,5;1/2;9;9;17;5;0;1;210;24;6;2;30
3338;VCT 2025: EMEA Stage 1;Group Stage;Week 4;Governor;Apeks;41;54;129;52;0,63;88;41;22;5;5;0,27;0,67;2/3;9;17;33;9;2;2;210;24;6;2;30
3339;VCT 2025: EMEA Stage 1;Group Stage;Week 4;florescent;Apeks;41;78;196;85;0,73;120;71;24;12;22;0,32;0,25;1/4;16;29;34;10;5;9;214;24;6;2;30
3340;VCT 2025: EMEA Stage 1;Group Stage;Week 4;Jamppi;BBL Esports;41;134;196;163;0,83;124;76;49;2;2;0,19;0,4;2/5;20;31;19;20;1;1;73;17;6;2;30
3341;VCT 2025: EMEA Stage 1;Group Stage;Week 4;MAGNUM;BBL Esports;41;87;182;85;0,71;109;56;32;1;5;0,19;0,33;1/3;12;23;27;13;4;2;74;17;6;2;30
3342;VCT 2025: EMEA Stage 1;Group Stage;Week 4;LewN;BBL Esports;41;115;248;121;0,68;159;85;2;27;24;0,29;1;1/1;24;35;29;8;11;10;75;17;6;2;30
3343;VCT 2025: EMEA Stage 1;Group Stage;Week 4;sociablEE;BBL Esports;15;261;421;65;0,93;282;173;47;13;0;0,38;1;1/1;26;26;4;7;2;0;77;17;6;2;30
3344;VCT 2025: EMEA Stage 1;Group Stage;Week 4;sociablEE;BBL Esports;41;155;295;20;0,83;175;102;32;7;2;0,29;0,17;1/6;26;42;21;13;3;1;77;17;6;2;30
3345;VCT 2025: EMEA Stage 1;Group Stage;Week 4;sheydos;KOI;18;109;219;86;0,72;156;67;44;6;0;0,43;1;1/1;12;12;14;8;1;0;207;22;6;2;30
3346;VCT 2025: EMEA Stage 1;Group Stage;Week 4;sheydos;KOI;22;107;151;86;0,73;114;55;23;0;9;0,25;0,2;1/5;12;12;14;5;0;2;207;22;6;2;30
3347;VCT 2025: EMEA Stage 1;Group Stage;Week 4;sheydos;KOI;40;108;185;86;0,73;133;6;33;3;5;0,33;0,33;2/6;12;24;28;13;1;2;207;22;6;2;30
3348;VCT 2025: EMEA Stage 1;Group Stage;Week 4;soulcas;KOI;18;97;209;10;0,78;138;78;11;17;17;0,39;0,2;1/5;14;14;14;2;3;3;215;22;6;2;30
3349;VCT 2025: EMEA Stage 1;Group Stage;Week 4;soulcas;KOI;40;117;218;118;0,8;144;83;8;1;8;0,43;0,11;1/9;19;33;28;3;4;3;215;22;6;2;30
3350;VCT 2025: EMEA Stage 1;Group Stage;Week 4;Click;Gentle Mates;26;10;205;106;0,73;122;69;8;15;8;0,46;0,33;1/3;18;18;17;2;4;2;217;21;6;2;30
3351;VCT 2025: EMEA Stage 1;Group Stage;Week 4;Click;Gentle Mates;41;86;188;87;0,66;120;66;1;12;7;0,45;0,25;1/4;18;27;31;4;5;3;217;21;6;2;30
3352;VCT 2025: EMEA Stage 1;Group Stage;Week 4;Flickless;GIANTX;41;97;172;93;0,68;117;66;37;7;1;0,29;0,33;1/3;19;27;29;15;3;4;34;2;6;2;30
3353;VCT 2025: EMEA Stage 1;Group Stage;Week 4;Flickless;GIANTX;64;98;182;98;0,67;123;67;3;6;14;0,31;0,2;1/5;19;43;44;19;4;9;34;2;6;2;30
3354;VCT 2025: EMEA Stage 1;Group Stage;Week 4;purp0;GIANTX;64;84;146;77;0,63;101;52;39;5;9;0,41;0,17;1/6;12;33;43;25;3;6;216;2;6;2;30
3355;VCT 2025: EMEA Stage 1;Group Stage;Week 4;Chronicle;FNATIC;23;83;144;71;0,7;102;43;3;9;13;0,24;0,25;1/4;10;10;14;7;2;3;26;6;6;2;30
3356;VCT 2025: EMEA Stage 1;Group Stage;Week 4;Chronicle;FNATIC;64;88;166;79;0,73;112;52;33;9;13;0,21;0,11;1/9;13;33;42;21;6;8;26;6;6;2;30
3357;VCT 2025: EMEA Stage 1;Group Stage;Week 4;Boaster;FNATIC;64;10;180;103;0,66;122;64;39;6;5;0,2;0,5;3/6;17;41;40;25;4;3;32;6;6;2;30
3358;VCT 2025: EMEA Stage 1;Group Stage;Week 4;kaajak;FNATIC;46;121;248;121;0,76;165;87;3;17;13;0,25;0,25;1/4;20;40;33;14;8;6;19;6;6;2;30
3359;VCT 2025: EMEA Stage 1;Group Stage;Week 4;kaajak;FNATIC;64;12;250;124;0,73;160;88;23;17;14;0,24;0,25;1/4;20;56;45;15;11;9;19;6;6;2;30
3360;VCT 2025: EMEA Stage 1;Group Stage;Week 5;RieNs;Team Heretics;23;136;254;153;0,87;154;10;52;0;4;0,36;0,29;2/7;23;23;15;12;0;1;2;1;6;2;31
3361;VCT 2025: EMEA Stage 1;Group Stage;Week 5;RieNs;Team Heretics;41;112;198;115;0,85;132;73;44;2;7;0,35;0,29;2/7;23;30;26;18;1;3;2;1;6;2;31
3362;VCT 2025: EMEA Stage 1;Group Stage;Week 5;Boo;Team Heretics;41;119;184;123;0,78;116;66;37;15;5;0,35;0,25;1/4;19;27;22;15;6;2;1;1;6;2;31
3363;VCT 2025: EMEA Stage 1;Group Stage;Week 5;Minny;Gentle Mates;24;138;248;157;0,83;167;92;8;8;0;0,31;0,14;1/7;22;22;14;2;2;0;89;21;6;2;31
3364;VCT 2025: EMEA Stage 1;Group Stage;Week 5;Minny;Gentle Mates;65;108;203;104;0,72;136;74;18;6;5;0,3;0,07;1/14;22;48;46;12;4;3;89;21;6;2;31
3365;VCT 2025: EMEA Stage 1;Group Stage;Week 5;Click;Gentle Mates;41;92;224;97;0,66;144;8;17;15;22;0,29;0,33;1/3;22;33;34;7;6;9;217;21;6;2;31
3366;VCT 2025: EMEA Stage 1;Group Stage;Week 5;Click;Gentle Mates;65;75;190;83;0,62;120;66;12;15;23;0,3;0,25;1/4;22;43;52;8;10;15;217;21;6;2;31
3367;VCT 2025: EMEA Stage 1;Group Stage;Week 5;westside;GIANTX;22;79;165;93;0,64;112;64;14;5;9;0,42;0,5;1/2;14;14;15;3;1;2;6;2;6;2;31
3368;VCT 2025: EMEA Stage 1;Group Stage;Week 5;westside;GIANTX;20;161;258;222;0,85;173;10;25;15;5;0,55;0,25;1/4;20;20;9;5;3;1;6;2;6;2;31
3369;VCT 2025: EMEA Stage 1;Group Stage;Week 5;westside;GIANTX;42;118;212;142;0,74;141;81;19;1;7;0,49;0,33;2/6;20;34;24;8;4;3;6;2;6;2;31
3370;VCT 2025: EMEA Stage 1;Group Stage;Week 5;runneR;GIANTX;42;111;174;126;0,71;115;69;33;2;14;0,28;0,5;3/6;18;29;23;14;1;6;208;2;6;2;31
3371;VCT 2025: EMEA Stage 1;Group Stage;Week 5;MOLSI;Apeks;22;107;188;121;0,68;115;77;23;0;14;0,25;0,2;1/5;17;17;14;5;0;3;101;24;6;2;31
3372;VCT 2025: EMEA Stage 1;Group Stage;Week 5;MOLSI;Apeks;42;101;175;103;0,74;108;71;36;5;1;0,32;0,17;1/6;17;30;29;15;2;4;101;24;6;2;31
3373;VCT 2025: EMEA Stage 1;Group Stage;Week 5;batujnax;Apeks;20;51;111;44;0,5;81;35;1;1;5;0,3;0,25;1/4;7;7;16;2;2;1;218;24;6;2;31
3374;VCT 2025: EMEA Stage 1;Group Stage;Week 5;batujnax;Apeks;42;51;120;47;0,62;82;38;19;7;12;0,35;0,2;1/5;9;16;34;8;3;5;218;24;6;2;31
3375;VCT 2025: EMEA Stage 1;Group Stage;Week 5;grubinho;KOI;24;99;167;10;0,67;123;63;25;13;4;0,39;0,25;1/4;15;15;15;6;3;1;40;22;6;2;31
3376;VCT 2025: EMEA Stage 1;Group Stage;Week 5;grubinho;KOI;19;136;198;175;0,84;133;74;26;26;5;0,38;0,33;1/3;14;14;8;5;5;1;40;22;6;2;31
3377;VCT 2025: EMEA Stage 1;Group Stage;Week 5;grubinho;KOI;65;114;200;118;0,69;136;72;28;18;5;0,32;0,18;2/11;18;47;40;18;12;3;40;22;6;2;31
3378;VCT 2025: EMEA Stage 1;Group Stage;Week 5;Filu;KOI;22;103;211;94;0,64;139;68;36;14;27;0,17;0,5;1/2;15;15;16;8;3;6;111;22;6;2;31
3379;VCT 2025: EMEA Stage 1;Group Stage;Week 5;Filu;KOI;65;11;224;114;0,74;144;77;26;12;18;0,22;0,17;1/6;20;50;44;17;8;12;111;22;6;2;31
3380;VCT 2025: EMEA Stage 1;Group Stage;Week 5;soulcas;KOI;65;129;238;15;0,8;152;92;18;15;3;0,39;0,25;1/4;23;60;40;12;10;2;215;22;6;2;31
3381;VCT 2025: EMEA Stage 1;Group Stage;Week 5;Kicks;Team Vitality;24;101;173;94;0,63;132;67;33;0;21;0,29;0,5;1/2;16;16;17;8;0;5;85;20;6;2;31
3382;VCT 2025: EMEA Stage 1;Group Stage;Week 5;Kicks;Team Vitality;42;7;130;64;0,62;101;5;31;0;19;0,32;0,2;1/5;16;21;33;13;0;8;85;20;6;2;31
3383;VCT 2025: EMEA Stage 1;Group Stage;Week 5;Less;Team Vitality;18;6;184;69;0,67;125;61;28;0;17;0,26;1;2/2;11;11;16;5;0;3;104;20;6;2;31
3384;VCT 2025: EMEA Stage 1;Group Stage;Week 5;Less;Team Vitality;42;72;176;67;0,6;111;57;26;7;14;0,28;0,67;2/3;13;24;36;11;3;6;104;20;6;2;31
3385;VCT 2025: EMEA Stage 1;Group Stage;Week 5;Sayf;Team Vitality;42;76;152;69;0,67;113;48;17;5;2;0,13;0,1;1/10;11;20;29;7;2;1;86;20;6;2;31
3386;VCT 2025: EMEA Stage 1;Group Stage;Week 5;crashies;FNATIC;23;119;221;119;0,52;135;83;26;9;9;0,3;0,2;1/5;19;19;16;6;2;2;17;6;6;2;31
3387;VCT 2025: EMEA Stage 1;Group Stage;Week 5;crashies;FNATIC;18;107;185;10;0,83;134;67;33;0;11;0,55;0,5;1/2;12;12;12;6;0;2;17;6;6;2;31
3388;VCT 2025: EMEA Stage 1;Group Stage;Week 5;crashies;FNATIC;41;114;203;111;0,66;134;76;29;5;1;0,37;0,29;2/7;19;31;28;12;2;4;17;6;6;2;31
3389;VCT 2025: EMEA Stage 1;Group Stage;Week 5;Alfajer;FNATIC;23;9;207;89;0,61;144;74;13;9;13;0,29;0,5;1/2;17;17;19;3;2;3;18;6;6;2;31
3390;VCT 2025: EMEA Stage 1;Group Stage;Week 5;Alfajer;FNATIC;41;61;152;68;0,63;110;56;12;7;17;0,29;0,33;1/3;17;23;34;5;3;7;18;6;6;2;31
3391;VCT 2025: EMEA Stage 1;Group Stage;Week 5;Shao;Natus Vincere;18;97;145;111;0,83;106;56;17;6;0;0,2;0,5;2/4;10;10;9;3;1;0;78;18;6;2;31
3392;VCT 2025: EMEA Stage 1;Group Stage;Week 5;Shao;Natus Vincere;42;91;148;96;0,81;109;55;21;5;7;0,24;0,4;2/5;13;23;24;9;2;3;78;18;6;2;31
3393;VCT 2025: EMEA Stage 1;Group Stage;Week 5;koalanoob;Natus Vincere;18;122;226;133;0,83;138;89;33;17;11;0,36;1;1/1;16;16;12;6;3;2;204;18;6;2;31
3394;VCT 2025: EMEA Stage 1;Group Stage;Week 5;koalanoob;Natus Vincere;42;142;256;16;0,88;163;95;4;24;12;0,31;0,25;1/4;24;40;25;17;10;5;204;18;6;2;31
3395;VCT 2025: EMEA Stage 1;Group Stage;Week 5;yetujey;FUT Esports;24;154;267;144;0,79;164;96;38;4;13;0,46;0,25;2/8;23;23;16;9;1;3;97;23;6;2;31
3396;VCT 2025: EMEA Stage 1;Group Stage;Week 5;yetujey;FUT Esports;48;112;225;115;0,67;148;79;13;1;13;0,19;0,13;1/8;38;38;33;6;5;6;97;23;6;2;31
3397;VCT 2025: EMEA Stage 1;Group Stage;Week 5;yetujey;FUT Esports;72;126;246;124;0,71;154;85;21;8;13;0,26;0,19;3/16;38;61;49;15;6;9;97;23;6;2;31
3398;VCT 2025: EMEA Stage 1;Group Stage;Week 5;qRaxs;FUT Esports;72;12;226;118;0,74;141;82;49;6;6;0,28;0,5;6/12;40;59;50;35;4;4;98;23;6;2;31
3399;VCT 2025: EMEA Stage 1;Group Stage;Week 5;AtaKaptan;FUT Esports;48;91;191;84;0,71;135;65;44;4;4;0,31;0,17;1/6;31;31;37;21;2;2;205;23;6;2;31
3400;VCT 2025: EMEA Stage 1;Group Stage;Week 5;AtaKaptan;FUT Esports;72;85;178;78;0,63;128;63;32;4;4;0,3;0,11;1/9;31;45;58;23;3;3;205;23;6;2;31
3401;VCT 2025: EMEA Stage 1;Group Stage;Week 5;MrFaliN;FUT Esports;48;137;265;115;0,71;190;79;5;15;8;0,23;0,17;1/6;38;38;33;24;7;4;99;23;6;2;31
3402;VCT 2025: EMEA Stage 1;Group Stage;Week 5;MrFaliN;FUT Esports;72;109;196;91;0,63;156;67;39;1;1;0,22;0,13;1/8;38;48;53;28;7;7;99;23;6;2;31
3403;VCT 2025: EMEA Stage 1;Group Stage;Week 5;MAGNUM;BBL Esports;48;12;226;115;0,81;150;79;5;6;1;0,26;0,22;2/9;38;38;33;24;3;5;74;17;6;2;31
3404;VCT 2025: EMEA Stage 1;Group Stage;Week 5;MAGNUM;BBL Esports;72;115;236;116;0,79;151;81;39;1;7;0,23;0,2;2/10;38;58;50;28;7;5;74;17;6;2;31
3405;VCT 2025: EMEA Stage 1;Group Stage;Week 5;LewN;BBL Esports;72;112;248;115;0,72;171;86;22;22;17;0,39;0,25;1/4;42;62;54;16;16;12;75;17;6;2;31
3406;VCT 2025: EMEA Stage 1;Group Stage;Week 5;Jamppi;BBL Esports;72;78;178;7;0,72;104;53;57;4;11;0,22;0,25;1/4;20;38;54;41;3;8;73;17;6;2;31
3407;VCT 2025: EMEA Stage 1;Group Stage;Week 5;PROFEK;BBL Esports;48;126;215;128;0,77;141;77;56;4;6;0,28;0,13;1/8;37;37;29;27;2;3;76;17;6;2;31
3408;VCT 2025: EMEA Stage 1;Group Stage;Week 5;PROFEK;BBL Esports;72;12;217;127;0,76;142;78;44;6;8;0,31;0,1;1/10;37;56;44;32;4;6;76;17;6;2;31
3409;VCT 2025: EMEA Stage 1;Group Stage;Week 5;sociablEE;BBL Esports;72;112;229;126;0,76;154;82;21;11;4;0,25;0,08;1/12;40;59;47;15;8;3;77;17;6;2;31
3410;VCT 2025: EMEA Stage 1;Group Stage;Week 5;Avez;Karmine Corp;19;95;186;79;0,68;130;58;32;5;11;0,41;0,25;1/4;11;11;14;6;1;2;84;19;6;2;31
3411;VCT 2025: EMEA Stage 1;Group Stage;Week 5;Avez;Karmine Corp;41;9;168;85;0,63;109;56;27;7;15;0,3;0,17;1/6;12;23;27;11;3;6;84;19;6;2;31
3412;VCT 2025: EMEA Stage 1;Group Stage;Week 5;Elite;Karmine Corp;22;111;182;108;0,77;140;59;23;9;0;0,28;0,5;1/2;13;13;12;5;2;0;91;19;6;2;31
3413;VCT 2025: EMEA Stage 1;Group Stage;Week 5;Elite;Karmine Corp;41;87;162;81;0,73;124;54;24;5;5;0,3;0,25;1/4;13;22;27;10;2;2;91;19;6;2;31
3414;VCT 2025: EMEA Stage 1;Group Stage;Week 5;SUYGETSU;Karmine Corp;19;76;144;71;0,58;101;53;5;0;5;0,3;0,2;1/5;10;10;14;1;0;1;81;19;6;2;31
3415;VCT 2025: EMEA Stage 1;Group Stage;Week 5;SUYGETSU;Karmine Corp;41;96;166;104;0,63;110;63;12;0;15;0,34;0,14;1/7;16;26;25;5;0;6;81;19;6;2;31
3416;VCT 2025: EMEA Stage 1;All Stages;All Match Types;AtaKaptan;FUT Esports;43;126;206;127;0,81;126;77;56;5;5;0,31;0,33;1/3;23;33;26;24;2;2;205;23;6;3;25
3417;VCT 2025: EMEA Stage 1;All Stages;All Match Types;AtaKaptan;FUT Esports;54;132;232;121;0,85;152;74;67;11;11;0,35;0,57;4/7;23;40;33;36;6;6;205;23;6;3;25
3418;VCT 2025: EMEA Stage 1;All Stages;All Match Types;AtaKaptan;FUT Esports;289;93;178;83;0,7;117;61;46;6;7;0,31;0,14;4/28;31;176;211;132;17;18;205;23;6;3;25
3419;VCT 2025: EMEA Stage 1;All Stages;All Match Types;AtaKaptan;FUT Esports;433;99;185;89;0,72;121;64;46;7;7;0,31;0,2;9/44;31;276;309;200;29;28;205;23;6;3;25
3420;VCT 2025: EMEA Stage 1;All Stages;All Match Types;MrFaliN;FUT Esports;148;118;187;109;0,78;116;67;51;5;6;0,23;0,14;3/22;28;99;91;75;7;9;99;23;6;3;25
3421;VCT 2025: EMEA Stage 1;All Stages;All Match Types;MrFaliN;FUT Esports;141;124;232;108;0,72;167;71;4;13;8;0,27;0,06;1/18;38;100;93;56;15;9;99;23;6;3;25
3422;VCT 2025: EMEA Stage 1;All Stages;All Match Types;MrFaliN;FUT Esports;122;75;162;71;0,61;104;53;27;1;11;0,17;0,13;2/15;20;65;92;33;12;14;99;23;6;3;25
3423;VCT 2025: EMEA Stage 1;All Stages;All Match Types;MrFaliN;FUT Esports;433;105;186;94;0,7;126;63;39;9;9;0,23;0,11;6/57;38;273;290;171;35;36;99;23;6;3;25
3424;VCT 2025: EMEA Stage 1;All Stages;All Match Types;xeus;FUT Esports;121;11;232;117;0,67;146;84;18;17;13;0,47;0,1;1/10;24;102;87;22;20;16;206;23;6;3;25
3425;VCT 2025: EMEA Stage 1;All Stages;All Match Types;xeus;FUT Esports;433;10;233;108;0,67;145;83;15;2;18;0,39;0,04;1/23;33;359;333;66;82;75;206;23;6;3;25
3426;VCT 2025: EMEA Stage 1;All Stages;All Match Types;yetujey;FUT Esports;24;154;267;144;0,79;164;96;38;4;13;0,46;0,25;2/8;23;23;16;9;1;3;97;23;6;3;25
3427;VCT 2025: EMEA Stage 1;All Stages;All Match Types;yetujey;FUT Esports;95;103;194;10;0,62;140;67;14;8;9;0,18;0,15;2/13;38;64;64;13;8;9;97;23;6;3;25
3428;VCT 2025: EMEA Stage 1;All Stages;All Match Types;yetujey;FUT Esports;77;104;195;98;0,65;134;68;26;9;6;0,23;0,08;1/12;19;52;53;20;7;5;97;23;6;3;25
3429;VCT 2025: EMEA Stage 1;All Stages;All Match Types;yetujey;FUT Esports;433;103;190;107;0,69;131;71;24;9;9;0,23;0,08;5/63;38;308;288;105;37;36;97;23;6;3;25
3430;VCT 2025: EMEA Stage 1;All Stages;All Match Types;qRaxs;FUT Esports;192;77;159;77;0,69;102;56;27;7;6;0,25;0,14;3/21;22;108;140;52;13;11;98;23;6;3;25
3431;VCT 2025: EMEA Stage 1;All Stages;All Match Types;qRaxs;FUT Esports;196;107;192;104;0,76;125;69;48;5;5;0,26;0,33;9/27;40;136;131;95;10;10;98;23;6;3;25
3432;VCT 2025: EMEA Stage 1;All Stages;All Match Types;qRaxs;FUT Esports;433;91;172;88;0,72;114;63;36;6;6;0,26;0,24;12/50;40;273;310;156;26;26;98;23;6;3;25
3433;VCT 2025: EMEA Stage 1;All Stages;All Match Types;SUYGETSU;Karmine Corp;150;112;190;118;0,79;128;71;39;6;6;0,42;0,12;3/26;26;107;91;58;9;9;81;19;6;3;25
3434;VCT 2025: EMEA Stage 1;All Stages;All Match Types;SUYGETSU;Karmine Corp;90;99;174;109;0,7;119;64;18;8;17;0,35;0,11;1/9;17;58;53;16;7;15;81;19;6;3;25
3435;VCT 2025: EMEA Stage 1;All Stages;All Match Types;SUYGETSU;Karmine Corp;326;111;195;12;0,77;130;73;32;8;9;0,41;0,08;4/48;26;237;198;105;25;29;81;19;6;3;25
3436;VCT 2025: EMEA Stage 1;All Stages;All Match Types;saadhak;Karmine Corp;24;75;165;63;0,83;119;5;5;4;8;0,12;0,25;1/4;12;12;19;12;1;2;92;19;6;3;25
3437;VCT 2025: EMEA Stage 1;All Stages;All Match Types;saadhak;Karmine Corp;117;94;195;9;0,77;121;65;41;14;18;0,24;0,13;1/8;18;76;84;48;16;21;92;19;6;3;25
3438;VCT 2025: EMEA Stage 1;All Stages;All Match Types;saadhak;Karmine Corp;90;98;191;92;0,76;125;62;42;11;12;0,32;0,22;2/9;18;56;61;38;10;11;92;19;6;3;25
3439;VCT 2025: EMEA Stage 1;All Stages;All Match Types;saadhak;Karmine Corp;74;83;166;7;0,7;117;5;35;8;5;0,29;0,25;1/4;14;37;53;26;6;4;92;19;6;3;25
3440;VCT 2025: EMEA Stage 1;All Stages;All Match Types;saadhak;Karmine Corp;326;89;183;82;0,75;120;59;4;11;13;0,26;0,2;5/25;18;192;235;130;36;43;92;19;6;3;25
3441;VCT 2025: EMEA Stage 1;All Stages;All Match Types;Elite;Karmine Corp;71;71;138;63;0,66;90;46;23;7;4;0,25;0,08;1/12;17;33;52;16;5;3;91;19;6;3;25
3442;VCT 2025: EMEA Stage 1;All Stages;All Match Types;Elite;Karmine Corp;90;123;224;131;0,78;150;76;14;9;2;0,35;0,25;2/8;20;68;52;13;8;2;91;19;6;3;25
3443;VCT 2025: EMEA Stage 1;All Stages;All Match Types;Elite;Karmine Corp;24;104;195;111;0,75;131;83;17;4;4;0,25;0,33;2/6;20;20;18;4;1;1;91;19;6;3;25
3444;VCT 2025: EMEA Stage 1;All Stages;All Match Types;Elite;Karmine Corp;117;95;164;89;0,7;110;56;3;5;9;0,4;0,08;1/12;16;65;73;35;6;10;91;19;6;3;25
3445;VCT 2025: EMEA Stage 1;All Stages;All Match Types;Elite;Karmine Corp;326;95;172;91;0,71;115;6;23;6;6;0,33;0,14;6/43;20;194;213;75;21;18;91;19;6;3;25
3446;VCT 2025: EMEA Stage 1;All Stages;All Match Types;Avez;Karmine Corp;117;105;202;105;0,75;127;67;35;5;7;0,38;0,2;2/10;19;78;74;41;6;8;84;19;6;3;25
3447;VCT 2025: EMEA Stage 1;All Stages;All Match Types;Avez;Karmine Corp;111;11;206;119;0,7;130;75;17;5;1;0,3;0,1;1/10;25;83;70;19;6;11;84;19;6;3;25
3448;VCT 2025: EMEA Stage 1;All Stages;All Match Types;Avez;Karmine Corp;326;103;204;107;0,71;133;7;26;7;12;0,32;0,12;3/25;25;229;215;86;22;38;84;19;6;3;25
3449;VCT 2025: EMEA Stage 1;All Stages;All Match Types;marteen;Karmine Corp;69;105;213;108;0,74;142;78;1;14;7;0,28;0,2;1/5;18;54;50;7;10;5;82;19;6;3;25
3450;VCT 2025: EMEA Stage 1;All Stages;All Match Types;marteen;Karmine Corp;90;129;246;137;0,77;153;87;28;12;13;0,31;0,22;2/9;26;78;57;25;11;12;82;19;6;3;25
3451;VCT 2025: EMEA Stage 1;All Stages;All Match Types;marteen;Karmine Corp;167;126;257;139;0,73;170;9;25;19;15;0,36;0,33;5/15;27;151;109;41;31;25;82;19;6;3;25
3452;VCT 2025: EMEA Stage 1;All Stages;All Match Types;marteen;Karmine Corp;326;122;245;131;0,74;159;87;22;16;13;0,33;0,28;8/29;27;283;216;73;52;42;82;19;6;3;25
3453;VCT 2025: EMEA Stage 1;All Stages;All Match Types;Ruxic;Natus Vincere;41;115;193;116;0,73;133;71;29;2;12;0,39;0,18;2/11;18;29;25;12;1;5;80;18;6;3;25
3454;VCT 2025: EMEA Stage 1;All Stages;All Match Types;Ruxic;Natus Vincere;69;113;223;113;0,78;147;77;35;9;13;0,28;0,2;2/10;23;53;47;24;6;9;80;18;6;3;25
3455;VCT 2025: EMEA Stage 1;All Stages;All Match Types;Ruxic;Natus Vincere;239;107;215;106;0,75;137;75;38;11;1;0,32;0,09;2/23;29;180;170;91;27;23;80;18;6;3;25
3456;VCT 2025: EMEA Stage 1;All Stages;All Match Types;Ruxic;Natus Vincere;423;106;210;105;0,76;137;73;34;1;1;0,32;0,12;6/51;29;308;292;145;44;44;80;18;6;3;25
3457;VCT 2025: EMEA Stage 1;All Stages;All Match Types;Shao;Natus Vincere;114;113;220;118;0,76;149;82;2;11;3;0,39;0,11;2/19;26;93;79;23;12;3;78;18;6;3;25
3458;VCT 2025: EMEA Stage 1;All Stages;All Match Types;Shao;Natus Vincere;69;9;147;79;0,75;97;49;51;0;3;0,34;0,07;1/15;16;34;43;35;0;2;78;18;6;3;25
3459;VCT 2025: EMEA Stage 1;All Stages;All Match Types;Shao;Natus Vincere;58;99;164;10;0,72;122;62;19;7;3;0,3;0,18;2/11;20;36;36;11;4;2;78;18;6;3;25
3460;VCT 2025: EMEA Stage 1;All Stages;All Match Types;Shao;Natus Vincere;108;127;232;128;0,74;161;81;22;5;6;0,29;0,44;7/16;25;87;68;24;5;7;78;18;6;3;25
3461;VCT 2025: EMEA Stage 1;All Stages;All Match Types;Shao;Natus Vincere;423;107;195;107;0,75;134;69;26;6;5;0,33;0,18;12/68;26;291;271;108;25;23;78;18;6;3;25
3462;VCT 2025: EMEA Stage 1;All Stages;All Match Types;koalanoob;Natus Vincere;23;74;121;69;0,57;95;48;17;4;17;0,3;0,17;1/6;11;11;16;4;1;4;204;18;6;3;25
3463;VCT 2025: EMEA Stage 1;All Stages;All Match Types;koalanoob;Natus Vincere;74;116;221;121;0,73;142;77;45;18;11;0,28;0,17;1/6;24;57;47;33;13;8;204;18;6;3;25
3464;VCT 2025: EMEA Stage 1;All Stages;All Match Types;koalanoob;Natus Vincere;144;92;195;94;0,68;128;7;18;15;16;0,24;0,1;1/10;22;101;108;26;22;23;204;18;6;3;25
3465;VCT 2025: EMEA Stage 1;All Stages;All Match Types;koalanoob;Natus Vincere;423;99;210;10;0,7;134;72;2;19;14;0,21;0,09;3/35;24;306;307;86;81;59;204;18;6;3;25
3466;VCT 2025: EMEA Stage 1;All Stages;All Match Types;hiro;Natus Vincere;194;92;186;97;0,65;128;7;15;8;11;0,36;0,12;3/25;25;135;139;30;15;22;87;18;6;3;25
3467;VCT 2025: EMEA Stage 1;All Stages;All Match Types;hiro;Natus Vincere;115;109;223;128;0,72;144;83;11;5;1;0,29;0,15;2/13;26;96;75;13;6;12;87;18;6;3;25
3468;VCT 2025: EMEA Stage 1;All Stages;All Match Types;hiro;Natus Vincere;91;101;196;102;0,68;130;67;26;2;1;0,28;0,25;1/4;22;61;60;24;2;9;87;18;6;3;25
3469;VCT 2025: EMEA Stage 1;All Stages;All Match Types;hiro;Natus Vincere;423;101;203;108;0,68;136;74;18;6;1;0,31;0,14;6/42;26;315;292;75;27;44;87;18;6;3;25
3470;VCT 2025: EMEA Stage 1;All Stages;All Match Types;ANGE1;Natus Vincere;67;57;126;59;0,58;84;45;15;7;1;0,32;0,22;2/9;12;30;51;10;5;7;79;18;6;3;25
3471;VCT 2025: EMEA Stage 1;All Stages;All Match Types;ANGE1;Natus Vincere;183;66;137;62;0,69;94;47;27;7;11;0,33;0,19;3/16;14;86;138;50;12;21;79;18;6;3;25
3472;VCT 2025: EMEA Stage 1;All Stages;All Match Types;ANGE1;Natus Vincere;41;85;176;83;0,68;123;59;27;7;12;0,42;1;1/1;15;24;29;11;3;5;79;18;6;3;25
3473;VCT 2025: EMEA Stage 1;All Stages;All Match Types;ANGE1;Natus Vincere;74;96;162;98;0,72;112;59;9;11;9;0,36;0,25;2/8;18;44;45;7;8;7;79;18;6;3;25
3474;VCT 2025: EMEA Stage 1;All Stages;All Match Types;ANGE1;Natus Vincere;423;74;147;71;0,68;100;51;22;8;1;0,34;0,2;8/41;18;215;302;93;32;43;79;18;6;3;25
3475;VCT 2025: EMEA Stage 1;All Stages;All Match Types;PROFEK;BBL Esports;101;99;194;97;0,76;126;68;44;5;7;0,28;0,08;1/12;19;69;71;44;5;7;76;17;6;3;25
3476;VCT 2025: EMEA Stage 1;All Stages;All Match Types;PROFEK;BBL Esports;256;119;217;115;0,78;138;75;5;9;6;0,26;0,04;1/24;37;192;167;129;21;13;76;17;6;3;25
3477;VCT 2025: EMEA Stage 1;All Stages;All Match Types;PROFEK;BBL Esports;489;109;210;108;0,75;137;74;43;8;6;0,27;0,04;2/47;37;361;334;208;37;30;76;17;6;3;25
3478;VCT 2025: EMEA Stage 1;All Stages;All Match Types;Jamppi;BBL Esports;223;108;183;115;0,77;113;7;39;6;3;0,24;0,17;4/23;20;157;137;86;11;6;73;17;6;3;25
3479;VCT 2025: EMEA Stage 1;All Stages;All Match Types;Jamppi;BBL Esports;166;88;174;81;0,72;108;57;51;5;12;0,2;0,06;1/18;20;94;116;84;8;20;73;17;6;3;25
3480;VCT 2025: EMEA Stage 1;All Stages;All Match Types;Jamppi;BBL Esports;67;104;204;10;0,66;143;67;22;6;13;0,29;0,29;2/7;17;45;45;15;4;9;73;17;6;3;25
3481;VCT 2025: EMEA Stage 1;All Stages;All Match Types;Jamppi;BBL Esports;489;98;181;96;0,73;115;64;4;5;8;0,23;0,13;7/54;20;313;325;195;25;37;73;17;6;3;25
3482;VCT 2025: EMEA Stage 1;All Stages;All Match Types;LewN;BBL Esports;24;125;244;138;0,71;169;92;13;8;13;0,42;0,25;1/4;22;22;16;3;2;3;75;17;6;3;25
3483;VCT 2025: EMEA Stage 1;All Stages;All Match Types;LewN;BBL Esports;313;104;226;111;0,7;152;8;18;2;18;0,33;0,29;4/14;42;249;225;55;59;53;75;17;6;3;25
3484;VCT 2025: EMEA Stage 1;All Stages;All Match Types;LewN;BBL Esports;101;96;208;101;0,68;137;73;22;16;22;0,32;0,1;1/10;20;74;73;22;16;22;75;17;6;3;25
3485;VCT 2025: EMEA Stage 1;All Stages;All Match Types;LewN;BBL Esports;489;103;221;11;0,7;148;79;18;2;18;0,32;0,19;6/31;42;384;349;87;92;85;75;17;6;3;25
3486;VCT 2025: EMEA Stage 1;All Stages;All Match Types;sociablEE;BBL Esports;43;84;172;97;0,74;113;67;9;9;7;0,32;0,5;2/4;16;29;30;4;4;3;77;17;6;3;25
3487;VCT 2025: EMEA Stage 1;All Stages;All Match Types;sociablEE;BBL Esports;71;126;234;128;0,77;160;83;28;6;4;0,28;0,25;1/4;26;59;46;20;3;2;77;17;6;3;25
3488;VCT 2025: EMEA Stage 1;All Stages;All Match Types;sociablEE;BBL Esports;314;114;214;127;0,72;145;8;18;9;6;0,25;0,14;7/49;40;251;197;58;27;20;77;17;6;3;25
3489;VCT 2025: EMEA Stage 1;All Stages;All Match Types;sociablEE;BBL Esports;489;111;213;122;0,72;142;79;2;9;7;0,26;0,16;10/64;40;385;316;97;41;33;77;17;6;3;25
3490;VCT 2025: EMEA Stage 1;All Stages;All Match Types;MAGNUM;BBL Esports;227;111;207;118;0,77;132;74;27;1;4;0,23;0,19;4/21;28;167;142;62;21;9;74;17;6;3;25
3491;VCT 2025: EMEA Stage 1;All Stages;All Match Types;MAGNUM;BBL Esports;20;108;169;118;0,8;98;65;55;5;15;0,39;0,5;1/2;13;13;11;11;1;3;74;17;6;3;25
3492;VCT 2025: EMEA Stage 1;All Stages;All Match Types;MAGNUM;BBL Esports;94;102;191;96;0,77;132;69;47;6;11;0,24;0,14;2/14;38;65;68;44;6;10;74;17;6;3;25
3493;VCT 2025: EMEA Stage 1;All Stages;All Match Types;MAGNUM;BBL Esports;489;103;197;105;0,74;127;71;31;1;9;0,23;0,15;7/48;38;346;328;152;45;40;74;17;6;3;25
3494;VCT 2025: EMEA Stage 1;All Stages;All Match Types;purp0;GIANTX;20;96;161;81;0,7;105;65;45;1;1;0,48;0,5;2/4;13;13;16;9;2;2;216;2;6;3;25
3495;VCT 2025: EMEA Stage 1;All Stages;All Match Types;purp0;GIANTX;122;85;161;72;0,68;111;56;39;4;11;0,36;0,07;1/14;16;68;94;47;5;13;216;2;6;3;25
3496;VCT 2025: EMEA Stage 1;All Stages;All Match Types;purp0;GIANTX;217;88;173;78;0,68;116;6;35;6;13;0,35;0,15;3/20;17;130;166;77;14;29;216;2;6;3;25
3497;VCT 2025: EMEA Stage 1;All Stages;All Match Types;runneR;GIANTX;81;99;176;83;0,68;126;62;46;4;1;0,23;0,27;4/15;17;50;60;37;3;8;208;2;6;3;25
3498;VCT 2025: EMEA Stage 1;All Stages;All Match Types;runneR;GIANTX;42;111;174;126;0,71;115;69;33;2;14;0,28;0,5;3/6;18;29;23;14;1;6;208;2;6;3;25
3499;VCT 2025: EMEA Stage 1;All Stages;All Match Types;runneR;GIANTX;36;83;197;7;0,69;133;58;25;6;3;0,23;0,33;2/6;11;21;30;9;2;1;208;2;6;3;25
3500;VCT 2025: EMEA Stage 1;All Stages;All Match Types;runneR;GIANTX;195;92;174;79;0,68;120;58;38;3;1;0,24;0,28;9/32;18;114;144;75;6;20;208;2;6;3;25
3501;VCT 2025: EMEA Stage 1;All Stages;All Match Types;Flickless;GIANTX;61;96;173;9;0,7;117;62;41;7;1;0,3;0,33;1/3;19;38;42;25;4;6;34;2;6;3;25
3502;VCT 2025: EMEA Stage 1;All Stages;All Match Types;Flickless;GIANTX;106;93;172;9;0,74;116;61;38;5;12;0,33;0,2;1/5;19;65;72;40;5;13;34;2;6;3;25
3503;VCT 2025: EMEA Stage 1;All Stages;All Match Types;westside;GIANTX;165;96;186;98;0,64;121;7;17;7;7;0,42;0,07;2/27;23;116;118;28;11;11;6;2;6;3;25
3504;VCT 2025: EMEA Stage 1;All Stages;All Match Types;westside;GIANTX;58;123;241;133;0,72;156;91;22;12;5;0,46;0,11;1/9;20;53;40;13;7;3;6;2;6;3;25
3505;VCT 2025: EMEA Stage 1;All Stages;All Match Types;westside;GIANTX;259;97;192;99;0,66;124;72;19;7;8;0,42;0,07;3/42;23;186;187;48;19;20;6;2;6;3;25
3506;VCT 2025: EMEA Stage 1;All Stages;All Match Types;Cloud;GIANTX;36;112;224;97;0,67;150;83;31;14;14;0,28;0,1;1/10;23;30;31;11;5;5;7;2;6;3;25
3507;VCT 2025: EMEA Stage 1;All Stages;All Match Types;Cloud;GIANTX;259;102;207;102;0,72;137;76;24;11;1;0,28;0,03;1/35;23;198;194;61;29;26;7;2;6;3;25
3508;VCT 2025: EMEA Stage 1;All Stages;All Match Types;tomaszy;GIANTX;21;98;207;10;0,57;148;76;14;1;19;0,36;1;1/1;16;16;16;3;2;4;213;2;6;3;25
3509;VCT 2025: EMEA Stage 1;All Stages;All Match Types;tomaszy;GIANTX;153;65;146;61;0,61;99;5;27;9;17;0,33;0,07;1/15;16;76;124;42;14;26;213;2;6;3;25
3510;VCT 2025: EMEA Stage 1;All Stages;All Match Types;Boaster;FNATIC;143;95;156;99;0,76;105;57;34;6;8;0,24;0,06;1/16;29;82;83;48;9;11;32;6;6;3;25
3511;VCT 2025: EMEA Stage 1;All Stages;All Match Types;Boaster;FNATIC;95;88;165;82;0,72;110;54;39;6;15;0,23;0,4;2/5;15;51;62;37;6;14;32;6;6;3;25
3512;VCT 2025: EMEA Stage 1;All Stages;All Match Types;Boaster;FNATIC;184;9;151;88;0,68;98;53;38;7;8;0,21;0,44;7/16;17;98;112;70;13;14;32;6;6;3;25
3513;VCT 2025: EMEA Stage 1;All Stages;All Match Types;Boaster;FNATIC;67;106;202;11;0,75;130;67;27;1;9;0,33;0,17;1/6;18;45;41;18;7;6;32;6;6;3;25
3514;VCT 2025: EMEA Stage 1;All Stages;All Match Types;Boaster;FNATIC;489;93;162;93;0,72;107;56;35;7;9;0,24;0,26;11/43;29;276;298;173;35;45;32;6;6;3;25
3515;VCT 2025: EMEA Stage 1;All Stages;All Match Types;Chronicle;FNATIC;95;118;208;114;0,83;134;69;49;7;6;0,24;0,13;2/16;24;66;58;47;7;6;26;6;6;3;25
3516;VCT 2025: EMEA Stage 1;All Stages;All Match Types;Chronicle;FNATIC;64;93;173;9;0,73;114;55;2;13;8;0,21;0,08;1/12;13;35;39;13;8;5;26;6;6;3;25
3517;VCT 2025: EMEA Stage 1;All Stages;All Match Types;Chronicle;FNATIC;489;106;204;11;0,76;131;7;31;1;9;0,23;0,05;3/55;25;341;309;153;49;43;26;6;6;3;25
3518;VCT 2025: EMEA Stage 1;All Stages;All Match Types;Alfajer;FNATIC;95;104;208;111;0,63;135;77;17;11;5;0,33;0,36;4/11;22;73;66;16;10;5;18;6;6;3;25
3519;VCT 2025: EMEA Stage 1;All Stages;All Match Types;Alfajer;FNATIC;164;10;215;107;0,71;145;8;13;9;12;0,33;0,16;3/19;20;132;123;22;15;19;18;6;6;3;25
3520;VCT 2025: EMEA Stage 1;All Stages;All Match Types;Alfajer;FNATIC;143;108;231;122;0,73;151;79;17;18;11;0,24;0,13;1/8;26;113;93;24;26;16;18;6;6;3;25
3521;VCT 2025: EMEA Stage 1;All Stages;All Match Types;Alfajer;FNATIC;489;99;213;108;0,7;143;77;16;12;1;0,3;0,19;8/43;26;378;350;79;61;51;18;6;6;3;25
3522;VCT 2025: EMEA Stage 1;All Stages;All Match Types;crashies;FNATIC;240;111;184;118;0,74;123;65;38;4;7;0,37;0,25;7/28;20;157;133;90;10;16;17;6;6;3;25
3523;VCT 2025: EMEA Stage 1;All Stages;All Match Types;crashies;FNATIC;64;114;207;117;0,75;140;75;22;5;6;0,45;0,22;2/9;23;48;41;14;3;4;17;6;6;3;25
3524;VCT 2025: EMEA Stage 1;All Stages;All Match Types;crashies;FNATIC;185;104;193;108;0,79;133;7;29;7;5;0,27;0,24;4/17;26;129;120;54;13;9;17;6;6;3;25
3525;VCT 2025: EMEA Stage 1;All Stages;All Match Types;crashies;FNATIC;489;109;191;114;0,76;129;68;32;5;6;0,33;0,24;13/54;26;334;294;158;26;29;17;6;6;3;25
3526;VCT 2025: EMEA Stage 1;All Stages;All Match Types;kaajak;FNATIC;67;133;250;155;0,82;166;93;28;1;6;0,37;0,17;1/6;27;62;40;19;7;4;19;6;6;3;25
3527;VCT 2025: EMEA Stage 1;All Stages;All Match Types;kaajak;FNATIC;230;124;250;14;0,77;159;89;21;17;11;0,32;0,1;2/20;28;205;146;48;40;26;19;6;6;3;25
3528;VCT 2025: EMEA Stage 1;All Stages;All Match Types;kaajak;FNATIC;489;124;250;138;0,76;161;89;19;19;12;0,3;0,1;3/31;28;435;316;95;91;59;19;6;6;3;25
3529;VCT 2025: EMEA Stage 1;All Stages;All Match Types;Serial;Team Liquid;136;93;146;81;0,76;102;49;49;4;4;0,36;0,1;2/20;14;66;81;66;6;5;203;13;6;3;25
3530;VCT 2025: EMEA Stage 1;All Stages;All Match Types;Serial;Team Liquid;156;98;176;106;0,7;120;69;25;6;9;0,41;0,23;3/13;18;107;101;39;9;14;203;13;6;3;25
3531;VCT 2025: EMEA Stage 1;All Stages;All Match Types;Serial;Team Liquid;104;85;184;81;0,63;126;63;13;5;8;0,35;0,13;2/16;18;65;80;13;5;8;203;13;6;3;25
3532;VCT 2025: EMEA Stage 1;All Stages;All Match Types;Serial;Team Liquid;93;86;164;81;0,67;108;55;23;5;11;0,34;0,13;2/15;15;51;63;21;5;10;203;13;6;3;25
3533;VCT 2025: EMEA Stage 1;All Stages;All Match Types;Serial;Team Liquid;489;92;167;89;0,7;114;59;28;5;8;0,37;0,14;9/64;18;289;325;139;25;37;203;13;6;3;25
3534;VCT 2025: EMEA Stage 1;All Stages;All Match Types;paTiTek;Team Liquid;93;122;220;134;0,75;140;81;35;4;1;0,29;0,11;1/9;23;75;56;33;4;1;59;13;6;3;25
3535;VCT 2025: EMEA Stage 1;All Stages;All Match Types;paTiTek;Team Liquid;119;101;179;99;0,72;117;62;23;1;6;0,21;0,13;2/15;14;74;75;27;12;7;59;13;6;3;25
3536;VCT 2025: EMEA Stage 1;All Stages;All Match Types;paTiTek;Team Liquid;175;92;175;93;0,75;118;62;25;9;4;0,24;0,13;2/15;21;109;117;44;15;7;59;13;6;3;25
3537;VCT 2025: EMEA Stage 1;All Stages;All Match Types;paTiTek;Team Liquid;489;95;176;93;0,73;117;62;27;7;5;0,25;0,09;5/53;23;303;327;134;35;24;59;13;6;3;25
3538;VCT 2025: EMEA Stage 1;All Stages;All Match Types;keiko;Team Liquid;67;117;211;119;0,84;141;76;28;7;6;0,49;0,25;2/8;19;51;43;19;5;4;58;13;6;3;25
3539;VCT 2025: EMEA Stage 1;All Stages;All Match Types;keiko;Team Liquid;85;101;217;102;0,68;143;78;8;18;7;0,42;0,13;1/8;22;66;65;7;15;6;58;13;6;3;25
3540;VCT 2025: EMEA Stage 1;All Stages;All Match Types;keiko;Team Liquid;201;109;203;108;0,72;136;74;35;6;6;0,4;0,13;3/24;25;148;137;70;13;13;58;13;6;3;25
3541;VCT 2025: EMEA Stage 1;All Stages;All Match Types;keiko;Team Liquid;119;111;229;115;0,73;149;82;16;18;8;0,33;0,2;1/5;21;98;85;19;21;10;58;13;6;3;25
3542;VCT 2025: EMEA Stage 1;All Stages;All Match Types;keiko;Team Liquid;489;109;214;11;0,72;142;77;24;11;7;0,39;0,15;7/48;25;377;343;116;54;35;58;13;6;3;25
3543;VCT 2025: EMEA Stage 1;All Stages;All Match Types;nAts;Team Liquid;199;103;202;115;0,68;130;74;16;11;9;0,28;0,12;3/26;23;147;128;32;22;18;64;13;6;3;25
3544;VCT 2025: EMEA Stage 1;All Stages;All Match Types;nAts;Team Liquid;223;114;227;114;0,71;153;79;27;16;1;0,24;0,15;4/27;21;177;155;61;35;22;64;13;6;3;25
3545;VCT 2025: EMEA Stage 1;All Stages;All Match Types;nAts;Team Liquid;489;108;216;115;0,7;142;77;22;14;9;0,26;0,12;7/58;23;376;328;106;68;44;64;13;6;3;25
3546;VCT 2025: EMEA Stage 1;All Stages;All Match Types;kamo;Team Liquid;87;107;237;114;0,77;149;83;17;25;16;0,29;0,29;2/7;20;72;63;15;22;14;65;13;6;3;25
3547;VCT 2025: EMEA Stage 1;All Stages;All Match Types;kamo;Team Liquid;74;115;266;13;0,74;155;93;18;27;14;0,28;0,14;1/7;23;69;53;13;20;10;65;13;6;3;25
3548;VCT 2025: EMEA Stage 1;All Stages;All Match Types;kamo;Team Liquid;159;95;196;105;0,71;132;7;15;12;16;0,33;0,29;4/14;20;112;107;24;19;25;65;13;6;3;25
3549;VCT 2025: EMEA Stage 1;All Stages;All Match Types;kamo;Team Liquid;489;94;209;101;0,69;135;74;16;18;16;0,3;0,19;7/36;23;361;357;80;86;77;65;13;6;3;25
3550;VCT 2025: EMEA Stage 1;All Stages;All Match Types;Boo;Team Heretics;21;92;142;92;0,67;97;52;48;5;1;0,35;0,33;1/3;11;11;12;10;1;2;1;1;6;3;25
3551;VCT 2025: EMEA Stage 1;All Stages;All Match Types;Boo;Team Heretics;259;98;162;97;0,76;102;58;38;8;6;0,36;0,18;7/38;23;149;153;99;22;15;1;1;6;3;25
3552;VCT 2025: EMEA Stage 1;All Stages;All Match Types;Boo;Team Heretics;447;96;164;92;0,76;104;57;4;8;6;0,33;0,13;8/62;23;255;277;177;37;26;1;1;6;3;25
3553;VCT 2025: EMEA Stage 1;All Stages;All Match Types;RieNs;Team Heretics;63;137;251;14;0,84;159;94;65;5;5;0,36;0,25;4/16;23;59;42;41;3;3;2;1;6;3;25
3554;VCT 2025: EMEA Stage 1;All Stages;All Match Types;RieNs;Team Heretics;26;95;195;89;0,65;145;65;38;8;8;0,34;0,5;1/2;17;17;19;10;2;2;2;1;6;3;25
3555;VCT 2025: EMEA Stage 1;All Stages;All Match Types;RieNs;Team Heretics;270;105;200;11;0,8;135;7;32;9;7;0,41;0,16;3/19;29;190;172;86;23;18;2;1;6;3;25
3556;VCT 2025: EMEA Stage 1;All Stages;All Match Types;RieNs;Team Heretics;447;109;207;113;0,78;140;74;36;8;7;0,39;0,16;8/50;29;329;292;161;35;31;2;1;6;3;25
3557;VCT 2025: EMEA Stage 1;All Stages;All Match Types;benjyfishy;Team Heretics;219;112;209;127;0,77;136;78;18;7;4;0,4;0,17;6/35;22;171;135;39;15;9;4;1;6;3;25
3558;VCT 2025: EMEA Stage 1;All Stages;All Match Types;benjyfishy;Team Heretics;84;125;222;131;0,79;157;85;5;1;1;0,37;0,24;4/17;26;71;54;4;8;8;4;1;6;3;25
3559;VCT 2025: EMEA Stage 1;All Stages;All Match Types;benjyfishy;Team Heretics;447;105;198;115;0,74;134;74;17;7;6;0,38;0,16;10/64;26;329;287;77;31;27;4;1;6;3;25
3560;VCT 2025: EMEA Stage 1;All Stages;All Match Types;Wo0t;Team Heretics;58;122;249;133;0,71;151;91;12;3;5;0,36;0,5;4/8;26;53;40;7;2;3;3;1;6;3;25
3561;VCT 2025: EMEA Stage 1;All Stages;All Match Types;Wo0t;Team Heretics;134;122;242;129;0,73;158;86;24;19;1;0,37;0,5;3/6;22;115;89;32;25;13;3;1;6;3;25
3562;VCT 2025: EMEA Stage 1;All Stages;All Match Types;Wo0t;Team Heretics;447;108;222;116;0,73;142;8;2;13;1;0,33;0,22;7/32;26;356;308;90;58;44;3;1;6;3;25
3563;VCT 2025: EMEA Stage 1;All Stages;All Match Types;MiniBoo;Team Heretics;185;102;232;108;0,74;148;82;2;24;17;0,35;0,27;3/11;22;151;140;37;44;31;5;1;6;3;25
3564;VCT 2025: EMEA Stage 1;All Stages;All Match Types;MiniBoo;Team Heretics;199;117;249;132;0,71;155;87;27;16;13;0,35;0,5;4/8;21;173;131;54;31;26;5;1;6;3;25
3565;VCT 2025: EMEA Stage 1;All Stages;All Match Types;MiniBoo;Team Heretics;447;11;241;12;0,72;151;85;22;2;15;0,34;0,32;7/22;23;379;317;99;89;68;5;1;6;3;25
3566;VCT 2025: EMEA Stage 1;All Stages;All Match Types;AvovA;Apeks;206;91;169;78;0,71;110;55;41;6;6;0,28;0,18;7/38;19;113;145;85;13;12;102;24;6;3;25
3567;VCT 2025: EMEA Stage 1;All Stages;All Match Types;AvovA;Apeks;19;79;157;6;0,53;104;47;21;11;0;0,41;0,5;1/2;9;9;15;4;2;0;102;24;6;3;25
3568;VCT 2025: EMEA Stage 1;All Stages;All Match Types;AvovA;Apeks;255;88;167;76;0,7;108;54;39;6;5;0,29;0,18;8/45;19;138;182;99;15;12;102;24;6;3;25
3569;VCT 2025: EMEA Stage 1;All Stages;All Match Types;MOLSI;Apeks;167;97;191;91;0,72;124;68;41;7;7;0,3;0,04;1/23;25;113;124;69;11;11;101;24;6;3;25
3570;VCT 2025: EMEA Stage 1;All Stages;All Match Types;MOLSI;Apeks;58;105;207;112;0,74;130;79;22;5;14;0,27;0,11;1/9;17;46;41;13;3;8;101;24;6;3;25
3571;VCT 2025: EMEA Stage 1;All Stages;All Match Types;MOLSI;Apeks;30;95;184;10;0,63;124;6;23;7;3;0,24;0,25;1/4;18;18;18;7;2;1;101;24;6;3;25
3572;VCT 2025: EMEA Stage 1;All Stages;All Match Types;MOLSI;Apeks;255;99;194;97;0,72;126;69;35;6;8;0,29;0,08;3/36;25;177;183;89;16;20;101;24;6;3;25
3573;VCT 2025: EMEA Stage 1;All Stages;All Match Types;batujnax;Apeks;124;91;194;86;0,7;124;65;24;12;11;0,24;0,05;1/19;21;81;94;30;15;14;218;24;6;3;25
3574;VCT 2025: EMEA Stage 1;All Stages;All Match Types;batujnax;Apeks;255;87;188;86;0,69;122;65;24;11;11;0,27;0,03;1/33;27;167;194;60;27;29;218;24;6;3;25
3575;VCT 2025: EMEA Stage 1;All Stages;All Match Types;Governor;Apeks;30;77;131;62;0,7;88;43;27;1;2;0,24;0,33;1/3;13;13;21;8;3;6;210;24;6;3;25
3576;VCT 2025: EMEA Stage 1;All Stages;All Match Types;Governor;Apeks;82;69;155;63;0,61;102;5;24;1;13;0,33;0,5;3/6;14;41;65;20;8;11;210;24;6;3;25
3577;VCT 2025: EMEA Stage 1;All Stages;All Match Types;Governor;Apeks;143;6;142;62;0,58;98;48;15;6;12;0,24;0,09;1/11;17;68;109;22;9;17;210;24;6;3;25
3578;VCT 2025: EMEA Stage 1;All Stages;All Match Types;Governor;Apeks;255;65;145;63;0,6;98;48;2;8;13;0,27;0,25;5/20;17;122;195;50;20;34;210;24;6;3;25
3579;VCT 2025: EMEA Stage 1;All Stages;All Match Types;florescent;Apeks;24;145;288;173;0,71;174;108;21;25;25;0,33;0,25;1/4;26;26;15;5;6;6;214;24;6;3;25
3580;VCT 2025: EMEA Stage 1;All Stages;All Match Types;florescent;Apeks;182;107;238;109;0,7;150;86;21;17;12;0,36;0,06;1/18;27;156;143;38;31;22;214;24;6;3;25
3581;VCT 2025: EMEA Stage 1;All Stages;All Match Types;florescent;Apeks;255;107;236;111;0,67;152;85;2;16;16;0,35;0,08;2/24;27;216;195;51;41;40;214;24;6;3;25
3582;VCT 2025: EMEA Stage 1;All Stages;All Match Types;grubinho;KOI;105;77;137;65;0,69;97;5;31;8;13;0,34;0,14;2/14;15;52;80;33;8;14;40;22;6;3;25
3583;VCT 2025: EMEA Stage 1;All Stages;All Match Types;grubinho;KOI;67;96;169;87;0,7;111;61;27;16;12;0,32;0,08;1/12;19;41;47;18;11;8;40;22;6;3;25
3584;VCT 2025: EMEA Stage 1;All Stages;All Match Types;grubinho;KOI;230;86;154;75;0,69;104;56;31;1;13;0,32;0,08;3/36;19;129;171;72;24;29;40;22;6;3;25
3585;VCT 2025: EMEA Stage 1;All Stages;All Match Types;sheydos;KOI;64;86;160;86;0,72;106;58;22;2;2;0,37;0,17;1/6;14;37;43;14;1;1;207;22;6;3;25
3586;VCT 2025: EMEA Stage 1;All Stages;All Match Types;sheydos;KOI;22;107;151;86;0,73;114;55;23;0;9;0,25;0,2;1/5;12;12;14;5;0;2;207;22;6;3;25
3587;VCT 2025: EMEA Stage 1;All Stages;All Match Types;sheydos;KOI;67;88;150;95;0,69;110;54;13;4;12;0,27;0,13;1/8;14;36;38;9;3;8;207;22;6;3;25
3588;VCT 2025: EMEA Stage 1;All Stages;All Match Types;sheydos;KOI;41;102;190;97;0,63;128;71;12;1;2;0,23;0,15;2/13;21;29;30;5;4;1;207;22;6;3;25
3589;VCT 2025: EMEA Stage 1;All Stages;All Match Types;sheydos;KOI;230;92;169;92;0,68;116;61;15;4;7;0,3;0,14;5/37;21;141;153;34;10;17;207;22;6;3;25
3590;VCT 2025: EMEA Stage 1;All Stages;All Match Types;flyuh;KOI;84;94;212;85;0,76;147;67;35;7;12;0,29;0,25;1/4;21;56;66;29;6;10;94;22;6;3;25
3591;VCT 2025: EMEA Stage 1;All Stages;All Match Types;flyuh;KOI;230;84;190;8;0,71;128;63;27;1;13;0,27;0,08;1/13;21;144;181;61;22;31;94;22;6;3;25
3592;VCT 2025: EMEA Stage 1;All Stages;All Match Types;Filu;KOI;48;92;231;95;0,6;140;79;15;13;15;0,24;0,17;1/6;21;38;40;7;6;7;111;22;6;3;25
3593;VCT 2025: EMEA Stage 1;All Stages;All Match Types;Filu;KOI;44;96;216;94;0,66;139;77;25;18;16;0,21;0,5;1/2;19;34;36;11;8;7;111;22;6;3;25
3594;VCT 2025: EMEA Stage 1;All Stages;All Match Types;Filu;KOI;119;85;186;83;0,62;115;65;23;15;16;0,3;0,09;1/11;18;77;93;27;18;19;111;22;6;3;25
3595;VCT 2025: EMEA Stage 1;All Stages;All Match Types;Filu;KOI;230;93;207;94;0,64;130;73;21;16;15;0,26;0,15;3/20;21;169;180;48;36;35;111;22;6;3;25
3596;VCT 2025: EMEA Stage 1;All Stages;All Match Types;soulcas;KOI;150;11;205;115;0,74;134;77;19;1;4;0,34;0,28;5/18;23;116;101;28;15;6;215;22;6;3;25
3597;VCT 2025: EMEA Stage 1;All Stages;All Match Types;soulcas;KOI;230;103;191;10;0,73;128;7;2;7;3;0,35;0,16;5/31;23;160;160;45;16;7;215;22;6;3;25
3598;VCT 2025: EMEA Stage 1;All Stages;All Match Types;Kada;Gentle Mates;56;84;179;78;0,75;115;63;43;13;7;0,26;0,13;1/8;25;35;45;24;7;4;211;21;6;3;25
3599;VCT 2025: EMEA Stage 1;All Stages;All Match Types;Kada;Gentle Mates;136;94;179;87;0,74;117;63;38;8;6;0,33;0,06;1/16;26;85;98;52;11;8;211;21;6;3;25
3600;VCT 2025: EMEA Stage 1;All Stages;All Match Types;Kada;Gentle Mates;78;97;181;96;0,73;129;64;32;12;13;0,33;0,08;1/12;17;50;52;25;9;10;211;21;6;3;25
3601;VCT 2025: EMEA Stage 1;All Stages;All Match Types;Kada;Gentle Mates;285;91;178;85;0,73;119;63;36;9;8;0,31;0,07;3/41;26;179;210;103;27;24;211;21;6;3;25
3602;VCT 2025: EMEA Stage 1;All Stages;All Match Types;kamyk;Gentle Mates;192;112;217;112;0,76;148;82;28;4;7;0,36;0,13;3/24;34;157;140;54;8;13;107;21;6;3;25
3603;VCT 2025: EMEA Stage 1;All Stages;All Match Types;kamyk;Gentle Mates;61;119;224;114;0,72;148;79;56;8;8;0,26;0,17;1/6;22;48;42;34;5;5;107;21;6;3;25
3604;VCT 2025: EMEA Stage 1;All Stages;All Match Types;kamyk;Gentle Mates;285;107;205;104;0,72;141;76;32;5;7;0,34;0,11;4/36;34;218;210;92;14;21;107;21;6;3;25
3605;VCT 2025: EMEA Stage 1;All Stages;All Match Types;Minny;Gentle Mates;123;109;208;109;0,72;144;76;21;12;11;0,36;0,16;3/19;25;93;85;26;15;14;89;21;6;3;25
3606;VCT 2025: EMEA Stage 1;All Stages;All Match Types;Minny;Gentle Mates;69;126;219;127;0,72;138;75;22;9;7;0,36;0,14;2/14;22;52;41;15;6;5;89;21;6;3;25
3607;VCT 2025: EMEA Stage 1;All Stages;All Match Types;Minny;Gentle Mates;285;105;191;102;0,68;131;69;17;9;8;0,35;0,1;5/48;25;198;194;48;26;22;89;21;6;3;25
3608;VCT 2025: EMEA Stage 1;All Stages;All Match Types;Click;Gentle Mates;83;93;227;105;0,69;142;83;14;17;2;0,4;0,25;1/4;22;69;66;12;14;17;217;21;6;3;25
3609;VCT 2025: EMEA Stage 1;All Stages;All Match Types;Click;Gentle Mates;82;84;208;86;0,63;120;66;11;18;22;0,45;0,25;2/8;18;54;63;9;15;18;217;21;6;3;25
3610;VCT 2025: EMEA Stage 1;All Stages;All Match Types;Click;Gentle Mates;285;72;188;78;0,64;116;62;14;13;22;0,36;0,2;3/15;22;178;227;40;37;64;217;21;6;3;25
3611;VCT 2025: EMEA Stage 1;All Stages;All Match Types;Zyppan;Gentle Mates;82;74;134;66;0,62;98;5;23;5;16;0,31;0,08;1/12;18;41;62;19;4;13;212;21;6;3;25
3612;VCT 2025: EMEA Stage 1;All Stages;All Match Types;Zyppan;Gentle Mates;186;83;166;82;0,72;117;56;2;7;1;0,27;0,06;1/17;22;105;128;38;13;18;212;21;6;3;25
3613;VCT 2025: EMEA Stage 1;All Stages;All Match Types;Zyppan;Gentle Mates;285;78;150;74;0,68;109;53;22;6;11;0,27;0,06;2/31;22;150;204;62;18;32;212;21;6;3;25
3614;VCT 2025: EMEA Stage 1;All Stages;All Match Types;Kicks;Team Vitality;151;99;160;92;0,74;105;59;42;5;6;0,22;0,21;3/14;26;89;97;63;7;9;85;20;6;3;25
3615;VCT 2025: EMEA Stage 1;All Stages;All Match Types;Kicks;Team Vitality;61;11;196;95;0,69;130;69;48;2;18;0,28;0,33;2/6;22;42;44;29;1;11;85;20;6;3;25
3616;VCT 2025: EMEA Stage 1;All Stages;All Match Types;Kicks;Team Vitality;46;92;162;83;0,7;107;54;37;2;0;0,2;0,14;1/7;15;25;30;17;1;0;85;20;6;3;25
3617;VCT 2025: EMEA Stage 1;All Stages;All Match Types;Kicks;Team Vitality;277;97;168;88;0,71;110;6;43;4;9;0,23;0,21;6/29;26;165;188;118;10;24;85;20;6;3;25
3618;VCT 2025: EMEA Stage 1;All Stages;All Match Types;CyvOph;Team Vitality;168;109;216;113;0,76;129;75;4;7;1;0,33;0,09;2/23;23;126;112;68;11;16;209;20;6;3;25
3619;VCT 2025: EMEA Stage 1;All Stages;All Match Types;CyvOph;Team Vitality;277;107;210;106;0,71;128;73;33;8;8;0,32;0,06;2/36;23;203;191;91;21;23;209;20;6;3;25
3620;VCT 2025: EMEA Stage 1;All Stages;All Match Types;Less;Team Vitality;158;88;179;94;0,68;122;65;16;3;1;0,35;0,16;3/19;26;103;109;26;5;16;104;20;6;3;25
3621;VCT 2025: EMEA Stage 1;All Stages;All Match Types;Less;Team Vitality;119;104;202;109;0,69;126;71;2;9;6;0,28;0,06;1/18;20;85;78;24;11;7;104;20;6;3;25
3622;VCT 2025: EMEA Stage 1;All Stages;All Match Types;Less;Team Vitality;277;95;189;101;0,68;124;68;18;6;8;0,32;0,11;4/37;26;188;187;50;16;23;104;20;6;3;25
3623;VCT 2025: EMEA Stage 1;All Stages;All Match Types;Derke;Team Vitality;154;91;198;91;0,66;127;66;25;23;21;0,26;0,31;4/13;20;101;111;39;36;33;109;20;6;3;25
3624;VCT 2025: EMEA Stage 1;All Stages;All Match Types;Derke;Team Vitality;277;93;208;92;0,64;133;69;22;21;24;0,23;0,21;4/19;20;192;209;61;59;67;109;20;6;3;25
3625;VCT 2025: EMEA Stage 1;All Stages;All Match Types;Sayf;Team Vitality;65;99;177;93;0,66;122;65;28;2;8;0,27;0,11;1/9;18;42;45;18;1;5;86;20;6;3;25
3626;VCT 2025: EMEA Stage 1;All Stages;All Match Types;Sayf;Team Vitality;193;82;163;78;0,69;115;54;24;7;6;0,22;0,16;3/19;24;105;135;46;13;11;86;20;6;3;25
3627;VCT 2025: EMEA Stage 1;All Stages;All Match Types;Sayf;Team Vitality;277;86;165;82;0,68;115;57;24;5;6;0,23;0,14;4/29;24;159;194;67;15;18;86;20;6;3;25
3628;VCT 2025: Pacific Stage 1;Playoffs;Upper Round 1;t3xture;Gen.G;35;124;257;135;0,69;162;89;11;14;6;0,31;0,33;1/3;19;31;23;4;5;2;162;35;7;1;26
3629;VCT 2025: Pacific Stage 1;Playoffs;Upper Round 1;t3xture;Gen.G;54;127;266;143;0,74;163;93;15;19;9;0,32;0,17;1/6;19;50;35;8;10;5;162;35;7;1;26
3630;VCT 2025: Pacific Stage 1;Playoffs;Upper Round 1;Ash;Gen.G;54;126;209;152;0,7;139;76;26;4;7;0,3;0,14;1/7;19;41;27;14;2;4;161;35;7;1;26
3631;VCT 2025: Pacific Stage 1;Playoffs;Upper Round 1;primmie;TALON;35;137;261;17;0,77;162;97;11;23;6;0,48;0,29;2/7;18;34;20;4;8;2;157;34;7;1;26
3632;VCT 2025: Pacific Stage 1;Playoffs;Upper Round 1;primmie;TALON;54;97;203;108;0,67;126;72;11;2;17;0,47;0,22;2/9;18;39;36;6;11;9;157;34;7;1;26
3633;VCT 2025: Pacific Stage 1;Playoffs;Upper Round 1;iZu;T1;26;129;207;131;0,81;128;81;23;4;0;0,24;0,17;1/6;21;21;16;6;1;0;71;16;7;1;26
3634;VCT 2025: Pacific Stage 1;Playoffs;Upper Round 1;iZu;T1;54;106;182;10;0,69;115;67;3;9;9;0,34;0,08;1/12;21;36;36;16;5;5;71;16;7;1;26
3635;VCT 2025: Pacific Stage 1;Playoffs;Upper Round 1;Estrella;DRX;26;91;153;88;0,69;103;54;42;4;8;0,25;1;1/1;14;14;16;11;1;2;187;5;7;1;26
3636;VCT 2025: Pacific Stage 1;Playoffs;Upper Round 1;Estrella;DRX;54;9;158;8;0,72;104;52;46;4;6;0,24;0,25;1/4;14;28;35;25;2;3;187;5;7;1;26
3637;VCT 2025: Pacific Stage 1;Playoffs;Upper Round 1;MaKo;DRX;26;129;220;133;0,81;153;77;69;8;0;0,21;0,2;1/5;20;20;15;18;2;0;16;5;7;1;26
3638;VCT 2025: Pacific Stage 1;Playoffs;Upper Round 1;MaKo;DRX;54;128;230;138;0,78;154;81;5;13;7;0,25;0,13;1/8;24;44;32;27;7;4;16;5;7;1;26
3639;VCT 2025: Pacific Stage 1;Playoffs;Upper Round 1;BeYN;DRX;26;114;189;121;0,73;124;65;27;8;12;0,17;0,5;1/2;17;17;14;7;2;3;15;5;7;1;26
3640;VCT 2025: Pacific Stage 1;Playoffs;Upper Round 1;BeYN;DRX;54;11;178;12;0,74;119;67;28;6;7;0,2;0,2;1/5;19;36;30;15;3;4;15;5;7;1;26
3641;VCT 2025: Pacific Stage 1;Playoffs;Upper Round 1;free1ng;DRX;28;11;204;112;0,75;135;68;11;21;14;0,28;0,25;1/4;19;19;17;3;6;4;14;5;7;1;26
3642;VCT 2025: Pacific Stage 1;Playoffs;Upper Round 1;free1ng;DRX;54;103;200;109;0,72;130;7;15;15;15;0,28;0,14;1/7;19;38;35;8;8;8;14;5;7;1;26
3643;VCT 2025: Pacific Stage 1;Playoffs;Upper Semifinals;crazyguy;Rex Regum Qeon;50;111;230;109;0,78;152;76;34;4;4;0,31;0,22;2/9;23;38;35;17;2;2;52;12;7;1;2
3644;VCT 2025: Pacific Stage 1;Playoffs;Upper Semifinals;crazyguy;Rex Regum Qeon;67;107;227;104;0,79;151;73;36;6;4;0,26;0,22;2/9;23;49;47;24;4;3;52;12;7;1;2
3645;VCT 2025: Pacific Stage 1;Playoffs;Upper Semifinals;Jemkin;Rex Regum Qeon;17;189;325;263;0,82;209;124;6;29;6;0,33;0,33;1/3;21;21;8;1;5;1;57;12;7;1;2
3646;VCT 2025: Pacific Stage 1;Playoffs;Upper Semifinals;Jemkin;Rex Regum Qeon;67;141;253;162;0,73;163;9;16;19;1;0,35;0,14;1/7;25;60;37;11;13;7;57;12;7;1;2
3647;VCT 2025: Pacific Stage 1;Playoffs;Upper Semifinals;Kushy;Rex Regum Qeon;50;96;180;86;0,76;137;62;34;2;8;0,25;0,29;2/7;21;31;36;17;1;4;51;12;7;1;2
3648;VCT 2025: Pacific Stage 1;Playoffs;Upper Semifinals;Kushy;Rex Regum Qeon;67;10;189;96;0,76;136;67;34;1;7;0,29;0,29;2/7;21;45;47;23;1;5;51;12;7;1;2
3649;VCT 2025: Pacific Stage 1;Playoffs;Upper Semifinals;Monyet;Rex Regum Qeon;17;116;175;133;0,82;121;71;65;6;0;0,27;0,5;1/2;12;12;9;11;1;0;56;12;7;1;2
3650;VCT 2025: Pacific Stage 1;Playoffs;Upper Semifinals;Monyet;Rex Regum Qeon;67;86;163;83;0,75;104;57;45;16;13;0,28;0,17;1/6;15;38;46;30;11;9;56;12;7;1;2
3651;VCT 2025: Pacific Stage 1;Playoffs;Upper Semifinals;MaKo;DRX;17;104;210;92;0,71;123;71;41;12;6;0,22;0,33;1/3;12;12;13;7;2;1;16;5;7;1;2
3652;VCT 2025: Pacific Stage 1;Playoffs;Upper Semifinals;MaKo;DRX;67;13;259;133;0,78;159;91;36;1;4;0,23;0,13;1/8;29;61;46;24;7;3;16;5;7;1;2
3653;VCT 2025: Pacific Stage 1;Playoffs;Upper Semifinals;BeYN;DRX;24;124;225;119;0,75;146;79;46;13;13;0,31;0,5;1/2;19;19;16;11;3;3;15;5;7;1;2
3654;VCT 2025: Pacific Stage 1;Playoffs;Upper Semifinals;BeYN;DRX;67;68;144;6;0,69;90;48;3;4;7;0,25;0,25;1/4;19;32;53;20;3;5;15;5;7;1;2
3655;VCT 2025: Pacific Stage 1;Playoffs;Upper Semifinals;HYUNMIN;DRX;24;91;199;89;0,71;128;71;29;13;25;0,32;0,5;2/4;17;17;19;7;3;6;37;5;7;1;2
3656;VCT 2025: Pacific Stage 1;Playoffs;Upper Semifinals;HYUNMIN;DRX;67;101;246;10;0,67;158;84;16;15;16;0,27;0,22;2/9;24;56;56;11;10;11;37;5;7;1;2
3657;VCT 2025: Pacific Stage 1;Playoffs;Upper Semifinals;free1ng;DRX;26;122;233;138;0,62;151;85;8;19;19;0,28;0,25;1/4;22;22;16;2;5;5;14;5;7;1;2
3658;VCT 2025: Pacific Stage 1;Playoffs;Upper Semifinals;free1ng;DRX;41;86;164;79;0,54;117;56;17;5;17;0,2;0,13;1/8;16;23;29;7;2;7;14;5;7;1;2
3659;VCT 2025: Pacific Stage 1;Playoffs;Upper Semifinals;free1ng;DRX;67;10;187;10;0,57;130;67;13;1;18;0,23;0,17;2/12;22;45;45;9;7;12;14;5;7;1;2
3660;VCT 2025: Pacific Stage 1;Playoffs;Upper Semifinals;dos9;BOOM Esports;40;85;180;75;0,68;123;6;48;3;13;0,3;0,13;1/8;18;24;32;19;1;5;185;40;7;1;2
3661;VCT 2025: Pacific Stage 1;Playoffs;Upper Semifinals;Shiro;BOOM Esports;21;46;138;47;0,52;98;43;19;5;1;0,25;0,33;1/3;9;9;19;4;1;2;194;40;7;1;2
3662;VCT 2025: Pacific Stage 1;Playoffs;Upper Semifinals;Shiro;BOOM Esports;40;81;186;75;0,63;116;6;25;8;13;0,21;0,17;1/6;15;24;32;10;3;5;194;40;7;1;2
3663;VCT 2025: Pacific Stage 1;Playoffs;Upper Semifinals;BerserX;BOOM Esports;21;9;217;89;0,71;149;76;5;5;5;0,31;0,4;2/5;16;16;18;1;1;1;186;40;7;1;2
3664;VCT 2025: Pacific Stage 1;Playoffs;Upper Semifinals;BerserX;BOOM Esports;40;85;184;81;0,65;131;65;13;5;13;0,3;0,29;2/7;16;26;32;5;2;5;186;40;7;1;2
3665;VCT 2025: Pacific Stage 1;Playoffs;Upper Final;Kushy;Rex Regum Qeon;21;67;149;59;0,86;98;48;48;0;5;0,33;0,5;1/2;10;10;17;10;0;1;51;12;7;1;3
3666;VCT 2025: Pacific Stage 1;Playoffs;Upper Final;Kushy;Rex Regum Qeon;39;71;154;61;0,74;104;49;33;3;5;0,26;0,5;1/2;10;19;31;13;1;2;51;12;7;1;3
3667;VCT 2025: Pacific Stage 1;Playoffs;Upper Final;xffero;Rex Regum Qeon;21;97;171;93;0,67;121;62;14;5;1;0,23;0,33;1/3;13;13;14;3;1;2;50;12;7;1;3
3668;VCT 2025: Pacific Stage 1;Playoffs;Upper Final;xffero;Rex Regum Qeon;39;71;134;64;0,59;96;46;13;3;1;0,19;0,2;1/5;13;18;28;5;1;4;50;12;7;1;3
3669;VCT 2025: Pacific Stage 1;Playoffs;Upper Final;Monyet;Rex Regum Qeon;18;8;147;69;0,61;109;5;11;0;0;0,41;0,25;1/4;9;9;13;2;0;0;56;12;7;1;3
3670;VCT 2025: Pacific Stage 1;Playoffs;Upper Final;Monyet;Rex Regum Qeon;39;64;132;53;0,62;100;44;23;8;5;0,38;0,11;1/9;9;17;32;9;3;2;56;12;7;1;3
3671;VCT 2025: Pacific Stage 1;Playoffs;Upper Final;Foxy9;Gen.G;21;136;222;158;0,76;146;9;1;1;14;0,35;0,5;2/4;19;19;12;2;2;3;188;35;7;1;3
3672;VCT 2025: Pacific Stage 1;Playoffs;Upper Final;Foxy9;Gen.G;39;123;190;145;0,77;126;74;13;8;8;0,33;0,5;2/4;19;29;20;5;3;3;188;35;7;1;3
3673;VCT 2025: Pacific Stage 1;Playoffs;Grand Final;crazyguy;Rex Regum Qeon;48;99;170;11;0,69;110;67;19;6;6;0,23;0,43;3/7;17;32;29;9;3;3;52;12;7;1;4
3674;VCT 2025: Pacific Stage 1;Playoffs;Grand Final;crazyguy;Rex Regum Qeon;91;94;167;93;0,71;108;6;33;5;5;0,19;0,21;3/14;17;55;59;30;5;5;52;12;7;1;4
3675;VCT 2025: Pacific Stage 1;Playoffs;Grand Final;xffero;Rex Regum Qeon;45;91;172;82;0,67;125;6;33;4;2;0,27;0,25;1/4;17;27;33;15;2;1;50;12;7;1;4
3676;VCT 2025: Pacific Stage 1;Playoffs;Grand Final;xffero;Rex Regum Qeon;22;134;282;177;0,73;177;105;18;5;14;0,25;0,4;2/5;23;23;13;4;1;3;50;12;7;1;4
3677;VCT 2025: Pacific Stage 1;Playoffs;Grand Final;xffero;Rex Regum Qeon;91;95;193;10;0,69;131;69;24;4;9;0,25;0,25;3/12;23;63;63;22;4;8;50;12;7;1;4
3678;VCT 2025: Pacific Stage 1;Playoffs;Grand Final;Monyet;Rex Regum Qeon;46;123;206;126;0,76;134;74;37;4;11;0,4;0,29;2/7;18;34;27;17;2;5;56;12;7;1;4
3679;VCT 2025: Pacific Stage 1;Playoffs;Grand Final;Monyet;Rex Regum Qeon;21;67;151;56;0,71;96;43;38;14;24;0,19;1;1/1;9;9;16;8;3;5;56;12;7;1;4
3680;VCT 2025: Pacific Stage 1;Playoffs;Grand Final;Monyet;Rex Regum Qeon;91;113;214;115;0,78;138;75;34;8;13;0,36;0,27;3/11;25;68;59;31;7;12;56;12;7;1;4
3681;VCT 2025: Pacific Stage 1;Playoffs;Grand Final;Ash;Gen.G;22;81;161;72;0,73;114;59;23;9;9;0,39;0,5;1/2;13;13;18;5;2;2;161;35;7;1;4
3682;VCT 2025: Pacific Stage 1;Playoffs;Grand Final;Ash;Gen.G;91;71;143;69;0,67;100;49;22;5;8;0,31;0,13;1/8;13;45;65;20;5;7;161;35;7;1;4
3683;VCT 2025: Pacific Stage 1;Playoffs;Grand Final;t3xture;Gen.G;24;105;212;10;0,5;148;71;8;13;21;0,3;0,33;1/3;17;17;17;2;3;5;162;35;7;1;4
3684;VCT 2025: Pacific Stage 1;Playoffs;Grand Final;t3xture;Gen.G;91;9;203;89;0,66;136;68;18;15;18;0,27;0,14;1/7;18;62;70;16;14;16;162;35;7;1;4
3685;VCT 2025: Pacific Stage 1;Playoffs;Grand Final;Munchkin;Gen.G;48;10;196;87;0,65;117;69;42;15;17;0,32;0,11;1/9;19;33;38;20;7;8;189;35;7;1;4
3686;VCT 2025: Pacific Stage 1;Playoffs;Grand Final;Munchkin;Gen.G;43;109;221;10;0,74;135;74;37;14;9;0,12;0,11;1/9;17;32;32;16;6;4;189;35;7;1;4
3687;VCT 2025: Pacific Stage 1;Playoffs;Grand Final;Munchkin;Gen.G;91;105;208;93;0,69;125;71;4;14;13;0,2;0,11;2/18;19;65;70;36;13;12;189;35;7;1;4
3688;VCT 2025: Pacific Stage 1;Playoffs;Grand Final;Foxy9;Gen.G;69;92;198;102;0,71;138;7;16;4;14;0,29;0,5;2/4;19;48;47;11;3;10;188;35;7;1;4
3689;VCT 2025: Pacific Stage 1;Playoffs;Grand Final;Foxy9;Gen.G;22;81;186;84;0,64;120;73;14;5;5;0,3;0,5;2/4;16;16;19;3;1;1;188;35;7;1;4
3690;VCT 2025: Pacific Stage 1;Playoffs;Grand Final;Foxy9;Gen.G;91;89;195;97;0,69;133;7;15;4;12;0,29;0,5;4/8;19;64;66;14;4;11;188;35;7;1;4
3691;VCT 2025: Pacific Stage 1;Playoffs;Grand Final;Karon;Gen.G;67;107;209;106;0,72;134;78;3;4;1;0,33;0,3;3/10;19;52;49;20;3;1;163;35;7;1;4
3692;VCT 2025: Pacific Stage 1;Playoffs;Grand Final;Karon;Gen.G;91;105;206;101;0,7;133;76;3;5;3;0,32;0,2;3/15;19;69;68;27;5;3;163;35;7;1;4
3693;VCT 2025: Pacific Stage 1;Playoffs;Lower Round 1;Persia;Nongshim RedForce;20;118;183;14;0,7;114;7;2;15;5;0,24;0,5;1/2;14;14;10;4;3;1;154;33;7;1;5
3694;VCT 2025: Pacific Stage 1;Playoffs;Lower Round 1;Persia;Nongshim RedForce;64;93;170;93;0,64;106;61;2;11;6;0,25;0,13;1/8;14;39;42;13;7;4;154;33;7;1;5
3695;VCT 2025: Pacific Stage 1;Playoffs;Lower Round 1;Francis;Nongshim RedForce;20;189;265;35;0,95;178;105;2;1;0;0,22;0,5;1/2;21;21;6;4;2;0;175;33;7;1;5
3696;VCT 2025: Pacific Stage 1;Playoffs;Lower Round 1;Francis;Nongshim RedForce;64;104;182;10;0,7;121;64;3;8;11;0,21;0,14;1/7;21;41;41;19;5;7;175;33;7;1;5
3697;VCT 2025: Pacific Stage 1;Playoffs;Lower Round 1;Ivy;Nongshim RedForce;22;98;156;92;0,64;107;55;5;14;0;0,19;0,2;1/5;12;12;13;1;3;0;192;33;7;1;5
3698;VCT 2025: Pacific Stage 1;Playoffs;Lower Round 1;Ivy;Nongshim RedForce;64;109;192;118;0,73;124;7;2;9;5;0,3;0,09;1/11;18;45;38;13;6;3;192;33;7;1;5
3699;VCT 2025: Pacific Stage 1;Playoffs;Lower Round 1;thyy;TALON;20;68;131;59;0,5;77;5;1;5;5;0,36;0,25;1/4;10;10;17;2;1;1;158;34;7;1;5
3700;VCT 2025: Pacific Stage 1;Playoffs;Lower Round 1;thyy;TALON;64;81;144;75;0,66;89;52;2;6;5;0,4;0,13;1/8;14;33;44;13;4;3;158;34;7;1;5
3701;VCT 2025: Pacific Stage 1;Playoffs;Lower Round 1;JitBoyS;TALON;42;94;184;9;0,64;130;64;14;14;12;0,39;0,2;1/5;17;27;30;6;6;5;156;34;7;1;5
3702;VCT 2025: Pacific Stage 1;Playoffs;Lower Round 1;JitBoyS;TALON;64;106;196;107;0,69;133;72;19;13;14;0,36;0,14;1/7;19;46;43;12;8;9;156;34;7;1;5
3703;VCT 2025: Pacific Stage 1;Playoffs;Lower Round 1;Crws;TALON;22;89;125;85;0,68;82;5;18;5;9;0,24;0,5;2/4;11;11;13;4;1;2;159;34;7;1;5
3704;VCT 2025: Pacific Stage 1;Playoffs;Lower Round 1;Crws;TALON;64;83;151;81;0,63;108;55;14;3;9;0,29;0,2;2/10;16;35;43;9;2;6;159;34;7;1;5
3705;VCT 2025: Pacific Stage 1;Playoffs;Lower Round 1;primmie;TALON;42;114;236;124;0,74;154;86;14;19;14;0,29;0,25;1/4;25;36;29;6;8;6;157;34;7;1;5
3706;VCT 2025: Pacific Stage 1;Playoffs;Lower Round 1;primmie;TALON;64;106;222;116;0,69;149;8;13;2;17;0,34;0,25;1/4;25;51;44;8;13;11;157;34;7;1;5
3707;VCT 2025: Pacific Stage 1;Playoffs;Lower Round 1;PatMen;Paper Rex;15;115;178;10;0,93;113;6;67;7;0;0,17;1;1/1;9;9;9;10;1;0;20;7;7;1;5
3708;VCT 2025: Pacific Stage 1;Playoffs;Lower Round 1;PatMen;Paper Rex;17;148;272;18;0,76;183;106;53;0;0;0,27;1;1/1;18;18;10;9;0;0;20;7;7;1;5
3709;VCT 2025: Pacific Stage 1;Playoffs;Lower Round 1;PatMen;Paper Rex;48;113;204;109;0,73;139;75;56;2;0;0,27;0,4;2/5;18;36;33;27;1;0;20;7;7;1;5
3710;VCT 2025: Pacific Stage 1;Playoffs;Lower Round 1;f0rsakeN;Paper Rex;15;155;229;25;0,87;134;10;33;2;7;0,38;1;1/1;15;15;6;5;3;1;21;7;7;1;5
3711;VCT 2025: Pacific Stage 1;Playoffs;Lower Round 1;f0rsakeN;Paper Rex;48;12;212;13;0,77;124;81;4;21;1;0,29;0,2;1/5;15;39;30;19;10;5;21;7;7;1;5
3712;VCT 2025: Pacific Stage 1;Playoffs;Lower Round 1;d4v41;Paper Rex;32;127;204;159;0,91;138;84;34;16;0;0,27;0,33;1/3;14;27;17;11;5;0;22;7;7;1;5
3713;VCT 2025: Pacific Stage 1;Playoffs;Lower Round 1;d4v41;Paper Rex;48;97;175;106;0,81;119;71;29;15;8;0,23;0,2;1/5;14;34;32;14;7;4;22;7;7;1;5
3714;VCT 2025: Pacific Stage 1;Playoffs;Lower Round 1;Sylvan;T1;16;124;198;125;0,94;143;63;5;6;13;0,21;1;1/1;10;10;8;8;1;2;219;16;7;1;5
3715;VCT 2025: Pacific Stage 1;Playoffs;Lower Round 1;Sylvan;T1;32;5;117;5;0,53;85;44;25;3;16;0,26;0,5;3/6;8;14;28;8;1;5;219;16;7;1;5
3716;VCT 2025: Pacific Stage 1;Playoffs;Lower Round 1;Sylvan;T1;48;75;144;67;0,67;104;5;33;4;15;0,24;0,57;4/7;10;24;36;16;2;7;219;16;7;1;5
3717;VCT 2025: Pacific Stage 1;Playoffs;Lower Round 1;Meteor;T1;16;148;278;225;0,94;165;113;31;6;13;0,3;1;1/1;18;18;8;5;1;2;68;16;7;1;5
3718;VCT 2025: Pacific Stage 1;Playoffs;Lower Round 1;Meteor;T1;48;93;220;10;0,67;140;79;1;1;17;0,26;0,11;1/9;18;38;38;5;5;8;68;16;7;1;5
3719;VCT 2025: Pacific Stage 1;Playoffs;Lower Round 2;PatMen;Paper Rex;21;143;245;173;0,81;157;9;38;1;5;0,28;0,5;2/4;19;19;11;8;2;1;20;7;7;1;6
3720;VCT 2025: Pacific Stage 1;Playoffs;Lower Round 2;PatMen;Paper Rex;39;127;218;145;0,82;143;82;51;5;5;0,29;0,33;2/6;19;32;22;20;2;2;20;7;7;1;6
3721;VCT 2025: Pacific Stage 1;Playoffs;Lower Round 2;d4v41;Paper Rex;21;94;180;10;0,76;127;67;1;1;14;0,11;0,5;1/2;14;14;14;2;2;3;22;7;7;1;6
3722;VCT 2025: Pacific Stage 1;Playoffs;Lower Round 2;d4v41;Paper Rex;39;103;200;117;0,79;136;72;26;8;8;0,15;0,33;1/3;14;28;24;10;3;3;22;7;7;1;6
3723;VCT 2025: Pacific Stage 1;Playoffs;Lower Round 2;f0rsakeN;Paper Rex;21;103;217;94;0,71;136;71;24;19;1;0,12;0,5;1/2;15;15;16;5;4;2;21;7;7;1;6
3724;VCT 2025: Pacific Stage 1;Playoffs;Lower Round 2;f0rsakeN;Paper Rex;39;106;226;10;0,79;137;72;51;21;8;0,13;0,33;1/3;15;28;28;20;8;3;21;7;7;1;6
3725;VCT 2025: Pacific Stage 1;Playoffs;Lower Round 2;Jinggg;Paper Rex;39;153;298;20;0,79;181;118;13;15;1;0,25;0,5;1/2;28;46;23;5;6;4;27;7;7;1;6
3726;VCT 2025: Pacific Stage 1;Playoffs;Lower Round 2;dos9;BOOM Esports;18;119;283;10;0,67;185;94;11;11;6;0,37;0,4;2/5;17;17;17;2;2;1;185;40;7;1;6
3727;VCT 2025: Pacific Stage 1;Playoffs;Lower Round 2;dos9;BOOM Esports;39;114;272;106;0,72;174;9;28;15;13;0,24;0,33;2/6;18;35;33;11;6;5;185;40;7;1;6
3728;VCT 2025: Pacific Stage 1;Playoffs;Lower Round 2;BerserX;BOOM Esports;21;112;253;112;0,76;155;9;24;14;0;0,14;0,25;1/4;19;19;17;5;3;0;186;40;7;1;6
3729;VCT 2025: Pacific Stage 1;Playoffs;Lower Round 2;BerserX;BOOM Esports;18;4;111;31;0,44;82;28;28;6;11;0,2;0,25;1/4;5;5;16;5;1;2;186;40;7;1;6
3730;VCT 2025: Pacific Stage 1;Playoffs;Lower Round 2;BerserX;BOOM Esports;39;79;182;73;0,62;121;62;26;1;5;0,16;0,25;2/8;19;24;33;10;4;2;186;40;7;1;6
3731;VCT 2025: Pacific Stage 1;Playoffs;Lower Round 2;Famouz;BOOM Esports;39;61;138;66;0,56;89;54;1;8;28;0,18;0,17;1/6;12;21;32;4;3;11;191;40;7;1;6
3732;VCT 2025: Pacific Stage 1;Playoffs;Lower Round 2;Shiro;BOOM Esports;39;54;130;5;0,64;100;41;13;8;3;0,23;0,2;1/5;11;16;32;5;3;1;194;40;7;1;6
3733;VCT 2025: Pacific Stage 1;Playoffs;Lower Round 2;thyy;TALON;26;9;164;82;0,77;102;54;46;0;8;0,38;0,25;1/4;14;14;17;12;0;2;158;34;7;1;6
3734;VCT 2025: Pacific Stage 1;Playoffs;Lower Round 2;thyy;TALON;43;94;186;87;0,72;114;6;4;2;7;0,33;0,14;1/7;14;26;30;17;1;3;158;34;7;1;6
3735;VCT 2025: Pacific Stage 1;Playoffs;Lower Round 2;JitBoyS;TALON;26;84;182;84;0,54;108;62;12;12;27;0,26;1;1/1;16;16;19;3;3;7;156;34;7;1;6
3736;VCT 2025: Pacific Stage 1;Playoffs;Lower Round 2;JitBoyS;TALON;43;86;188;82;0,58;122;63;12;16;23;0,31;0,33;1/3;16;27;33;5;7;10;156;34;7;1;6
3737;VCT 2025: Pacific Stage 1;Playoffs;Lower Round 2;Crws;TALON;26;99;219;106;0,62;150;73;12;8;12;0,27;1;1/1;19;19;18;3;2;3;159;34;7;1;6
3738;VCT 2025: Pacific Stage 1;Playoffs;Lower Round 2;Crws;TALON;43;73;155;75;0,51;122;56;12;5;7;0,27;0,5;1/2;19;24;32;5;2;3;159;34;7;1;6
3739;VCT 2025: Pacific Stage 1;Playoffs;Lower Round 2;MaKo;DRX;26;135;269;141;0,77;174;92;73;12;4;0,39;0,2;1/5;24;24;17;19;3;1;16;5;7;1;6
3740;VCT 2025: Pacific Stage 1;Playoffs;Lower Round 2;MaKo;DRX;17;152;265;213;0,82;152;10;24;18;18;0,38;0,5;1/2;17;17;8;4;3;3;16;5;7;1;6
3741;VCT 2025: Pacific Stage 1;Playoffs;Lower Round 2;MaKo;DRX;43;142;267;164;0,79;166;95;53;14;9;0,38;0,29;2/7;24;41;25;23;6;4;16;5;7;1;6
3742;VCT 2025: Pacific Stage 1;Playoffs;Lower Round 2;BeYN;DRX;26;119;189;136;0,69;132;73;8;15;0;0,23;0,5;2/4;19;19;14;2;4;0;15;5;7;1;6
3743;VCT 2025: Pacific Stage 1;Playoffs;Lower Round 2;BeYN;DRX;43;123;212;143;0,72;134;77;9;12;5;0,25;0,5;2/4;19;33;23;4;5;2;15;5;7;1;6
3744;VCT 2025: Pacific Stage 1;Playoffs;Lower Round 2;free1ng;DRX;43;91;177;9;0,81;120;6;28;7;2;0,24;0,25;1/4;13;26;29;12;3;1;14;5;7;1;6
3745;VCT 2025: Pacific Stage 1;Playoffs;Lower Round 3;free1ng;DRX;45;91;166;87;0,64;117;58;11;18;7;0,39;0,13;1/8;18;26;30;5;8;3;14;5;7;1;7
3746;VCT 2025: Pacific Stage 1;Playoffs;Lower Round 3;PatMen;Paper Rex;24;81;146;76;0,75;90;54;17;13;4;0,3;0,25;1/4;13;13;17;4;3;1;20;7;7;1;7
3747;VCT 2025: Pacific Stage 1;Playoffs;Lower Round 3;PatMen;Paper Rex;45;105;188;103;0,71;116;67;27;11;7;0,33;0,25;1/4;17;30;29;12;5;3;20;7;7;1;7
3748;VCT 2025: Pacific Stage 1;Playoffs;Lower Round 3;d4v41;Paper Rex;24;129;210;154;0,67;148;83;21;0;13;0,27;0,5;2/4;20;20;13;5;0;3;22;7;7;1;7
3749;VCT 2025: Pacific Stage 1;Playoffs;Lower Round 3;d4v41;Paper Rex;45;122;196;139;0,71;140;71;22;2;7;0,21;0,25;2/8;20;32;23;10;1;3;22;7;7;1;7
3750;VCT 2025: Pacific Stage 1;Playoffs;Lower Round 3;f0rsakeN;Paper Rex;21;122;179;136;0,52;138;71;1;0;5;0,63;1;1/1;15;15;11;2;0;1;21;7;7;1;7
3751;VCT 2025: Pacific Stage 1;Playoffs;Lower Round 3;f0rsakeN;Paper Rex;45;129;216;133;0,71;152;8;24;9;4;0,46;0,33;1/3;21;36;27;11;4;2;21;7;7;1;7
3752;VCT 2025: Pacific Stage 1;Playoffs;Lower Final;xffero;Rex Regum Qeon;26;10;140;14;0,85;95;54;42;0;12;0,26;0,5;2/4;14;14;10;11;0;3;50;12;7;1;8
3753;VCT 2025: Pacific Stage 1;Playoffs;Lower Final;xffero;Rex Regum Qeon;19;121;238;133;0,84;171;84;53;11;5;0,32;0,5;1/2;16;16;12;10;2;1;50;12;7;1;8
3754;VCT 2025: Pacific Stage 1;Playoffs;Lower Final;xffero;Rex Regum Qeon;26;73;127;76;0,73;82;5;15;4;15;0,24;0,5;1/2;13;13;17;4;1;4;50;12;7;1;8
3755;VCT 2025: Pacific Stage 1;Playoffs;Lower Final;xffero;Rex Regum Qeon;102;83;154;85;0,74;108;55;3;4;15;0,24;0,27;4/15;16;56;66;31;4;15;50;12;7;1;8
3756;VCT 2025: Pacific Stage 1;Playoffs;Lower Final;Jemkin;Rex Regum Qeon;15;129;211;11;0,67;144;73;13;0;2;0,5;0,2;1/5;11;11;10;2;0;3;57;12;7;1;8
3757;VCT 2025: Pacific Stage 1;Playoffs;Lower Final;Jemkin;Rex Regum Qeon;71;152;296;165;0,79;182;107;28;28;8;0,47;0,25;2/8;32;76;46;20;20;6;57;12;7;1;8
3758;VCT 2025: Pacific Stage 1;Playoffs;Lower Final;Jemkin;Rex Regum Qeon;102;132;246;132;0,73;161;92;23;22;13;0,45;0,23;3/13;32;94;71;23;22;13;57;12;7;1;8
3759;VCT 2025: Pacific Stage 1;Playoffs;Lower Final;Kushy;Rex Regum Qeon;26;84;156;68;0,62;97;5;35;4;0;0,21;0,33;1/3;13;13;19;9;1;0;51;12;7;1;8
3760;VCT 2025: Pacific Stage 1;Playoffs;Lower Final;Kushy;Rex Regum Qeon;26;151;305;194;0,81;189;119;27;8;4;0,24;0,25;1/4;31;31;16;7;2;1;51;12;7;1;8
3761;VCT 2025: Pacific Stage 1;Playoffs;Lower Final;Kushy;Rex Regum Qeon;19;98;159;92;0,74;102;58;37;5;16;0,28;0,33;1/3;11;11;12;7;1;3;51;12;7;1;8
3762;VCT 2025: Pacific Stage 1;Playoffs;Lower Final;Kushy;Rex Regum Qeon;102;85;159;83;0,62;109;63;25;4;9;0,25;0,25;3/12;31;64;77;26;4;9;51;12;7;1;8
3763;VCT 2025: Pacific Stage 1;Playoffs;Lower Final;Monyet;Rex Regum Qeon;26;97;214;78;0,69;140;69;27;15;15;0,2;1;1/1;18;18;23;7;4;4;56;12;7;1;8
3764;VCT 2025: Pacific Stage 1;Playoffs;Lower Final;Monyet;Rex Regum Qeon;16;99;232;93;0,5;147;81;19;0;19;0,21;0,5;1/2;13;13;14;3;0;3;56;12;7;1;8
3765;VCT 2025: Pacific Stage 1;Playoffs;Lower Final;Monyet;Rex Regum Qeon;102;8;175;75;0,61;114;63;33;9;19;0,19;0,4;2/5;18;64;85;34;9;19;56;12;7;1;8
3766;VCT 2025: Pacific Stage 1;Playoffs;Lower Final;d4v41;Paper Rex;26;85;174;7;0,69;124;54;42;4;15;0,33;0,2;1/5;14;14;20;11;1;4;22;7;7;1;8
3767;VCT 2025: Pacific Stage 1;Playoffs;Lower Final;d4v41;Paper Rex;102;103;206;109;0,77;140;7;29;1;6;0,25;0,08;1/13;18;71;65;30;10;6;22;7;7;1;8
3768;VCT 2025: Pacific Stage 1;Playoffs;Lower Final;PatMen;Paper Rex;26;8;176;8;0,65;117;62;27;8;8;0,36;0,33;1/3;16;16;20;7;2;2;20;7;7;1;8
3769;VCT 2025: Pacific Stage 1;Playoffs;Lower Final;PatMen;Paper Rex;102;89;174;93;0,76;113;61;39;4;5;0,36;0,09;1/11;16;62;67;40;4;5;20;7;7;1;8
3770;VCT 2025: Pacific Stage 1;Playoffs;Lower Final;something;Paper Rex;87;104;224;112;0,7;137;77;17;22;15;0,22;0,25;2/8;20;67;60;15;19;13;23;7;7;1;8
3771;VCT 2025: Pacific Stage 1;Playoffs;Lower Final;something;Paper Rex;102;105;212;113;0,73;133;75;17;21;14;0,25;0,25;2/8;20;76;67;17;21;14;23;7;7;1;8
3772;VCT 2025: Pacific Stage 1;Playoffs;Lower Final;f0rsakeN;Paper Rex;19;118;254;114;0,84;147;84;63;16;11;0,18;1;1/1;16;16;14;12;3;2;21;7;7;1;8
3773;VCT 2025: Pacific Stage 1;Playoffs;Lower Final;f0rsakeN;Paper Rex;26;107;224;131;0,65;148;81;42;8;15;0,35;1;1/1;21;21;16;11;2;4;21;7;7;1;8
3774;VCT 2025: Pacific Stage 1;Playoffs;Lower Final;f0rsakeN;Paper Rex;102;133;268;157;0,78;164;92;3;13;1;0,31;0,25;2/8;26;94;60;31;13;10;21;7;7;1;8
3775;VCT 2025: Pacific Stage 1;Playoffs;Lower Final;Jinggg;Paper Rex;26;104;207;9;0,85;134;69;27;8;8;0,4;0,33;1/3;18;18;20;7;2;2;27;7;7;1;8
3776;VCT 2025: Pacific Stage 1;Playoffs;Lower Final;Jinggg;Paper Rex;41;96;203;107;0,83;140;73;17;22;5;0,19;0,25;1/4;22;30;28;7;9;2;27;7;7;1;8
3777;VCT 2025: Pacific Stage 1;Playoffs;Lower Final;Jinggg;Paper Rex;102;94;181;99;0,8;122;68;25;13;6;0,27;0,17;2/12;22;69;70;25;13;6;27;7;7;1;8
3778;VCT 2025: Pacific Stage 1;Group Stage;Week 1;Monyet;Rex Regum Qeon;18;97;136;10;0,78;101;5;39;0;6;0,3;1;1/1;9;9;9;7;0;1;56;12;7;2;27
3779;VCT 2025: Pacific Stage 1;Group Stage;Week 1;Monyet;Rex Regum Qeon;62;105;177;119;0,79;118;69;32;1;3;0,23;0,2;1/5;20;43;36;20;6;2;56;12;7;2;27
3780;VCT 2025: Pacific Stage 1;Group Stage;Week 1;crazyguy;Rex Regum Qeon;41;99;182;10;0,8;119;61;34;0;2;0,18;0,33;1/3;15;25;25;14;0;1;52;12;7;2;27
3781;VCT 2025: Pacific Stage 1;Group Stage;Week 1;crazyguy;Rex Regum Qeon;62;85;168;8;0,73;112;53;29;3;5;0,21;0,25;1/4;15;33;41;18;2;3;52;12;7;2;27
3782;VCT 2025: Pacific Stage 1;Group Stage;Week 1;Kushy;Rex Regum Qeon;18;175;252;271;0,83;169;106;44;17;11;0,41;0,33;1/3;19;19;7;8;3;2;51;12;7;2;27
3783;VCT 2025: Pacific Stage 1;Group Stage;Week 1;Kushy;Rex Regum Qeon;62;128;207;131;0,76;134;76;35;11;1;0,41;0,14;1/7;19;47;36;22;7;6;51;12;7;2;27
3784;VCT 2025: Pacific Stage 1;Group Stage;Week 1;Wild0reoo;Team Secret;37;78;144;66;0,59;96;51;3;0;8;0,36;0,25;1/4;11;19;29;11;0;3;178;38;7;2;27
3785;VCT 2025: Pacific Stage 1;Group Stage;Week 1;Wild0reoo;Team Secret;18;106;213;125;0,67;128;83;17;17;17;0,14;0,25;1/4;15;15;12;3;3;3;178;38;7;2;27
3786;VCT 2025: Pacific Stage 1;Group Stage;Week 1;Wild0reoo;Team Secret;55;87;167;83;0,62;106;62;25;5;11;0,28;0,25;2/8;15;34;41;14;3;6;178;38;7;2;27
3787;VCT 2025: Pacific Stage 1;Group Stage;Week 1;Jremy;Team Secret;37;62;143;57;0,57;91;46;11;14;24;0,21;0,5;1/2;10;17;30;4;5;9;220;38;7;2;27
3788;VCT 2025: Pacific Stage 1;Group Stage;Week 1;Jremy;Team Secret;55;89;190;88;0,65;120;67;15;16;2;0,23;0,5;1/2;20;37;42;8;9;11;220;38;7;2;27
3789;VCT 2025: Pacific Stage 1;Group Stage;Week 1;Persia;Nongshim RedForce;39;13;240;119;0,74;157;82;38;5;5;0,37;0,33;1/3;20;32;27;15;2;2;154;33;7;2;27
3790;VCT 2025: Pacific Stage 1;Group Stage;Week 1;Persia;Nongshim RedForce;62;117;209;117;0,77;135;77;34;6;6;0,36;0,2;1/5;20;48;41;21;4;4;154;33;7;2;27
3791;VCT 2025: Pacific Stage 1;Group Stage;Week 1;margaret;Nongshim RedForce;23;105;160;107;0,65;104;65;9;9;13;0,38;0,67;2/3;15;15;14;2;2;3;221;33;7;2;27
3792;VCT 2025: Pacific Stage 1;Group Stage;Week 1;margaret;Nongshim RedForce;21;72;121;69;0,67;71;43;29;14;19;0,14;0,5;1/2;9;9;13;6;3;4;221;33;7;2;27
3793;VCT 2025: Pacific Stage 1;Group Stage;Week 1;margaret;Nongshim RedForce;62;81;137;74;0,61;90;52;18;8;16;0,32;0,33;3/9;15;32;43;11;5;10;221;33;7;2;27
3794;VCT 2025: Pacific Stage 1;Group Stage;Week 1;Francis;Nongshim RedForce;44;113;216;106;0,7;137;77;18;11;2;0,2;0,25;1/4;18;34;32;8;5;1;175;33;7;2;27
3795;VCT 2025: Pacific Stage 1;Group Stage;Week 1;Francis;Nongshim RedForce;62;97;193;88;0,69;128;68;24;1;5;0,22;0,14;1/7;18;42;48;15;6;3;175;33;7;2;27
3796;VCT 2025: Pacific Stage 1;Group Stage;Week 1;Papi;Global Esports;24;93;128;10;0,75;86;54;29;0;4;0,29;0,5;1/2;13;13;13;7;0;1;170;37;7;2;27
3797;VCT 2025: Pacific Stage 1;Group Stage;Week 1;Papi;Global Esports;20;115;178;127;0,9;104;7;6;5;5;0,43;0,33;1/3;14;14;11;12;1;1;170;37;7;2;27
3798;VCT 2025: Pacific Stage 1;Group Stage;Week 1;Papi;Global Esports;44;103;153;113;0,82;94;61;43;2;5;0,35;0,4;2/5;14;27;24;19;1;2;170;37;7;2;27
3799;VCT 2025: Pacific Stage 1;Group Stage;Week 1;yokam;Global Esports;24;72;159;75;0,71;99;5;4;29;8;0,38;1;1/1;12;12;16;1;7;2;222;37;7;2;27
3800;VCT 2025: Pacific Stage 1;Group Stage;Week 1;yokam;Global Esports;44;71;174;74;0,7;108;57;11;3;14;0,29;0,5;1/2;13;25;34;5;13;6;222;37;7;2;27
3801;VCT 2025: Pacific Stage 1;Group Stage;Week 1;Kr1stal;Global Esports;20;141;208;156;0,8;148;7;35;1;5;0,23;1;2/2;14;14;9;7;2;1;172;37;7;2;27
3802;VCT 2025: Pacific Stage 1;Group Stage;Week 1;Kr1stal;Global Esports;44;136;212;157;0,8;153;75;27;9;9;0,28;0,29;2/7;19;33;21;12;4;4;172;37;7;2;27
3803;VCT 2025: Pacific Stage 1;Group Stage;Week 1;Akame;DetonatioN FocusMe;24;97;176;93;0,71;123;58;13;21;13;0,33;0,2;1/5;14;14;15;3;5;3;166;36;7;2;27
3804;VCT 2025: Pacific Stage 1;Group Stage;Week 1;Akame;DetonatioN FocusMe;44;104;208;103;0,73;140;7;2;14;14;0,35;0,13;1/8;17;31;30;9;6;6;166;36;7;2;27
3805;VCT 2025: Pacific Stage 1;Group Stage;Week 1;Meiy;DetonatioN FocusMe;20;109;208;107;0,7;122;75;5;5;1;0,3;0,2;1/5;15;15;14;1;1;2;165;36;7;2;27
3806;VCT 2025: Pacific Stage 1;Group Stage;Week 1;Meiy;DetonatioN FocusMe;44;104;198;107;0,68;122;73;11;9;11;0,31;0,14;1/7;17;32;30;5;4;5;165;36;7;2;27
3807;VCT 2025: Pacific Stage 1;Group Stage;Week 1;thyy;TALON;22;141;230;146;0,77;151;86;41;5;0;0,28;0,17;1/6;19;19;13;9;1;0;158;34;7;2;27
3808;VCT 2025: Pacific Stage 1;Group Stage;Week 1;thyy;TALON;55;128;230;122;0,82;142;8;49;11;0;0,34;0,08;1/13;19;44;36;27;6;0;158;34;7;2;27
3809;VCT 2025: Pacific Stage 1;Group Stage;Week 1;Killua;TALON;18;104;217;93;0,56;135;78;28;6;11;0,44;0,6;3/5;14;14;15;5;1;2;160;34;7;2;27
3810;VCT 2025: Pacific Stage 1;Group Stage;Week 1;Killua;TALON;55;112;218;125;0,69;142;82;24;13;11;0,38;0,6;3/5;16;45;36;13;7;6;160;34;7;2;27
3811;VCT 2025: Pacific Stage 1;Group Stage;Week 1;JitBoyS;TALON;37;116;232;145;0,73;147;86;8;19;14;0,35;0,25;1/4;20;32;22;3;7;5;156;34;7;2;27
3812;VCT 2025: Pacific Stage 1;Group Stage;Week 1;JitBoyS;TALON;55;94;199;105;0,67;130;73;7;15;16;0,34;0,14;1/7;20;40;38;4;8;9;156;34;7;2;27
3813;VCT 2025: Pacific Stage 1;Group Stage;Week 1;primmie;TALON;15;159;279;34;0,87;189;113;7;13;7;0,45;1;1/1;17;17;5;1;2;1;157;34;7;2;27
3814;VCT 2025: Pacific Stage 1;Group Stage;Week 1;primmie;TALON;55;107;242;121;0,78;156;84;15;15;7;0,31;0,5;1/2;17;46;38;8;8;4;157;34;7;2;27
3815;VCT 2025: Pacific Stage 1;Group Stage;Week 1;Xdll;ZETA DIVISION;64;99;201;10;0,69;129;73;27;9;9;0,38;0,14;1/7;21;47;47;17;6;6;182;39;7;2;27
3816;VCT 2025: Pacific Stage 1;Group Stage;Week 1;CLZ;ZETA DIVISION;64;87;173;74;0,63;116;55;28;11;5;0,32;0,2;2/10;14;35;47;18;7;3;181;39;7;2;27
3817;VCT 2025: Pacific Stage 1;Group Stage;Week 1;stax;T1;18;121;145;143;0,72;99;56;22;0;6;0,16;1;1/1;10;10;7;4;0;1;72;16;7;2;27
3818;VCT 2025: Pacific Stage 1;Group Stage;Week 1;stax;T1;64;10;157;95;0,72;105;56;41;3;8;0,22;0,5;1/2;16;36;38;26;2;5;72;16;7;2;27
3819;VCT 2025: Pacific Stage 1;Group Stage;Week 1;iZu;T1;18;122;255;142;0,78;152;94;39;11;6;0,23;0,33;1/3;17;17;12;7;2;1;71;16;7;2;27
3820;VCT 2025: Pacific Stage 1;Group Stage;Week 1;iZu;T1;20;10;139;13;0,75;96;65;5;1;5;0,25;0,33;1/3;13;13;10;1;2;1;71;16;7;2;27
3821;VCT 2025: Pacific Stage 1;Group Stage;Week 1;iZu;T1;64;114;200;135;0,7;124;78;19;6;9;0,24;0,18;2/11;20;50;37;12;4;6;71;16;7;2;27
3822;VCT 2025: Pacific Stage 1;Group Stage;Week 1;BuZz;T1;26;10;215;89;0,65;160;65;19;15;19;0,31;1;1/1;17;17;19;5;4;5;69;16;7;2;27
3823;VCT 2025: Pacific Stage 1;Group Stage;Week 1;BuZz;T1;64;107;229;114;0,7;152;78;23;16;13;0,31;0,25;1/4;17;50;44;15;10;8;69;16;7;2;27
3824;VCT 2025: Pacific Stage 1;Group Stage;Week 1;NcSlasher;BOOM Esports;32;84;165;82;0,72;103;56;34;3;6;0,32;0,25;1/4;18;18;22;11;1;2;190;40;7;2;27
3825;VCT 2025: Pacific Stage 1;Group Stage;Week 1;NcSlasher;BOOM Esports;53;97;212;10;0,74;127;7;34;8;6;0,35;0,13;1/8;19;37;37;18;4;3;190;40;7;2;27
3826;VCT 2025: Pacific Stage 1;Group Stage;Week 1;BerserX;BOOM Esports;32;86;149;95;0,72;102;56;16;0;9;0,24;1;1/1;18;18;19;5;0;3;186;40;7;2;27
3827;VCT 2025: Pacific Stage 1;Group Stage;Week 1;BerserX;BOOM Esports;21;105;208;115;0,76;132;71;29;14;5;0,28;0,33;1/3;15;15;13;6;3;1;186;40;7;2;27
3828;VCT 2025: Pacific Stage 1;Group Stage;Week 1;BerserX;BOOM Esports;53;93;178;103;0,74;114;62;21;6;8;0,26;0,5;2/4;18;33;32;11;3;4;186;40;7;2;27
3829;VCT 2025: Pacific Stage 1;Group Stage;Week 1;Famouz;BOOM Esports;32;115;268;121;0,75;168;91;28;19;28;0,19;0,33;1/3;29;29;24;9;6;9;191;40;7;2;27
3830;VCT 2025: Pacific Stage 1;Group Stage;Week 1;Famouz;BOOM Esports;53;107;260;115;0,74;166;89;28;21;26;0,19;0,25;1/4;29;47;41;15;11;14;191;40;7;2;27
3831;VCT 2025: Pacific Stage 1;Group Stage;Week 1;dos9;BOOM Esports;53;166;289;19;0,75;186;108;4;6;6;0,34;0,44;4/9;35;57;30;21;3;3;185;40;7;2;27
3832;VCT 2025: Pacific Stage 1;Group Stage;Week 1;something;Paper Rex;42;81;150;79;0,6;97;55;26;7;12;0,33;0,14;1/7;16;23;29;11;3;5;23;7;7;2;27
3833;VCT 2025: Pacific Stage 1;Group Stage;Week 1;something;Paper Rex;23;144;242;167;0,74;152;87;26;9;17;0,36;0,33;1/3;20;20;12;6;2;4;23;7;7;2;27
3834;VCT 2025: Pacific Stage 1;Group Stage;Week 1;something;Paper Rex;65;103;181;105;0,65;116;66;26;8;14;0,35;0,2;2/10;20;43;41;17;5;9;23;7;7;2;27
3835;VCT 2025: Pacific Stage 1;Group Stage;Week 1;mindfreak;Paper Rex;43;91;151;85;0,67;102;53;23;0;9;0,37;0,17;1/6;15;23;27;10;0;4;223;7;7;2;27
3836;VCT 2025: Pacific Stage 1;Group Stage;Week 1;mindfreak;Paper Rex;65;81;149;79;0,65;100;52;22;5;11;0,39;0,14;1/7;15;34;43;14;3;7;223;7;7;2;27
3837;VCT 2025: Pacific Stage 1;Group Stage;Week 1;d4v41;Paper Rex;42;96;190;107;0,79;123;71;19;1;7;0,32;0,09;1/11;16;30;28;8;4;3;22;7;7;2;27
3838;VCT 2025: Pacific Stage 1;Group Stage;Week 1;d4v41;Paper Rex;65;83;164;84;0,75;104;58;34;6;6;0,3;0,08;1/13;16;38;45;22;4;4;22;7;7;2;27
3839;VCT 2025: Pacific Stage 1;Group Stage;Week 1;Jinggg;Paper Rex;42;99;166;92;0,81;115;55;45;2;1;0,35;0,25;1/4;13;23;25;19;1;4;27;7;7;2;27
3840;VCT 2025: Pacific Stage 1;Group Stage;Week 1;Jinggg;Paper Rex;65;108;190;105;0,75;129;65;42;3;8;0,31;0,17;1/6;19;42;40;27;2;5;27;7;7;2;27
3841;VCT 2025: Pacific Stage 1;Group Stage;Week 1;f0rsakeN;Paper Rex;43;9;226;10;0,6;153;81;19;12;33;0,34;1;1/1;21;35;35;8;5;14;21;7;7;2;27
3842;VCT 2025: Pacific Stage 1;Group Stage;Week 1;f0rsakeN;Paper Rex;65;9;229;102;0,6;149;82;2;12;28;0,34;0,5;1/2;21;53;52;13;8;18;21;7;7;2;27
3843;VCT 2025: Pacific Stage 1;Group Stage;Week 1;free1ng;DRX;42;76;152;82;0,6;99;55;19;14;1;0,29;0,2;1/5;12;23;28;8;6;4;14;5;7;2;27
3844;VCT 2025: Pacific Stage 1;Group Stage;Week 1;free1ng;DRX;65;72;144;73;0,6;96;51;22;14;9;0,24;0,17;1/6;12;33;45;14;9;6;14;5;7;2;27
3845;VCT 2025: Pacific Stage 1;Group Stage;Week 1;BeYN;DRX;22;136;205;15;0,64;142;82;5;0;5;0,23;0,4;2/5;18;18;12;1;0;1;15;5;7;2;27
3846;VCT 2025: Pacific Stage 1;Group Stage;Week 1;BeYN;DRX;65;101;162;95;0,68;107;55;31;5;5;0,18;0,29;2/7;18;36;38;20;3;3;15;5;7;2;27
3847;VCT 2025: Pacific Stage 1;Group Stage;Week 1;Flashback;DRX;22;114;229;106;0,68;153;77;27;18;14;0,21;1;2/2;17;17;16;6;4;3;38;5;7;2;27
3848;VCT 2025: Pacific Stage 1;Group Stage;Week 1;Flashback;DRX;20;101;175;118;0,75;100;65;1;25;1;0,24;1;1/1;13;13;11;2;5;2;38;5;7;2;27
3849;VCT 2025: Pacific Stage 1;Group Stage;Week 1;Flashback;DRX;65;97;190;98;0,69;120;65;14;17;8;0,21;0,6;3/5;17;42;43;9;11;5;38;5;7;2;27
3850;VCT 2025: Pacific Stage 1;Group Stage;Week 1;MaKo;DRX;23;132;274;153;0,78;177;10;13;9;9;0,27;0,17;1/6;23;23;15;3;2;2;16;5;7;2;27
3851;VCT 2025: Pacific Stage 1;Group Stage;Week 1;MaKo;DRX;65;116;211;123;0,82;134;75;26;8;5;0,25;0,1;1/10;23;49;40;17;5;3;16;5;7;2;27
3852;VCT 2025: Pacific Stage 1;Group Stage;Week 1;t3xture;Gen.G;32;128;258;132;0,66;156;91;31;9;13;0,33;0,25;1/4;29;29;22;10;3;4;162;35;7;2;27
3853;VCT 2025: Pacific Stage 1;Group Stage;Week 1;t3xture;Gen.G;53;96;209;93;0,6;137;74;26;11;21;0,3;0,14;1/7;29;39;42;14;6;11;162;35;7;2;27
3854;VCT 2025: Pacific Stage 1;Group Stage;Week 1;Munchkin;Gen.G;32;141;246;153;0,69;170;91;22;28;9;0,27;0,14;1/7;29;29;19;7;9;3;189;35;7;2;27
3855;VCT 2025: Pacific Stage 1;Group Stage;Week 1;Munchkin;Gen.G;53;13;252;128;0,7;180;87;3;21;9;0,28;0,09;1/11;29;46;36;16;11;5;189;35;7;2;27
3856;VCT 2025: Pacific Stage 1;Group Stage;Week 1;Karon;Gen.G;53;88;196;83;0,66;119;62;42;6;2;0,26;0,29;2/7;19;33;40;22;3;1;163;35;7;2;27
3857;VCT 2025: Pacific Stage 1;Group Stage;Week 2;Killua;TALON;21;148;231;164;0,67;151;86;24;5;14;0,28;0,2;1/5;18;18;11;5;1;3;160;34;7;2;28
3858;VCT 2025: Pacific Stage 1;Group Stage;Week 2;Killua;TALON;39;106;188;104;0,69;129;69;21;5;13;0,31;0,14;1/7;18;27;26;8;2;5;160;34;7;2;28
3859;VCT 2025: Pacific Stage 1;Group Stage;Week 2;Crws;TALON;39;89;175;77;0,69;123;59;28;1;5;0,25;0,17;1/6;12;23;30;11;4;2;159;34;7;2;28
3860;VCT 2025: Pacific Stage 1;Group Stage;Week 2;Meiy;DetonatioN FocusMe;16;8;150;64;0,5;99;56;6;13;19;0,27;1;1/1;9;9;14;1;2;3;165;36;7;2;28
3861;VCT 2025: Pacific Stage 1;Group Stage;Week 2;Meiy;DetonatioN FocusMe;37;96;178;8;0,54;119;65;8;8;14;0,28;0,25;1/4;15;24;30;3;3;5;165;36;7;2;28
3862;VCT 2025: Pacific Stage 1;Group Stage;Week 2;invy;Team Secret;23;127;231;113;0,87;159;78;48;13;9;0,2;0,25;1/4;18;18;16;11;3;2;193;38;7;2;28
3863;VCT 2025: Pacific Stage 1;Group Stage;Week 2;invy;Team Secret;47;151;268;15;0,89;177;96;62;9;6;0,24;0,17;1/6;27;45;30;29;4;3;193;38;7;2;28
3864;VCT 2025: Pacific Stage 1;Group Stage;Week 2;JessieVash;Team Secret;23;95;181;10;0,74;111;7;9;0;13;0,21;0,5;1/2;16;16;16;2;0;3;224;38;7;2;28
3865;VCT 2025: Pacific Stage 1;Group Stage;Week 2;JessieVash;Team Secret;47;98;190;103;0,68;123;7;13;6;9;0,31;0,17;1/6;17;33;32;6;3;4;224;38;7;2;28
3866;VCT 2025: Pacific Stage 1;Group Stage;Week 2;BerserX;BOOM Esports;24;13;204;129;0,79;140;75;25;8;13;0,4;0,14;1/7;18;18;14;6;2;3;186;40;7;2;28
3867;VCT 2025: Pacific Stage 1;Group Stage;Week 2;BerserX;BOOM Esports;14;222;358;475;1;241;136;21;7;7;0,27;1;1/1;19;19;4;3;1;1;186;40;7;2;28
3868;VCT 2025: Pacific Stage 1;Group Stage;Week 2;BerserX;BOOM Esports;38;164;281;206;0,87;177;97;24;8;11;0,34;0,25;2/8;19;37;18;9;3;4;186;40;7;2;28
3869;VCT 2025: Pacific Stage 1;Group Stage;Week 2;dos9;BOOM Esports;38;133;236;14;0,74;140;92;63;18;0;0,25;0,25;1/4;19;35;25;24;7;0;185;40;7;2;28
3870;VCT 2025: Pacific Stage 1;Group Stage;Week 2;Shiro;BOOM Esports;24;147;260;14;0,71;182;88;5;8;8;0,28;0,25;1/4;21;21;15;12;2;2;194;40;7;2;28
3871;VCT 2025: Pacific Stage 1;Group Stage;Week 2;Shiro;BOOM Esports;38;108;195;96;0,68;150;71;5;8;13;0,27;0,25;1/4;21;27;28;19;3;5;194;40;7;2;28
3872;VCT 2025: Pacific Stage 1;Group Stage;Week 2;Munchkin;Gen.G;19;104;180;85;0,79;122;58;37;0;5;0,2;0,17;1/6;11;11;13;7;0;1;189;35;7;2;28
3873;VCT 2025: Pacific Stage 1;Group Stage;Week 2;Munchkin;Gen.G;40;12;236;148;0,78;154;78;23;3;13;0,23;1;1/1;17;31;21;9;1;5;189;35;7;2;28
3874;VCT 2025: Pacific Stage 1;Group Stage;Week 2;Munchkin;Gen.G;59;115;217;124;0,78;144;71;27;2;1;0,22;0,29;2/7;17;42;34;16;1;6;189;35;7;2;28
3875;VCT 2025: Pacific Stage 1;Group Stage;Week 2;Karon;Gen.G;40;145;304;169;0,88;195;11;38;15;1;0,34;0,6;3/5;24;44;26;15;6;4;163;35;7;2;28
3876;VCT 2025: Pacific Stage 1;Group Stage;Week 2;Karon;Gen.G;59;131;276;141;0,78;178;98;36;1;1;0,34;0,33;3/9;24;58;41;21;6;6;163;35;7;2;28
3877;VCT 2025: Pacific Stage 1;Group Stage;Week 2;Ash;Gen.G;23;108;132;12;0,83;102;52;22;0;0;0,35;0,4;2/5;12;12;10;5;0;0;161;35;7;2;28
3878;VCT 2025: Pacific Stage 1;Group Stage;Week 2;Ash;Gen.G;59;93;154;94;0,76;109;54;25;3;8;0,29;0,25;2/8;14;32;34;15;2;5;161;35;7;2;28
3879;VCT 2025: Pacific Stage 1;Group Stage;Week 2;crazyguy;Rex Regum Qeon;18;77;171;92;0,78;108;67;17;6;0;0,16;0,5;1/2;12;12;13;3;1;0;52;12;7;2;28
3880;VCT 2025: Pacific Stage 1;Group Stage;Week 2;crazyguy;Rex Regum Qeon;39;91;198;104;0,72;122;74;26;13;8;0,24;0,5;1/2;17;29;28;10;5;3;52;12;7;2;28
3881;VCT 2025: Pacific Stage 1;Group Stage;Week 2;xffero;Rex Regum Qeon;18;103;141;10;0,78;98;56;33;11;6;0,21;0,5;1/2;10;10;10;6;2;1;50;12;7;2;28
3882;VCT 2025: Pacific Stage 1;Group Stage;Week 2;xffero;Rex Regum Qeon;39;11;186;119;0,64;130;64;28;1;1;0,24;0,25;1/4;15;25;21;11;4;4;50;12;7;2;28
3883;VCT 2025: Pacific Stage 1;Group Stage;Week 2;Monyet;Rex Regum Qeon;39;99;172;10;0,77;106;62;46;5;1;0,33;0,4;2/5;13;24;24;18;2;4;56;12;7;2;28
3884;VCT 2025: Pacific Stage 1;Group Stage;Week 2;something;Paper Rex;59;95;179;8;0,73;121;61;42;5;5;0,33;0,36;4/11;14;36;45;25;3;3;23;7;7;2;28
3885;VCT 2025: Pacific Stage 1;Group Stage;Week 2;f0rsakeN;Paper Rex;17;96;201;86;0,76;138;71;12;35;18;0,14;0,5;1/2;12;12;14;2;6;3;21;7;7;2;28
3886;VCT 2025: Pacific Stage 1;Group Stage;Week 2;f0rsakeN;Paper Rex;59;111;227;109;0,73;154;81;17;25;22;0,24;0,25;1/4;21;48;44;10;15;13;21;7;7;2;28
3887;VCT 2025: Pacific Stage 1;Group Stage;Week 2;mindfreak;Paper Rex;23;104;202;107;0,61;129;7;13;4;0;0,25;0,2;1/5;16;16;15;3;1;0;223;7;7;2;28
3888;VCT 2025: Pacific Stage 1;Group Stage;Week 2;mindfreak;Paper Rex;19;123;246;142;0,68;180;89;5;16;0;0,31;0,5;1/2;17;17;12;1;3;0;223;7;7;2;28
3889;VCT 2025: Pacific Stage 1;Group Stage;Week 2;mindfreak;Paper Rex;59;91;181;86;0,61;130;63;2;7;3;0,24;0,2;2/10;17;37;43;12;4;2;223;7;7;2;28
3890;VCT 2025: Pacific Stage 1;Group Stage;Week 2;kellyS;Global Esports;24;99;226;10;0,67;142;79;25;13;17;0,26;0,33;1/3;19;19;19;6;3;4;176;37;7;2;28
3891;VCT 2025: Pacific Stage 1;Group Stage;Week 2;kellyS;Global Esports;38;8;189;81;0,61;126;68;24;8;11;0,3;0,33;1/3;19;26;32;9;3;4;176;37;7;2;28
3892;VCT 2025: Pacific Stage 1;Group Stage;Week 2;UdoTan;Global Esports;24;156;341;156;0,79;230;117;25;17;8;0,29;0,25;1/4;28;28;18;6;4;2;174;37;7;2;28
3893;VCT 2025: Pacific Stage 1;Group Stage;Week 2;UdoTan;Global Esports;38;124;261;113;0,79;192;92;34;13;8;0,25;0,13;1/8;28;35;31;13;5;3;174;37;7;2;28
3894;VCT 2025: Pacific Stage 1;Group Stage;Week 2;Kr1stal;Global Esports;24;11;179;88;0,75;126;63;38;0;4;0,21;0,4;2/5;15;15;17;9;0;1;172;37;7;2;28
3895;VCT 2025: Pacific Stage 1;Group Stage;Week 2;Kr1stal;Global Esports;38;96;174;77;0,68;117;61;26;0;8;0,23;0,18;2/11;15;23;30;10;0;3;172;37;7;2;28
3896;VCT 2025: Pacific Stage 1;Group Stage;Week 2;stax;T1;23;16;303;192;0,74;188;109;57;4;9;0,34;0,25;1/4;25;25;13;13;1;2;72;16;7;2;28
3897;VCT 2025: Pacific Stage 1;Group Stage;Week 2;stax;T1;47;118;196;136;0,7;124;72;34;2;4;0,34;0,13;1/8;25;34;25;16;1;2;72;16;7;2;28
3898;VCT 2025: Pacific Stage 1;Group Stage;Week 2;Meteor;T1;23;79;206;94;0,61;135;74;9;13;3;0,47;0,25;1/4;17;17;18;2;3;7;68;16;7;2;28
3899;VCT 2025: Pacific Stage 1;Group Stage;Week 2;Meteor;T1;47;108;254;118;0,7;166;85;21;19;21;0,4;0,11;1/9;23;40;34;10;9;10;68;16;7;2;28
3900;VCT 2025: Pacific Stage 1;Group Stage;Week 2;iZu;T1;23;89;170;94;0,78;108;65;22;4;0;0,45;1;1/1;15;15;16;5;1;0;71;16;7;2;28
3901;VCT 2025: Pacific Stage 1;Group Stage;Week 2;iZu;T1;24;135;246;169;0,67;155;92;25;8;13;0,18;1;1/1;22;22;13;6;2;3;71;16;7;2;28
3902;VCT 2025: Pacific Stage 1;Group Stage;Week 2;iZu;T1;47;113;208;128;0,72;132;79;23;6;6;0,26;1;2/2;22;37;29;11;3;3;71;16;7;2;28
3903;VCT 2025: Pacific Stage 1;Group Stage;Week 2;Ivy;Nongshim RedForce;23;88;172;78;0,7;118;61;35;4;9;0,31;0,4;2/5;14;14;18;8;1;2;192;33;7;2;28
3904;VCT 2025: Pacific Stage 1;Group Stage;Week 2;Ivy;Nongshim RedForce;47;103;176;94;0,7;118;64;26;2;9;0,34;0,22;2/9;16;30;32;12;1;4;192;33;7;2;28
3905;VCT 2025: Pacific Stage 1;Group Stage;Week 2;Persia;Nongshim RedForce;24;147;277;138;0,79;189;92;25;13;4;0,25;0,5;1/2;22;22;16;6;3;1;154;33;7;2;28
3906;VCT 2025: Pacific Stage 1;Group Stage;Week 2;Persia;Nongshim RedForce;23;64;107;59;0,52;80;43;22;4;4;0,24;0,4;2/5;10;10;17;5;1;1;154;33;7;2;28
3907;VCT 2025: Pacific Stage 1;Group Stage;Week 2;Persia;Nongshim RedForce;47;106;192;97;0,66;136;68;23;9;4;0,25;0,43;3/7;22;32;33;11;4;2;154;33;7;2;28
3908;VCT 2025: Pacific Stage 1;Group Stage;Week 2;free1ng;DRX;21;115;223;158;0,71;153;9;5;5;1;0,45;1;1/1;19;19;12;1;1;2;14;5;7;2;28
3909;VCT 2025: Pacific Stage 1;Group Stage;Week 2;free1ng;DRX;37;154;318;25;0,76;197;122;8;11;5;0,42;1;1/1;26;45;18;3;4;2;14;5;7;2;28
3910;VCT 2025: Pacific Stage 1;Group Stage;Week 2;Xdll;ZETA DIVISION;47;62;192;67;0,64;126;64;15;21;13;0,33;0,33;1/3;18;30;45;7;10;6;182;39;7;2;28
3911;VCT 2025: Pacific Stage 1;Group Stage;Week 2;SugarZ3ro;ZETA DIVISION;24;81;162;76;0,79;104;54;29;4;4;0,36;0,33;1/3;13;13;17;7;1;1;180;39;7;2;28
3912;VCT 2025: Pacific Stage 1;Group Stage;Week 2;SugarZ3ro;ZETA DIVISION;47;102;192;103;0,77;127;7;28;2;4;0,3;0,17;1/6;20;33;32;13;1;2;180;39;7;2;28
3913;VCT 2025: Pacific Stage 1;Group Stage;Week 2;CLZ;ZETA DIVISION;47;142;244;156;0,74;172;89;19;9;2;0,39;0,17;2/12;23;42;27;9;4;1;181;39;7;2;28
3914;VCT 2025: Pacific Stage 1;Group Stage;Week 3;PatMen;Paper Rex;21;125;250;107;0,67;182;76;33;5;5;0,28;1;2/2;16;16;15;7;1;1;20;7;7;2;29
3915;VCT 2025: Pacific Stage 1;Group Stage;Week 3;PatMen;Paper Rex;66;97;211;86;0,67;140;67;41;6;3;0,27;0,4;2/5;16;44;51;27;4;2;20;7;7;2;29
3916;VCT 2025: Pacific Stage 1;Group Stage;Week 3;Jinggg;Paper Rex;21;102;157;10;0,76;115;57;38;0;0;0,22;0,2;1/5;12;12;12;8;0;0;27;7;7;2;29
3917;VCT 2025: Pacific Stage 1;Group Stage;Week 3;Jinggg;Paper Rex;66;116;217;116;0,8;152;76;39;5;8;0,29;0,08;1/13;27;50;43;26;3;5;27;7;7;2;29
3918;VCT 2025: Pacific Stage 1;Group Stage;Week 3;something;Paper Rex;22;76;179;74;0,64;131;64;14;0;9;0,27;0,2;1/5;14;14;19;3;0;2;23;7;7;2;29
3919;VCT 2025: Pacific Stage 1;Group Stage;Week 3;something;Paper Rex;66;89;171;91;0,73;108;62;17;11;15;0,24;0,11;1/9;19;41;45;11;7;10;23;7;7;2;29
3920;VCT 2025: Pacific Stage 1;Group Stage;Week 3;dos9;BOOM Esports;22;164;240;183;0,86;143;10;36;5;0;0,24;0,67;2/3;22;22;12;8;1;0;185;40;7;2;29
3921;VCT 2025: Pacific Stage 1;Group Stage;Week 3;dos9;BOOM Esports;66;109;156;97;0,76;100;56;48;5;6;0,2;0,2;2/10;22;37;38;32;3;4;185;40;7;2;29
3922;VCT 2025: Pacific Stage 1;Group Stage;Week 3;NcSlasher;BOOM Esports;22;135;254;125;0,91;162;91;59;0;0;0,15;0,33;1/3;20;20;16;13;0;0;190;40;7;2;29
3923;VCT 2025: Pacific Stage 1;Group Stage;Week 3;NcSlasher;BOOM Esports;66;113;205;109;0,79;133;71;39;5;8;0,2;0,11;1/9;20;47;43;26;3;5;190;40;7;2;29
3924;VCT 2025: Pacific Stage 1;Group Stage;Week 3;Shiro;BOOM Esports;22;61;116;64;0,68;79;41;18;9;9;0,14;1;1/1;9;9;14;4;2;2;194;40;7;2;29
3925;VCT 2025: Pacific Stage 1;Group Stage;Week 3;Shiro;BOOM Esports;66;89;176;84;0,77;121;58;27;12;5;0,24;0,25;1/4;20;38;45;18;8;3;194;40;7;2;29
3926;VCT 2025: Pacific Stage 1;Group Stage;Week 3;Papi;Global Esports;16;67;128;58;0,56;71;44;6;0;13;0,25;0,5;1/2;7;7;12;1;0;2;170;37;7;2;29
3927;VCT 2025: Pacific Stage 1;Group Stage;Week 3;Papi;Global Esports;39;83;150;73;0,64;100;56;18;0;15;0,25;0,2;1/5;15;22;30;7;0;6;170;37;7;2;29
3928;VCT 2025: Pacific Stage 1;Group Stage;Week 3;UdoTan;Global Esports;39;95;174;83;0,59;104;64;13;5;5;0,3;0,15;2/13;16;25;30;5;2;2;174;37;7;2;29
3929;VCT 2025: Pacific Stage 1;Group Stage;Week 3;crazyguy;Rex Regum Qeon;22;158;282;177;0,77;191;105;41;5;0;0,3;0,33;2/6;23;23;13;9;1;0;52;12;7;2;29
3930;VCT 2025: Pacific Stage 1;Group Stage;Week 3;crazyguy;Rex Regum Qeon;41;15;248;19;0,8;165;98;39;7;2;0,26;0,29;2/7;23;40;21;16;3;1;52;12;7;2;29
3931;VCT 2025: Pacific Stage 1;Group Stage;Week 3;Jemkin;Rex Regum Qeon;22;10;269;111;0,82;164;95;14;18;9;0,4;0,5;1/2;21;21;19;3;4;2;57;12;7;2;29
3932;VCT 2025: Pacific Stage 1;Group Stage;Week 3;Jemkin;Rex Regum Qeon;41;128;288;145;0,85;175;102;15;24;12;0,39;0,5;1/2;21;42;29;6;10;5;57;12;7;2;29
3933;VCT 2025: Pacific Stage 1;Group Stage;Week 3;Monyet;Rex Regum Qeon;22;101;205;10;0,68;143;68;23;5;18;0,17;0,5;1/2;15;15;15;5;1;4;56;12;7;2;29
3934;VCT 2025: Pacific Stage 1;Group Stage;Week 3;Monyet;Rex Regum Qeon;41;107;190;108;0,76;125;63;41;7;15;0,2;0,33;1/3;15;26;24;17;3;6;56;12;7;2;29
3935;VCT 2025: Pacific Stage 1;Group Stage;Week 3;thyy;TALON;19;161;315;20;0,79;197;126;42;5;5;0,3;0,25;1/4;24;24;12;8;1;1;158;34;7;2;29
3936;VCT 2025: Pacific Stage 1;Group Stage;Week 3;thyy;TALON;58;118;219;124;0,84;140;81;52;5;7;0,31;0,1;1/10;24;47;38;30;3;4;158;34;7;2;29
3937;VCT 2025: Pacific Stage 1;Group Stage;Week 3;JitBoyS;TALON;58;92;169;94;0,72;124;59;19;1;19;0,34;0,14;1/7;15;34;36;11;6;11;156;34;7;2;29
3938;VCT 2025: Pacific Stage 1;Group Stage;Week 3;primmie;TALON;40;124;218;133;0,65;148;8;5;13;8;0,26;0,25;1/4;24;32;24;2;5;3;157;34;7;2;29
3939;VCT 2025: Pacific Stage 1;Group Stage;Week 3;primmie;TALON;58;114;225;121;0,69;155;79;12;14;9;0,28;0,17;1/6;24;46;38;7;8;5;157;34;7;2;29
3940;VCT 2025: Pacific Stage 1;Group Stage;Week 3;Crws;TALON;40;127;206;122;0,83;143;7;45;1;1;0,2;0,33;1/3;15;28;23;18;4;4;159;34;7;2;29
3941;VCT 2025: Pacific Stage 1;Group Stage;Week 3;Crws;TALON;58;107;192;97;0,74;136;64;36;1;12;0,19;0,25;1/4;15;37;38;21;6;7;159;34;7;2;29
3942;VCT 2025: Pacific Stage 1;Group Stage;Week 3;Wild0reoo;Team Secret;21;83;170;71;0,52;124;57;1;5;5;0,32;0,5;1/2;12;12;17;2;1;1;178;38;7;2;29
3943;VCT 2025: Pacific Stage 1;Group Stage;Week 3;Wild0reoo;Team Secret;62;73;166;69;0,58;120;58;11;1;11;0,29;0,17;1/6;17;36;52;7;6;7;178;38;7;2;29
3944;VCT 2025: Pacific Stage 1;Group Stage;Week 3;JessieVash;Team Secret;21;124;232;119;0,67;149;9;14;1;1;0,42;0,17;1/6;19;19;16;3;2;2;224;38;7;2;29
3945;VCT 2025: Pacific Stage 1;Group Stage;Week 3;JessieVash;Team Secret;41;99;194;8;0,68;140;59;32;5;7;0,3;0,2;2/10;16;24;30;13;2;3;224;38;7;2;29
3946;VCT 2025: Pacific Stage 1;Group Stage;Week 3;JessieVash;Team Secret;62;108;207;93;0,68;143;69;26;6;8;0,34;0,19;3/16;19;43;46;16;4;5;224;38;7;2;29
3947;VCT 2025: Pacific Stage 1;Group Stage;Week 3;Jremy;Team Secret;22;15;313;156;0,91;194;114;23;27;5;0,28;0,5;1/2;25;25;16;5;6;1;220;38;7;2;29
3948;VCT 2025: Pacific Stage 1;Group Stage;Week 3;Jremy;Team Secret;19;62;87;58;0,53;55;37;0;5;11;0,5;0,5;1/2;7;7;12;0;1;2;220;38;7;2;29
3949;VCT 2025: Pacific Stage 1;Group Stage;Week 3;Jremy;Team Secret;62;89;183;91;0,73;122;69;15;16;13;0,29;0,29;2/7;25;43;47;9;10;8;220;38;7;2;29
3950;VCT 2025: Pacific Stage 1;Group Stage;Week 3;2GE;Team Secret;40;65;126;45;0,53;88;38;38;3;15;0,27;0,2;1/5;12;15;33;15;1;6;225;38;7;2;29
3951;VCT 2025: Pacific Stage 1;Group Stage;Week 3;2GE;Team Secret;22;113;195;107;0,73;151;73;23;0;5;0,32;0,17;1/6;16;16;15;5;0;1;225;38;7;2;29
3952;VCT 2025: Pacific Stage 1;Group Stage;Week 3;2GE;Team Secret;62;82;149;65;0,6;111;5;32;2;11;0,29;0,18;2/11;16;31;48;20;1;7;225;38;7;2;29
3953;VCT 2025: Pacific Stage 1;Group Stage;Week 3;Munchkin;Gen.G;17;93;148;10;0,88;91;59;47;6;0;0,24;0,5;1/2;10;10;10;8;1;0;189;35;7;2;29
3954;VCT 2025: Pacific Stage 1;Group Stage;Week 3;Munchkin;Gen.G;32;125;245;147;0,91;150;88;53;22;0;0,26;0,33;1/3;18;28;19;17;7;0;189;35;7;2;29
3955;VCT 2025: Pacific Stage 1;Group Stage;Week 3;Karon;Gen.G;17;157;242;178;0,94;172;94;71;6;12;0,37;1;1/1;16;16;9;12;1;2;163;35;7;2;29
3956;VCT 2025: Pacific Stage 1;Group Stage;Week 3;Karon;Gen.G;15;128;176;183;0,87;122;73;27;13;0;0,3;1;1/1;11;11;6;4;2;0;163;35;7;2;29
3957;VCT 2025: Pacific Stage 1;Group Stage;Week 3;Karon;Gen.G;32;143;209;18;0,91;148;84;5;9;6;0,34;1;2/2;16;27;15;16;3;2;163;35;7;2;29
3958;VCT 2025: Pacific Stage 1;Group Stage;Week 3;Foxy9;Gen.G;17;11;206;109;0,82;132;71;47;12;6;0,31;0,33;1/3;12;12;11;8;2;1;188;35;7;2;29
3959;VCT 2025: Pacific Stage 1;Group Stage;Week 3;Foxy9;Gen.G;32;143;242;181;0,91;164;91;44;9;6;0,33;0,33;1/3;17;29;16;14;3;2;188;35;7;2;29
3960;VCT 2025: Pacific Stage 1;Group Stage;Week 3;Ash;Gen.G;17;145;255;189;0,94;162;10;35;12;0;0,35;1;1/1;17;17;9;6;2;0;161;35;7;2;29
3961;VCT 2025: Pacific Stage 1;Group Stage;Week 3;Ash;Gen.G;32;134;236;182;0,91;147;97;38;9;3;0,36;0,5;1/2;17;31;17;12;3;1;161;35;7;2;29
3962;VCT 2025: Pacific Stage 1;Group Stage;Week 3;Xdll;ZETA DIVISION;41;61;162;59;0,71;113;54;29;1;7;0,35;0,33;1/3;12;22;37;12;4;3;182;39;7;2;29
3963;VCT 2025: Pacific Stage 1;Group Stage;Week 3;SyouTa;ZETA DIVISION;22;7;151;72;0,55;112;59;9;14;9;0,55;0,14;1/7;13;13;18;2;3;2;226;39;7;2;29
3964;VCT 2025: Pacific Stage 1;Group Stage;Week 3;SyouTa;ZETA DIVISION;41;71;170;74;0,54;116;63;12;15;5;0,59;0,1;1/10;13;26;35;5;6;2;226;39;7;2;29
3965;VCT 2025: Pacific Stage 1;Group Stage;Week 3;Dep;ZETA DIVISION;22;164;362;165;0,77;221;127;18;23;9;0,38;0,33;1/3;28;28;17;4;5;2;184;39;7;2;29
3966;VCT 2025: Pacific Stage 1;Group Stage;Week 3;Dep;ZETA DIVISION;19;17;60;2;0,32;43;16;5;5;42;0,08;0,5;1/2;3;3;15;1;1;8;184;39;7;2;29
3967;VCT 2025: Pacific Stage 1;Group Stage;Week 3;Dep;ZETA DIVISION;41;96;211;97;0,56;139;76;12;15;24;0,29;0,4;2/5;28;31;32;5;6;10;184;39;7;2;29
3968;VCT 2025: Pacific Stage 1;Group Stage;Week 3;SugarZ3ro;ZETA DIVISION;41;76;148;72;0,71;93;56;39;7;1;0,29;0,14;1/7;13;23;32;16;3;4;180;39;7;2;29
3969;VCT 2025: Pacific Stage 1;Group Stage;Week 3;Persia;Nongshim RedForce;19;108;209;93;0,84;131;74;63;5;5;0,31;0,25;1/4;14;14;15;12;1;1;154;33;7;2;29
3970;VCT 2025: Pacific Stage 1;Group Stage;Week 3;Persia;Nongshim RedForce;58;87;179;67;0,78;118;53;53;14;7;0,23;0,13;1/8;14;31;46;31;8;4;154;33;7;2;29
3971;VCT 2025: Pacific Stage 1;Group Stage;Week 3;margaret;Nongshim RedForce;58;112;218;113;0,6;144;76;22;14;3;0,33;0,11;1/9;18;44;39;13;8;2;221;33;7;2;29
3972;VCT 2025: Pacific Stage 1;Group Stage;Week 3;Ivy;Nongshim RedForce;18;133;174;163;0,67;111;72;17;0;11;0,19;1;1/1;13;13;8;3;0;2;192;33;7;2;29
3973;VCT 2025: Pacific Stage 1;Group Stage;Week 3;Ivy;Nongshim RedForce;19;82;130;69;0,47;85;47;11;5;11;0,23;0,5;1/2;9;9;13;2;1;2;192;33;7;2;29
3974;VCT 2025: Pacific Stage 1;Group Stage;Week 3;Ivy;Nongshim RedForce;58;82;131;76;0,53;81;48;14;3;9;0,21;0,5;2/4;13;28;37;8;2;5;192;33;7;2;29
3975;VCT 2025: Pacific Stage 1;Group Stage;Week 3;Dambi;Nongshim RedForce;58;101;231;109;0,67;146;83;19;17;24;0,27;0,25;1/4;19;48;44;11;10;14;169;33;7;2;29
3976;VCT 2025: Pacific Stage 1;Group Stage;Week 3;Jinboong;DetonatioN FocusMe;32;7;160;64;0,63;102;56;22;6;9;0,27;0,11;1/9;11;18;28;7;2;3;164;36;7;2;29
3977;VCT 2025: Pacific Stage 1;Group Stage;Week 3;BuZz;T1;22;8;168;88;0,5;105;64;5;9;18;0,14;0,13;1/8;14;14;16;1;2;4;69;16;7;2;29
3978;VCT 2025: Pacific Stage 1;Group Stage;Week 3;BuZz;T1;21;187;389;231;0,76;260;143;14;1;14;0,42;0,25;1/4;30;30;13;3;2;3;69;16;7;2;29
3979;VCT 2025: Pacific Stage 1;Group Stage;Week 3;BuZz;T1;62;143;299;172;0,68;198;108;15;15;15;0,29;0,17;2/12;30;67;39;9;9;9;69;16;7;2;29
3980;VCT 2025: Pacific Stage 1;Group Stage;Week 3;iZu;T1;21;86;169;92;0,81;111;57;38;1;1;0,3;1;1/1;12;12;13;8;2;2;71;16;7;2;29
3981;VCT 2025: Pacific Stage 1;Group Stage;Week 3;iZu;T1;62;92;168;92;0,84;113;58;34;6;5;0,29;0,25;1/4;13;36;39;21;4;3;71;16;7;2;29
3982;VCT 2025: Pacific Stage 1;Group Stage;Week 3;stax;T1;19;116;162;15;0,74;119;63;37;5;5;0,5;1;1/1;12;12;8;7;1;1;72;16;7;2;29
3983;VCT 2025: Pacific Stage 1;Group Stage;Week 3;stax;T1;62;96;178;10;0,69;124;65;31;2;2;0,32;0,17;1/6;17;40;40;19;1;1;72;16;7;2;29
3984;VCT 2025: Pacific Stage 1;Group Stage;Week 3;Meteor;T1;22;111;236;119;0,77;170;86;23;14;23;0,37;1;1/1;19;19;16;5;3;5;68;16;7;2;29
3985;VCT 2025: Pacific Stage 1;Group Stage;Week 3;Meteor;T1;62;102;230;118;0,74;156;84;26;23;19;0,33;0,25;1/4;19;52;44;16;14;12;68;16;7;2;29
3986;VCT 2025: Pacific Stage 1;Group Stage;Week 3;Flashback;DRX;23;125;289;156;0,87;192;109;13;26;9;0,22;0,5;1/2;25;25;16;3;6;2;38;5;7;2;29
3987;VCT 2025: Pacific Stage 1;Group Stage;Week 3;Flashback;DRX;16;149;241;229;0,94;174;10;25;6;0;0,36;1;1/1;16;16;7;4;1;0;38;5;7;2;29
3988;VCT 2025: Pacific Stage 1;Group Stage;Week 3;Flashback;DRX;39;135;265;178;0,9;185;105;18;18;5;0,27;0,67;2/3;25;41;23;7;7;2;38;5;7;2;29
3989;VCT 2025: Pacific Stage 1;Group Stage;Week 4;xffero;Rex Regum Qeon;23;137;234;14;0,78;160;91;35;9;4;0,35;0,17;1/6;21;21;15;8;2;1;50;12;7;2;30
3990;VCT 2025: Pacific Stage 1;Group Stage;Week 4;xffero;Rex Regum Qeon;23;125;213;136;0,7;159;83;13;4;9;0,25;0,4;2/5;19;19;14;3;1;2;50;12;7;2;30
3991;VCT 2025: Pacific Stage 1;Group Stage;Week 4;xffero;Rex Regum Qeon;18;128;171;15;0,83;117;67;17;11;0;0,55;0,33;1/3;12;12;8;3;2;0;50;12;7;2;30
3992;VCT 2025: Pacific Stage 1;Group Stage;Week 4;xffero;Rex Regum Qeon;64;13;206;141;0,77;148;81;22;8;5;0,33;0,29;4/14;21;52;37;14;5;3;50;12;7;2;30
3993;VCT 2025: Pacific Stage 1;Group Stage;Week 4;Jemkin;Rex Regum Qeon;41;124;280;138;0,73;173;98;7;32;15;0,44;0,5;2/4;24;40;29;3;13;6;57;12;7;2;30
3994;VCT 2025: Pacific Stage 1;Group Stage;Week 4;Jemkin;Rex Regum Qeon;64;117;267;125;0,7;164;94;5;3;16;0,39;0,29;2/7;24;60;48;3;19;10;57;12;7;2;30
3995;VCT 2025: Pacific Stage 1;Group Stage;Week 4;Kushy;Rex Regum Qeon;23;86;219;85;0,65;135;74;39;17;4;0,41;1;1/1;17;17;20;9;4;1;51;12;7;2;30
3996;VCT 2025: Pacific Stage 1;Group Stage;Week 4;Kushy;Rex Regum Qeon;64;95;225;104;0,72;142;8;23;8;5;0,38;0,2;1/5;18;51;49;15;5;3;51;12;7;2;30
3997;VCT 2025: Pacific Stage 1;Group Stage;Week 4;Monyet;Rex Regum Qeon;23;117;242;138;0,65;153;96;9;13;13;0,32;1;1/1;22;22;16;2;3;3;56;12;7;2;30
3998;VCT 2025: Pacific Stage 1;Group Stage;Week 4;Monyet;Rex Regum Qeon;23;102;195;106;0,65;137;74;26;4;4;0,47;0,5;1/2;17;17;16;6;1;1;56;12;7;2;30
3999;VCT 2025: Pacific Stage 1;Group Stage;Week 4;Monyet;Rex Regum Qeon;64;106;202;114;0,67;138;78;27;9;6;0,33;0,5;2/4;22;50;44;17;6;4;56;12;7;2;30
4000;VCT 2025: Pacific Stage 1;Group Stage;Week 4;Foxy9;Gen.G;38;123;220;15;0,82;143;79;8;18;5;0,34;0,33;1/3;17;30;20;3;7;2;188;35;7;2;30
4001;VCT 2025: Pacific Stage 1;Group Stage;Week 4;t3xture;Gen.G;38;95;200;107;0,76;134;76;16;11;16;0,31;0,5;1/2;16;29;27;6;4;6;162;35;7;2;30
4002;VCT 2025: Pacific Stage 1;Group Stage;Week 4;Ash;Gen.G;38;122;196;124;0,76;128;68;26;5;3;0,32;0,25;1/4;15;26;21;10;2;1;161;35;7;2;30
4003;VCT 2025: Pacific Stage 1;Group Stage;Week 4;Sylvan;T1;23;122;216;113;0,78;144;74;39;0;4;0,28;0,25;1/4;17;17;15;9;0;1;219;16;7;2;30
4004;VCT 2025: Pacific Stage 1;Group Stage;Week 4;Sylvan;T1;64;83;172;73;0,7;116;56;34;3;6;0,22;0,13;1/8;17;36;49;22;2;4;219;16;7;2;30
4005;VCT 2025: Pacific Stage 1;Group Stage;Week 4;stax;T1;23;92;175;94;0,74;119;65;22;0;4;0,35;0,5;2/4;15;15;16;5;0;1;72;16;7;2;30
4006;VCT 2025: Pacific Stage 1;Group Stage;Week 4;stax;T1;64;94;190;96;0,73;133;7;3;3;9;0,37;0,25;2/8;21;45;47;19;2;6;72;16;7;2;30
4007;VCT 2025: Pacific Stage 1;Group Stage;Week 4;Meteor;T1;23;144;278;16;0,83;194;104;17;4;4;0,37;0,25;1/4;24;24;15;4;1;1;68;16;7;2;30
4008;VCT 2025: Pacific Stage 1;Group Stage;Week 4;Meteor;T1;64;89;183;9;0,7;134;67;14;6;13;0,31;0,17;1/6;24;43;48;9;4;8;68;16;7;2;30
4009;VCT 2025: Pacific Stage 1;Group Stage;Week 4;iZu;T1;23;163;280;164;0,78;177;10;26;13;13;0,35;0,33;2/6;23;23;14;6;3;3;71;16;7;2;30
4010;VCT 2025: Pacific Stage 1;Group Stage;Week 4;iZu;T1;18;112;229;108;0,78;141;78;28;11;6;0,17;0,14;1/7;14;14;13;5;2;1;71;16;7;2;30
4011;VCT 2025: Pacific Stage 1;Group Stage;Week 4;iZu;T1;23;132;265;138;0,78;178;96;35;13;17;0,42;0,5;1/2;22;22;16;8;3;4;71;16;7;2;30
4012;VCT 2025: Pacific Stage 1;Group Stage;Week 4;iZu;T1;64;138;258;137;0,78;168;92;3;13;13;0,32;0,27;4/15;23;59;43;19;8;8;71;16;7;2;30
4013;VCT 2025: Pacific Stage 1;Group Stage;Week 4;gyen;DetonatioN FocusMe;52;112;218;97;0,67;145;73;44;12;6;0,31;0,13;1/8;21;38;39;23;6;3;167;36;7;2;30
4014;VCT 2025: Pacific Stage 1;Group Stage;Week 4;gyen;DetonatioN FocusMe;20;114;232;5;0,6;151;4;5;5;1;0,21;0,33;1/3;8;8;16;10;1;2;167;36;7;2;30
4015;VCT 2025: Pacific Stage 1;Group Stage;Week 4;gyen;DetonatioN FocusMe;72;112;222;84;0,65;147;64;46;1;7;0,29;0,18;2/11;21;46;55;33;7;5;167;36;7;2;30
4016;VCT 2025: Pacific Stage 1;Group Stage;Week 4;Akame;DetonatioN FocusMe;28;153;314;168;0,64;212;114;11;21;18;0,43;0,25;1/4;32;32;19;3;6;5;166;36;7;2;30
4017;VCT 2025: Pacific Stage 1;Group Stage;Week 4;Akame;DetonatioN FocusMe;72;135;261;13;0,72;173;97;36;19;7;0,35;0,1;1/10;32;70;54;26;14;5;166;36;7;2;30
4018;VCT 2025: Pacific Stage 1;Group Stage;Week 4;Jinboong;DetonatioN FocusMe;24;107;155;10;0,63;118;58;21;4;13;0,37;0,4;2/5;14;14;14;5;1;3;164;36;7;2;30
4019;VCT 2025: Pacific Stage 1;Group Stage;Week 4;Jinboong;DetonatioN FocusMe;72;89;162;84;0,67;121;57;22;7;13;0,32;0,17;2/12;16;41;49;16;5;9;164;36;7;2;30
4020;VCT 2025: Pacific Stage 1;Group Stage;Week 4;Meiy;DetonatioN FocusMe;28;8;174;81;0,61;128;61;14;4;18;0,21;0,5;1/2;17;17;21;4;1;5;165;36;7;2;30
4021;VCT 2025: Pacific Stage 1;Group Stage;Week 4;Meiy;DetonatioN FocusMe;72;86;187;98;0,69;122;72;17;8;11;0,26;0,14;1/7;18;52;53;12;6;8;165;36;7;2;30
4022;VCT 2025: Pacific Stage 1;Group Stage;Week 4;d4v41;Paper Rex;28;111;222;122;0,75;155;79;25;4;7;0,29;0,25;1/4;22;22;18;7;1;2;22;7;7;2;30
4023;VCT 2025: Pacific Stage 1;Group Stage;Week 4;d4v41;Paper Rex;44;8;155;122;0,82;99;75;27;9;2;0,25;0,2;1/5;20;33;27;12;4;1;22;7;7;2;30
4024;VCT 2025: Pacific Stage 1;Group Stage;Week 4;d4v41;Paper Rex;72;92;177;122;0,79;120;76;26;7;4;0,27;0,22;2/9;22;55;45;19;5;3;22;7;7;2;30
4025;VCT 2025: Pacific Stage 1;Group Stage;Week 4;PatMen;Paper Rex;48;102;204;83;0,79;107;52;44;2;0;0,26;0,2;1/5;15;25;30;21;1;0;20;7;7;2;30
4026;VCT 2025: Pacific Stage 1;Group Stage;Week 4;PatMen;Paper Rex;72;101;208;88;0,79;118;58;56;4;3;0,28;0,17;1/6;17;42;48;40;3;2;20;7;7;2;30
4027;VCT 2025: Pacific Stage 1;Group Stage;Week 4;Jinggg;Paper Rex;28;151;296;182;0,86;176;111;14;21;7;0,27;0,33;2/6;31;31;17;4;6;2;27;7;7;2;30
4028;VCT 2025: Pacific Stage 1;Group Stage;Week 4;Jinggg;Paper Rex;72;139;252;15;0,81;167;92;28;13;7;0,27;0,17;2/12;31;66;44;20;9;5;27;7;7;2;30
4029;VCT 2025: Pacific Stage 1;Group Stage;Week 4;Persia;Nongshim RedForce;16;138;221;186;0,75;151;81;38;6;0;0,22;0,33;1/3;13;13;7;6;1;0;154;33;7;2;30
4030;VCT 2025: Pacific Stage 1;Group Stage;Week 4;Persia;Nongshim RedForce;39;113;187;114;0,74;117;64;49;5;5;0,23;0,2;1/5;13;25;22;19;2;2;154;33;7;2;30
4031;VCT 2025: Pacific Stage 1;Group Stage;Week 4;Ivy;Nongshim RedForce;16;116;210;108;0,88;145;81;31;19;0;0,24;0,5;1/2;13;13;12;5;3;0;192;33;7;2;30
4032;VCT 2025: Pacific Stage 1;Group Stage;Week 4;Ivy;Nongshim RedForce;39;101;193;93;0,74;125;69;26;13;5;0,23;0,25;1/4;14;27;29;10;5;2;192;33;7;2;30
4033;VCT 2025: Pacific Stage 1;Group Stage;Week 4;margaret;Nongshim RedForce;23;74;149;67;0,61;104;52;4;4;4;0,3;0,4;2/5;12;12;18;1;1;1;221;33;7;2;30
4034;VCT 2025: Pacific Stage 1;Group Stage;Week 4;margaret;Nongshim RedForce;39;98;216;104;0,67;134;74;1;8;1;0,31;0,4;2/5;17;29;28;4;3;4;221;33;7;2;30
4035;VCT 2025: Pacific Stage 1;Group Stage;Week 4;Dambi;Nongshim RedForce;39;109;218;104;0,72;128;69;28;21;1;0,27;0,33;1/3;14;27;26;11;8;4;169;33;7;2;30
4036;VCT 2025: Pacific Stage 1;Group Stage;Week 4;Francis;Nongshim RedForce;39;161;278;186;0,79;187;105;26;18;5;0,2;1;1/1;25;41;22;10;7;2;175;33;7;2;30
4037;VCT 2025: Pacific Stage 1;Group Stage;Week 4;JessieVash;Team Secret;23;113;224;127;0,65;155;83;3;9;4;0,21;1;1/1;19;19;15;7;2;1;224;38;7;2;30
4038;VCT 2025: Pacific Stage 1;Group Stage;Week 4;JessieVash;Team Secret;39;98;198;97;0,69;132;72;38;5;3;0,23;0,13;1/8;19;28;29;15;2;1;224;38;7;2;30
4039;VCT 2025: Pacific Stage 1;Group Stage;Week 4;Kr1stal;Global Esports;38;114;194;112;0,74;123;74;13;3;5;0,23;0,13;1/8;17;28;25;5;1;2;172;37;7;2;30
4040;VCT 2025: Pacific Stage 1;Group Stage;Week 4;TenTen;ZETA DIVISION;17;151;279;17;0,82;193;10;6;29;6;0,37;0,5;1/2;17;17;10;1;5;1;183;39;7;2;30
4041;VCT 2025: Pacific Stage 1;Group Stage;Week 4;TenTen;ZETA DIVISION;40;114;251;114;0,78;161;83;23;3;15;0,22;0,5;1/2;17;33;29;9;12;6;183;39;7;2;30
4042;VCT 2025: Pacific Stage 1;Group Stage;Week 4;SugarZ3ro;ZETA DIVISION;40;146;241;164;0,88;148;103;45;8;0;0,3;0,5;1/2;27;41;25;18;3;0;180;39;7;2;30
4043;VCT 2025: Pacific Stage 1;Group Stage;Week 4;CLZ;ZETA DIVISION;23;88;152;87;0,87;110;57;22;4;13;0,19;0,5;2/4;13;13;15;5;1;3;181;39;7;2;30
4044;VCT 2025: Pacific Stage 1;Group Stage;Week 4;CLZ;ZETA DIVISION;40;9;150;10;0,78;107;58;18;5;1;0,23;0,4;2/5;13;23;23;7;2;4;181;39;7;2;30
4045;VCT 2025: Pacific Stage 1;Group Stage;Week 4;SyouTa;ZETA DIVISION;17;147;290;20;0,94;203;106;29;12;0;0,55;0,5;1/2;18;18;9;5;2;0;226;39;7;2;30
4046;VCT 2025: Pacific Stage 1;Group Stage;Week 4;SyouTa;ZETA DIVISION;40;112;250;13;0,78;163;88;25;1;3;0,42;0,2;1/5;18;35;27;10;4;1;226;39;7;2;30
4047;VCT 2025: Pacific Stage 1;Group Stage;Week 4;Crws;TALON;23;101;245;111;0,78;146;87;26;9;13;0,28;0,33;1/3;20;20;18;6;2;3;159;34;7;2;30
4048;VCT 2025: Pacific Stage 1;Group Stage;Week 4;Crws;TALON;40;88;203;88;0,68;129;73;2;1;18;0,26;0,2;1/5;20;29;33;8;4;7;159;34;7;2;30
4049;VCT 2025: Pacific Stage 1;Group Stage;Week 4;thyy;TALON;40;43;118;41;0,73;73;38;5;0;13;0,29;0,2;1/5;8;15;37;20;0;5;158;34;7;2;30
4050;VCT 2025: Pacific Stage 1;Group Stage;Week 4;Estrella;DRX;26;99;213;105;0,81;136;77;38;12;8;0,27;0,25;1/4;20;20;19;10;3;2;187;5;7;2;30
4051;VCT 2025: Pacific Stage 1;Group Stage;Week 4;Estrella;DRX;21;85;181;93;0,71;111;67;14;5;1;0,19;0,33;2/6;14;14;15;3;1;2;187;5;7;2;30
4052;VCT 2025: Pacific Stage 1;Group Stage;Week 4;Estrella;DRX;68;9;188;98;0,76;123;68;22;6;12;0,21;0,27;3/11;20;46;47;15;4;8;187;5;7;2;30
4053;VCT 2025: Pacific Stage 1;Group Stage;Week 4;BeYN;DRX;68;83;174;73;0,74;123;56;26;1;7;0,24;0,15;2/13;16;38;52;18;7;5;15;5;7;2;30
4054;VCT 2025: Pacific Stage 1;Group Stage;Week 4;BerserX;BOOM Esports;26;82;187;85;0,58;126;65;12;8;4;0,43;0,2;1/5;17;17;20;3;2;1;186;40;7;2;30
4055;VCT 2025: Pacific Stage 1;Group Stage;Week 4;BerserX;BOOM Esports;21;12;179;156;0,86;126;67;19;0;5;0,3;0,33;1/3;14;14;9;4;0;1;186;40;7;2;30
4056;VCT 2025: Pacific Stage 1;Group Stage;Week 4;BerserX;BOOM Esports;21;157;295;183;0,81;173;105;38;29;5;0,3;0,25;1/4;22;22;12;8;6;1;186;40;7;2;30
4057;VCT 2025: Pacific Stage 1;Group Stage;Week 4;BerserX;BOOM Esports;68;117;220;129;0,74;140;78;22;12;4;0,34;0,25;3/12;22;53;41;15;8;3;186;40;7;2;30
4058;VCT 2025: Pacific Stage 1;Group Stage;Week 4;dos9;BOOM Esports;26;55;115;47;0,62;88;35;31;4;15;0,29;0,5;1/2;9;9;19;8;1;4;185;40;7;2;30
4059;VCT 2025: Pacific Stage 1;Group Stage;Week 4;dos9;BOOM Esports;21;143;216;20;0,95;124;86;48;1;5;0,16;0,33;1/3;18;18;9;10;2;1;185;40;7;2;30
4060;VCT 2025: Pacific Stage 1;Group Stage;Week 4;dos9;BOOM Esports;68;105;170;105;0,76;108;57;43;4;9;0,22;0,33;2/6;18;39;37;29;3;6;185;40;7;2;30
4061;VCT 2025: Pacific Stage 1;Group Stage;Week 4;NcSlasher;BOOM Esports;21;131;251;12;0,76;163;86;52;14;1;0,31;0,33;1/3;18;18;15;11;3;2;190;40;7;2;30
4062;VCT 2025: Pacific Stage 1;Group Stage;Week 4;NcSlasher;BOOM Esports;68;116;215;115;0,84;140;78;41;6;7;0,3;0,13;1/8;22;53;46;28;4;5;190;40;7;2;30
4063;VCT 2025: Pacific Stage 1;Group Stage;Week 4;Shiro;BOOM Esports;47;112;234;113;0,68;165;77;3;13;6;0,33;0,2;1/5;21;36;32;14;6;3;194;40;7;2;30
4064;VCT 2025: Pacific Stage 1;Group Stage;Week 4;Shiro;BOOM Esports;68;107;216;104;0,68;147;72;28;16;6;0,3;0,17;1/6;21;49;47;19;11;4;194;40;7;2;30
4065;VCT 2025: Pacific Stage 1;Group Stage;Week 5;Papi;Global Esports;18;111;185;10;0,78;116;72;11;6;11;0,39;0,33;1/3;13;13;13;2;1;2;170;37;7;2;31
4066;VCT 2025: Pacific Stage 1;Group Stage;Week 5;Papi;Global Esports;40;87;162;73;0,8;111;55;3;13;13;0,25;0,25;1/4;13;22;30;12;5;5;170;37;7;2;31
4067;VCT 2025: Pacific Stage 1;Group Stage;Week 5;kellyS;Global Esports;18;94;157;85;0,67;92;61;22;6;6;0,18;0,25;1/4;11;11;13;4;1;1;176;37;7;2;31
4068;VCT 2025: Pacific Stage 1;Group Stage;Week 5;kellyS;Global Esports;40;77;154;69;0,65;90;55;33;5;5;0,17;0,2;1/5;11;22;32;13;2;2;176;37;7;2;31
4069;VCT 2025: Pacific Stage 1;Group Stage;Week 5;UdoTan;Global Esports;40;98;204;97;0,68;147;73;23;5;1;0,3;0,33;1/3;21;29;30;9;2;4;174;37;7;2;31
4070;VCT 2025: Pacific Stage 1;Group Stage;Week 5;SugarZ3ro;ZETA DIVISION;24;111;181;131;0,75;121;71;33;0;8;0,39;0,5;1/2;17;17;13;8;0;2;180;39;7;2;31
4071;VCT 2025: Pacific Stage 1;Group Stage;Week 5;SugarZ3ro;ZETA DIVISION;63;92;165;9;0,68;106;6;3;5;5;0,25;0,11;1/9;17;38;42;19;3;3;180;39;7;2;31
4072;VCT 2025: Pacific Stage 1;Group Stage;Week 5;Xdll;ZETA DIVISION;20;98;209;114;0,6;121;8;5;5;1;0,38;0,33;1/3;16;16;14;1;1;2;182;39;7;2;31
4073;VCT 2025: Pacific Stage 1;Group Stage;Week 5;Xdll;ZETA DIVISION;63;95;197;96;0,63;126;7;13;1;1;0,31;0,11;1/9;16;44;46;8;6;6;182;39;7;2;31
4074;VCT 2025: Pacific Stage 1;Group Stage;Week 5;SyouTa;ZETA DIVISION;24;64;127;61;0,58;93;46;17;13;13;0,28;0,33;1/3;11;11;18;4;3;3;226;39;7;2;31
4075;VCT 2025: Pacific Stage 1;Group Stage;Week 5;SyouTa;ZETA DIVISION;63;57;116;53;0,59;82;41;14;8;1;0,29;0,14;1/7;11;26;49;9;5;6;226;39;7;2;31
4076;VCT 2025: Pacific Stage 1;Group Stage;Week 5;CLZ;ZETA DIVISION;44;92;172;73;0,73;126;55;25;7;2;0,15;0,1;1/10;17;24;33;11;3;1;181;39;7;2;31
4077;VCT 2025: Pacific Stage 1;Group Stage;Week 5;CLZ;ZETA DIVISION;63;9;167;74;0,7;122;54;21;8;2;0,17;0,09;1/11;17;34;46;13;5;1;181;39;7;2;31
4078;VCT 2025: Pacific Stage 1;Group Stage;Week 5;Jinboong;DetonatioN FocusMe;19;38;84;31;0,37;62;26;21;0;16;0,29;0,33;1/3;5;5;16;4;0;3;164;36;7;2;31
4079;VCT 2025: Pacific Stage 1;Group Stage;Week 5;Jinboong;DetonatioN FocusMe;40;73;140;61;0,55;99;48;23;5;1;0,3;0,33;1/3;14;19;31;9;2;4;164;36;7;2;31
4080;VCT 2025: Pacific Stage 1;Group Stage;Week 5;Meiy;DetonatioN FocusMe;19;97;220;82;0,63;141;74;11;11;26;0,37;0,33;1/3;14;14;17;2;2;5;165;36;7;2;31
4081;VCT 2025: Pacific Stage 1;Group Stage;Week 5;Meiy;DetonatioN FocusMe;21;109;242;106;0,62;159;9;14;1;1;0,36;0,25;1/4;19;19;18;3;2;2;165;36;7;2;31
4082;VCT 2025: Pacific Stage 1;Group Stage;Week 5;Meiy;DetonatioN FocusMe;40;103;231;94;0,63;151;83;13;1;18;0,36;0,29;2/7;19;33;35;5;4;7;165;36;7;2;31
4083;VCT 2025: Pacific Stage 1;Group Stage;Week 5;margaret;Nongshim RedForce;39;147;266;217;0,87;172;10;18;13;8;0,25;0,4;2/5;20;39;18;7;5;3;221;33;7;2;31
4084;VCT 2025: Pacific Stage 1;Group Stage;Week 5;margaret;Nongshim RedForce;63;153;282;213;0,84;188;105;19;14;8;0,23;0,29;2/7;27;66;31;12;9;5;221;33;7;2;31
4085;VCT 2025: Pacific Stage 1;Group Stage;Week 5;Dambi;Nongshim RedForce;63;124;278;12;0,73;172;87;38;16;13;0,24;0,25;1/4;23;55;46;24;10;8;169;33;7;2;31
4086;VCT 2025: Pacific Stage 1;Group Stage;Week 5;dos9;BOOM Esports;21;112;220;10;0,76;150;76;71;14;5;0,28;0,25;1/4;16;16;16;15;3;1;185;40;7;2;31
4087;VCT 2025: Pacific Stage 1;Group Stage;Week 5;dos9;BOOM Esports;19;133;243;164;0,89;153;95;47;21;0;0,27;1;1/1;18;18;11;9;4;0;185;40;7;2;31
4088;VCT 2025: Pacific Stage 1;Group Stage;Week 5;dos9;BOOM Esports;40;122;232;126;0,83;151;85;6;18;3;0,28;0,4;2/5;18;34;27;24;7;1;185;40;7;2;31
4089;VCT 2025: Pacific Stage 1;Group Stage;Week 5;BerserX;BOOM Esports;21;88;175;93;0,67;121;62;14;14;1;0,22;0,33;1/3;13;13;14;3;3;2;186;40;7;2;31
4090;VCT 2025: Pacific Stage 1;Group Stage;Week 5;BerserX;BOOM Esports;19;102;162;12;0,89;107;63;37;16;0;0,31;0,2;1/5;12;12;10;7;3;0;186;40;7;2;31
4091;VCT 2025: Pacific Stage 1;Group Stage;Week 5;BerserX;BOOM Esports;40;95;168;104;0,78;114;63;25;15;5;0,25;0,25;2/8;13;25;24;10;6;2;186;40;7;2;31
4092;VCT 2025: Pacific Stage 1;Group Stage;Week 5;Famouz;BOOM Esports;21;97;186;117;0,71;124;67;19;29;29;0,2;1;1/1;14;14;12;4;6;6;191;40;7;2;31
4093;VCT 2025: Pacific Stage 1;Group Stage;Week 5;Famouz;BOOM Esports;40;11;230;128;0,75;141;8;23;28;18;0,2;1;1/1;18;32;25;9;11;7;191;40;7;2;31
4094;VCT 2025: Pacific Stage 1;Group Stage;Week 5;Shiro;BOOM Esports;21;156;281;192;0,86;194;11;33;0;0;0,39;0,5;1/2;23;23;12;7;0;0;194;40;7;2;31
4095;VCT 2025: Pacific Stage 1;Group Stage;Week 5;Shiro;BOOM Esports;40;128;252;163;0,83;170;98;3;3;3;0,31;0,5;1/2;23;39;24;12;1;1;194;40;7;2;31
4096;VCT 2025: Pacific Stage 1;Group Stage;Week 5;crazyguy;Rex Regum Qeon;28;119;218;124;0,71;140;75;5;11;4;0,26;0,25;1/4;21;21;17;14;3;1;52;12;7;2;31
4097;VCT 2025: Pacific Stage 1;Group Stage;Week 5;crazyguy;Rex Regum Qeon;68;101;203;10;0,71;133;68;43;9;7;0,29;0,13;1/8;21;46;46;29;6;5;52;12;7;2;31
4098;VCT 2025: Pacific Stage 1;Group Stage;Week 5;xffero;Rex Regum Qeon;28;99;193;10;0,71;134;68;21;7;4;0,22;0,25;1/4;19;19;19;6;2;1;50;12;7;2;31
4099;VCT 2025: Pacific Stage 1;Group Stage;Week 5;xffero;Rex Regum Qeon;68;9;193;9;0,71;128;65;29;7;4;0,28;0,09;1/11;19;44;49;20;5;3;50;12;7;2;31
4100;VCT 2025: Pacific Stage 1;Group Stage;Week 5;Jemkin;Rex Regum Qeon;28;105;222;11;0,61;144;82;7;25;14;0,31;1;1/1;23;23;21;2;7;4;57;12;7;2;31
4101;VCT 2025: Pacific Stage 1;Group Stage;Week 5;Jemkin;Rex Regum Qeon;40;97;222;10;0,65;144;83;13;18;2;0,34;0,2;1/5;20;33;33;5;7;8;57;12;7;2;31
4102;VCT 2025: Pacific Stage 1;Group Stage;Week 5;Jemkin;Rex Regum Qeon;68;10;222;104;0,63;144;82;1;21;18;0,33;0,33;2/6;23;56;54;7;14;12;57;12;7;2;31
4103;VCT 2025: Pacific Stage 1;Group Stage;Week 5;BeYN;DRX;44;115;220;113;0,75;134;8;45;9;5;0,32;0,25;1/4;18;35;31;20;4;2;15;5;7;2;31
4104;VCT 2025: Pacific Stage 1;Group Stage;Week 5;BeYN;DRX;66;121;214;116;0,73;135;77;42;12;5;0,33;0,13;1/8;18;51;44;28;8;3;15;5;7;2;31
4105;VCT 2025: Pacific Stage 1;Group Stage;Week 5;HYUNMIN;DRX;22;13;240;146;0,64;141;86;14;18;18;0,18;1;1/1;19;19;13;3;4;4;37;5;7;2;31
4106;VCT 2025: Pacific Stage 1;Group Stage;Week 5;HYUNMIN;DRX;44;122;260;121;0,77;159;93;25;2;9;0,29;0,17;1/6;24;41;34;11;9;4;37;5;7;2;31
4107;VCT 2025: Pacific Stage 1;Group Stage;Week 5;HYUNMIN;DRX;66;125;254;128;0,73;153;91;21;2;12;0,25;0,29;2/7;24;60;47;14;13;8;37;5;7;2;31
4108;VCT 2025: Pacific Stage 1;Group Stage;Week 5;MaKo;DRX;44;97;184;97;0,57;124;66;14;18;16;0,22;0,4;2/5;18;29;30;6;8;7;16;5;7;2;31
4109;VCT 2025: Pacific Stage 1;Group Stage;Week 5;MaKo;DRX;66;104;183;10;0,65;118;64;29;15;12;0,24;0,29;2/7;18;42;42;19;10;8;16;5;7;2;31
4110;VCT 2025: Pacific Stage 1;Group Stage;Week 5;free1ng;DRX;66;95;188;96;0,68;123;67;29;11;8;0,18;0,14;1/7;17;44;46;19;7;5;14;5;7;2;31
4111;VCT 2025: Pacific Stage 1;Group Stage;Week 5;invy;Team Secret;28;124;257;132;0,71;169;89;18;4;7;0,37;0,2;1/5;25;25;19;5;1;2;193;38;7;2;31
4112;VCT 2025: Pacific Stage 1;Group Stage;Week 5;invy;Team Secret;22;141;244;15;0,68;170;95;27;9;9;0,37;0,2;1/5;21;21;14;6;2;2;193;38;7;2;31
4113;VCT 2025: Pacific Stage 1;Group Stage;Week 5;invy;Team Secret;68;135;252;149;0,71;174;94;24;4;6;0,39;0,2;2/10;25;64;43;16;3;4;193;38;7;2;31
4114;VCT 2025: Pacific Stage 1;Group Stage;Week 5;JessieVash;Team Secret;22;133;196;155;0,73;144;77;14;5;14;0,41;0,6;3/5;17;17;11;3;1;3;224;38;7;2;31
4115;VCT 2025: Pacific Stage 1;Group Stage;Week 5;JessieVash;Team Secret;68;111;163;113;0,76;123;63;13;3;7;0,36;0,23;3/13;20;43;38;9;2;5;224;38;7;2;31
4116;VCT 2025: Pacific Stage 1;Group Stage;Week 5;Jremy;Team Secret;18;145;290;146;0,89;186;106;28;11;6;0,15;1;1/1;19;19;13;5;2;1;220;38;7;2;31
4117;VCT 2025: Pacific Stage 1;Group Stage;Week 5;Jremy;Team Secret;68;89;203;87;0,76;128;66;31;1;15;0,18;0,5;1/2;19;45;52;21;7;10;220;38;7;2;31
4118;VCT 2025: Pacific Stage 1;Group Stage;Week 5;Wild0reoo;Team Secret;18;91;205;10;0,83;127;72;17;28;22;0,13;1;1/1;13;13;13;3;5;4;178;38;7;2;31
4119;VCT 2025: Pacific Stage 1;Group Stage;Week 5;Wild0reoo;Team Secret;68;106;239;108;0,75;151;82;16;21;15;0,23;0,33;1/3;22;56;52;11;14;10;178;38;7;2;31
4120;VCT 2025: Pacific Stage 1;Group Stage;Week 5;Foxy9;Gen.G;21;152;313;192;0,9;199;11;19;14;0;0,41;0,33;1/3;23;23;12;4;3;0;188;35;7;2;31
4121;VCT 2025: Pacific Stage 1;Group Stage;Week 5;Foxy9;Gen.G;66;122;234;138;0,82;154;83;26;9;5;0,35;0,2;1/5;23;55;40;17;6;3;188;35;7;2;31
4122;VCT 2025: Pacific Stage 1;Group Stage;Week 5;Ash;Gen.G;21;109;154;118;0,71;110;62;33;0;1;0,42;0,33;1/3;13;13;11;7;0;2;161;35;7;2;31
4123;VCT 2025: Pacific Stage 1;Group Stage;Week 5;Ash;Gen.G;66;96;163;10;0,68;108;61;23;5;11;0,27;0,17;1/6;18;40;40;15;3;7;161;35;7;2;31
4124;VCT 2025: Pacific Stage 1;Group Stage;Week 5;t3xture;Gen.G;44;108;263;121;0,68;162;91;9;9;2;0,22;1;2/2;26;40;33;4;4;9;162;35;7;2;31
4125;VCT 2025: Pacific Stage 1;Group Stage;Week 5;t3xture;Gen.G;66;11;260;12;0,68;159;91;15;15;23;0,23;1;2/2;26;60;50;10;10;15;162;35;7;2;31
4126;VCT 2025: Pacific Stage 1;Group Stage;Week 5;primmie;TALON;20;185;347;236;0,9;203;13;3;2;0;0,23;0,5;1/2;26;26;11;6;4;0;157;34;7;2;31
4127;VCT 2025: Pacific Stage 1;Group Stage;Week 5;primmie;TALON;39;161;304;20;0,87;198;113;33;21;5;0,26;0,33;1/3;26;44;22;13;8;2;157;34;7;2;31
4128;VCT 2025: Pacific Stage 1;Group Stage;Week 5;Killua;TALON;39;133;202;148;0,72;141;79;21;8;3;0,38;0,29;2/7;18;31;21;8;3;1;160;34;7;2;31
4129;VCT 2025: Pacific Stage 1;Group Stage;Week 5;f0rsakeN;Paper Rex;40;136;258;146;0,8;154;95;38;1;8;0,3;0,6;3/5;21;38;26;15;4;3;21;7;7;2;31
4130;VCT 2025: Pacific Stage 1;Group Stage;Week 5;d4v41;Paper Rex;18;154;284;19;0,83;186;106;39;17;6;0,21;1;1/1;19;19;10;7;3;1;22;7;7;2;31
4131;VCT 2025: Pacific Stage 1;Group Stage;Week 5;d4v41;Paper Rex;22;15;311;171;0,77;172;109;32;23;0;0,33;0,2;1/5;24;24;14;7;5;0;22;7;7;2;31
4132;VCT 2025: Pacific Stage 1;Group Stage;Week 5;d4v41;Paper Rex;40;152;298;179;0,8;178;108;35;2;3;0,27;0,33;2/6;24;43;24;14;8;1;22;7;7;2;31
4133;VCT 2025: Pacific Stage 1;All Stages;All Match Types;Sylvan;T1;23;122;216;113;0,78;144;74;39;0;4;0,28;0,25;1/4;17;17;15;9;0;1;219;16;7;3;25
4134;VCT 2025: Pacific Stage 1;All Stages;All Match Types;Sylvan;T1;62;112;217;105;0,89;138;68;61;11;1;0,22;0,25;1/4;18;42;40;38;7;6;219;16;7;3;25
4135;VCT 2025: Pacific Stage 1;All Stages;All Match Types;Sylvan;T1;206;89;161;84;0,67;111;57;42;4;1;0,24;0,11;3/28;16;118;141;86;8;20;219;16;7;3;25
4136;VCT 2025: Pacific Stage 1;All Stages;All Match Types;Sylvan;T1;378;92;179;86;0,71;120;6;44;6;1;0,25;0,12;5/42;18;228;266;167;21;38;219;16;7;3;25
4137;VCT 2025: Pacific Stage 1;All Stages;All Match Types;stax;T1;104;106;211;104;0,68;144;79;4;2;7;0,31;0,07;1/14;25;82;79;42;2;7;72;16;7;3;25
4138;VCT 2025: Pacific Stage 1;All Stages;All Match Types;stax;T1;80;104;171;111;0,73;118;64;24;4;5;0,32;0,44;4/9;15;51;46;19;3;4;72;16;7;3;25
4139;VCT 2025: Pacific Stage 1;All Stages;All Match Types;stax;T1;378;95;175;94;0,7;119;64;33;3;6;0,31;0,12;5/43;25;241;256;126;11;22;72;16;7;3;25
4140;VCT 2025: Pacific Stage 1;All Stages;All Match Types;BuZz;T1;68;93;195;106;0,6;126;75;4;12;1;0,27;0,07;1/15;21;51;48;3;8;7;69;16;7;3;25
4141;VCT 2025: Pacific Stage 1;All Stages;All Match Types;BuZz;T1;89;111;261;115;0,69;179;85;17;11;2;0,3;0,25;2/8;30;76;66;15;10;18;69;16;7;3;25
4142;VCT 2025: Pacific Stage 1;All Stages;All Match Types;BuZz;T1;378;98;225;106;0,65;145;78;15;14;17;0,27;0,09;3/35;30;294;278;57;52;64;69;16;7;3;25
4143;VCT 2025: Pacific Stage 1;All Stages;All Match Types;iZu;T1;57;85;169;89;0,75;103;6;26;7;5;0,27;0,13;1/8;17;34;38;15;4;3;71;16;7;3;25
4144;VCT 2025: Pacific Stage 1;All Stages;All Match Types;iZu;T1;85;104;204;95;0,78;139;71;26;6;8;0,33;0,27;3/11;23;60;63;22;5;7;71;16;7;3;25
4145;VCT 2025: Pacific Stage 1;All Stages;All Match Types;iZu;T1;81;109;190;122;0,75;119;75;14;5;5;0,29;0,15;2/13;21;61;50;11;4;4;71;16;7;3;25
4146;VCT 2025: Pacific Stage 1;All Stages;All Match Types;iZu;T1;82;85;182;8;0,67;114;6;29;1;12;0,31;0,12;2/17;15;49;61;24;8;10;71;16;7;3;25
4147;VCT 2025: Pacific Stage 1;All Stages;All Match Types;iZu;T1;73;129;239;145;0,68;152;88;25;7;15;0,27;0,25;2/8;22;64;44;18;5;11;71;16;7;3;25
4148;VCT 2025: Pacific Stage 1;All Stages;All Match Types;iZu;T1;378;103;196;105;0,73;126;71;24;7;9;0,3;0,18;10/57;23;268;256;90;26;35;71;16;7;3;25
4149;VCT 2025: Pacific Stage 1;All Stages;All Match Types;Meteor;T1;59;99;205;94;0,66;148;75;14;8;1;0,3;0,07;1/14;24;44;47;8;5;6;68;16;7;3;25
4150;VCT 2025: Pacific Stage 1;All Stages;All Match Types;Meteor;T1;68;86;208;94;0,68;145;74;16;12;26;0,34;0,33;2/6;19;50;53;11;8;18;68;16;7;3;25
4151;VCT 2025: Pacific Stage 1;All Stages;All Match Types;Meteor;T1;62;112;243;127;0,71;152;84;29;13;15;0,28;0,25;1/4;20;52;41;18;8;9;68;16;7;3;25
4152;VCT 2025: Pacific Stage 1;All Stages;All Match Types;Meteor;T1;378;98;215;101;0,68;144;75;2;13;15;0,3;0,09;4/43;24;283;279;76;51;58;68;16;7;3;25
4153;VCT 2025: Pacific Stage 1;All Stages;All Match Types;xffero;Rex Regum Qeon;49;118;187;14;0,82;126;71;39;4;8;0,31;0,3;3/10;21;35;25;19;2;4;50;12;7;3;25
4154;VCT 2025: Pacific Stage 1;All Stages;All Match Types;xffero;Rex Regum Qeon;150;92;173;93;0,72;123;62;31;7;7;0,27;0,29;4/14;19;93;100;47;10;10;50;12;7;3;25
4155;VCT 2025: Pacific Stage 1;All Stages;All Match Types;xffero;Rex Regum Qeon;101;94;181;97;0,68;132;66;12;7;12;0,22;0,17;3/18;19;67;69;12;7;12;50;12;7;3;25
4156;VCT 2025: Pacific Stage 1;All Stages;All Match Types;xffero;Rex Regum Qeon;193;104;199;118;0,73;129;72;23;7;8;0,26;0,17;4/24;23;139;118;44;13;15;50;12;7;3;25
4157;VCT 2025: Pacific Stage 1;All Stages;All Match Types;xffero;Rex Regum Qeon;573;97;184;103;0,73;126;67;25;7;9;0,26;0,19;14/75;23;385;374;142;38;49;50;12;7;3;25
4158;VCT 2025: Pacific Stage 1;All Stages;All Match Types;Monyet;Rex Regum Qeon;88;74;178;83;0,59;114;68;19;16;22;0,25;0,33;1/3;22;60;72;17;14;19;56;12;7;3;25
4159;VCT 2025: Pacific Stage 1;All Stages;All Match Types;Monyet;Rex Regum Qeon;243;99;167;94;0,75;110;59;45;7;9;0,31;0,2;6/30;18;144;154;110;16;21;56;12;7;3;25
4160;VCT 2025: Pacific Stage 1;All Stages;All Match Types;Monyet;Rex Regum Qeon;26;97;214;78;0,69;140;69;27;15;15;0,2;1;1/1;18;18;23;7;4;4;56;12;7;3;25
4161;VCT 2025: Pacific Stage 1;All Stages;All Match Types;Monyet;Rex Regum Qeon;101;101;202;101;0,7;137;74;33;7;8;0,34;0,21;3/14;25;75;74;33;7;8;56;12;7;3;25
4162;VCT 2025: Pacific Stage 1;All Stages;All Match Types;Monyet;Rex Regum Qeon;71;81;183;85;0,68;126;62;23;11;18;0,26;0,29;2/7;20;44;52;16;8;13;56;12;7;3;25
4163;VCT 2025: Pacific Stage 1;All Stages;All Match Types;Monyet;Rex Regum Qeon;573;94;181;93;0,71;120;65;34;1;12;0,28;0,22;13/59;25;375;402;196;55;66;56;12;7;3;25
4164;VCT 2025: Pacific Stage 1;All Stages;All Match Types;crazyguy;Rex Regum Qeon;206;97;184;96;0,74;123;64;33;9;6;0,29;0,09;2/22;23;132;138;67;18;13;52;12;7;3;25
4165;VCT 2025: Pacific Stage 1;All Stages;All Match Types;crazyguy;Rex Regum Qeon;97;107;195;10;0,69;128;65;47;5;5;0,24;0,15;3/20;23;63;63;46;5;5;52;12;7;3;25
4166;VCT 2025: Pacific Stage 1;All Stages;All Match Types;crazyguy;Rex Regum Qeon;270;88;176;86;0,71;118;58;27;5;6;0,21;0,17;5/30;17;157;183;74;14;15;52;12;7;3;25
4167;VCT 2025: Pacific Stage 1;All Stages;All Match Types;crazyguy;Rex Regum Qeon;573;94;182;92;0,72;121;61;33;6;6;0,24;0,14;10/72;23;352;384;187;37;33;52;12;7;3;25
4168;VCT 2025: Pacific Stage 1;All Stages;All Match Types;Jemkin;Rex Regum Qeon;39;105;191;93;0,72;133;64;23;5;1;0,36;0,14;1/7;14;25;27;9;2;4;57;12;7;3;25
4169;VCT 2025: Pacific Stage 1;All Stages;All Match Types;Jemkin;Rex Regum Qeon;71;104;242;113;0,68;153;89;8;21;13;0,39;0,5;2/4;23;63;56;6;15;9;57;12;7;3;25
4170;VCT 2025: Pacific Stage 1;All Stages;All Match Types;Jemkin;Rex Regum Qeon;101;12;252;127;0,73;160;93;7;24;16;0,32;0,11;1/9;24;94;74;7;24;16;57;12;7;3;25
4171;VCT 2025: Pacific Stage 1;All Stages;All Match Types;Jemkin;Rex Regum Qeon;362;128;264;138;0,74;166;94;18;27;15;0,39;0,17;5/30;32;342;247;65;96;55;57;12;7;3;25
4172;VCT 2025: Pacific Stage 1;All Stages;All Match Types;Jemkin;Rex Regum Qeon;573;122;254;13;0,73;161;91;15;24;15;0,38;0,18;9/50;32;524;404;87;137;84;57;12;7;3;25
4173;VCT 2025: Pacific Stage 1;All Stages;All Match Types;Kushy;Rex Regum Qeon;26;84;156;68;0,62;97;5;35;4;0;0,21;0,33;1/3;13;13;19;9;1;0;51;12;7;3;25
4174;VCT 2025: Pacific Stage 1;All Stages;All Match Types;Kushy;Rex Regum Qeon;124;86;166;77;0,74;107;58;44;6;8;0,37;0,29;2/7;17;72;94;54;7;10;51;12;7;3;25
4175;VCT 2025: Pacific Stage 1;All Stages;All Match Types;Kushy;Rex Regum Qeon;26;151;305;194;0,81;189;119;27;8;4;0,24;0,25;1/4;31;31;16;7;2;1;51;12;7;3;25
4176;VCT 2025: Pacific Stage 1;All Stages;All Match Types;Kushy;Rex Regum Qeon;168;115;206;116;0,76;140;73;26;11;6;0,39;0,1;2/20;19;122;105;44;18;10;51;12;7;3;25
4177;VCT 2025: Pacific Stage 1;All Stages;All Match Types;Kushy;Rex Regum Qeon;206;97;189;96;0,71;135;67;23;3;7;0,3;0,13;2/16;21;137;143;48;6;15;51;12;7;3;25
4178;VCT 2025: Pacific Stage 1;All Stages;All Match Types;Kushy;Rex Regum Qeon;573;101;193;99;0,73;131;69;29;6;6;0,32;0,15;8/53;31;393;396;166;35;36;51;12;7;3;25
4179;VCT 2025: Pacific Stage 1;All Stages;All Match Types;Karon;Gen.G;36;127;232;125;0,75;157;83;5;3;11;0,36;0,2;1/5;16;30;24;18;1;4;163;35;7;3;25
4180;VCT 2025: Pacific Stage 1;All Stages;All Match Types;Karon;Gen.G;336;109;213;113;0,75;135;75;35;7;5;0,31;0,25;9/36;24;251;223;118;25;18;163;35;7;3;25
4181;VCT 2025: Pacific Stage 1;All Stages;All Match Types;Karon;Gen.G;472;108;208;11;0,75;134;73;39;7;6;0,31;0,19;10/53;24;345;313;184;33;27;163;35;7;3;25
4182;VCT 2025: Pacific Stage 1;All Stages;All Match Types;Munchkin;Gen.G;36;99;164;91;0,83;107;58;42;3;3;0,22;0,25;2/8;11;21;23;15;1;1;189;35;7;3;25
4183;VCT 2025: Pacific Stage 1;All Stages;All Match Types;Munchkin;Gen.G;164;108;200;104;0,73;128;7;52;13;12;0,26;0,05;1/20;19;114;110;85;21;20;189;35;7;3;25
4184;VCT 2025: Pacific Stage 1;All Stages;All Match Types;Munchkin;Gen.G;227;115;220;122;0,75;144;76;29;15;1;0,23;0,12;3/25;29;172;141;65;33;23;189;35;7;3;25
4185;VCT 2025: Pacific Stage 1;All Stages;All Match Types;Munchkin;Gen.G;472;107;199;105;0,74;130;69;39;12;1;0,24;0,09;6/65;29;324;308;183;56;49;189;35;7;3;25
4186;VCT 2025: Pacific Stage 1;All Stages;All Match Types;Foxy9;Gen.G;39;10;182;104;0,79;115;64;41;1;5;0,27;0,33;1/3;13;25;24;16;4;2;188;35;7;3;25
4187;VCT 2025: Pacific Stage 1;All Stages;All Match Types;Foxy9;Gen.G;201;106;194;12;0,75;131;73;11;9;12;0,33;0,31;5/16;19;146;122;23;18;24;188;35;7;3;25
4188;VCT 2025: Pacific Stage 1;All Stages;All Match Types;Foxy9;Gen.G;76;127;234;15;0,82;154;87;21;8;3;0,35;0,43;3/7;23;66;44;16;6;2;188;35;7;3;25
4189;VCT 2025: Pacific Stage 1;All Stages;All Match Types;Foxy9;Gen.G;360;112;208;125;0,78;137;77;18;1;8;0,34;0,29;9/31;23;277;222;65;35;30;188;35;7;3;25
4190;VCT 2025: Pacific Stage 1;All Stages;All Match Types;Ash;Gen.G;99;102;161;109;0,78;107;62;29;4;5;0,38;0,29;4/14;14;61;56;29;4;5;161;35;7;3;25
4191;VCT 2025: Pacific Stage 1;All Stages;All Match Types;Ash;Gen.G;307;102;178;103;0,73;121;61;25;6;6;0,28;0,11;3/27;19;188;183;76;17;17;161;35;7;3;25
4192;VCT 2025: Pacific Stage 1;All Stages;All Match Types;Ash;Gen.G;472;10;174;104;0,72;117;61;25;6;6;0,31;0,15;7/48;19;290;280;117;26;27;161;35;7;3;25
4193;VCT 2025: Pacific Stage 1;All Stages;All Match Types;t3xture;Gen.G;64;97;225;10;0,59;148;75;13;23;22;0,26;0,17;1/6;21;48;48;8;15;14;162;35;7;3;25
4194;VCT 2025: Pacific Stage 1;All Stages;All Match Types;t3xture;Gen.G;200;115;246;128;0,71;158;89;19;16;15;0,31;0,27;3/11;29;178;139;38;31;29;162;35;7;3;25
4195;VCT 2025: Pacific Stage 1;All Stages;All Match Types;t3xture;Gen.G;122;103;237;113;0,7;150;84;16;13;21;0,23;0,4;2/5;26;102;90;20;16;26;162;35;7;3;25
4196;VCT 2025: Pacific Stage 1;All Stages;All Match Types;t3xture;Gen.G;472;111;244;121;0,7;155;86;18;17;18;0,28;0,21;6/28;29;407;336;86;79;84;162;35;7;3;25
4197;VCT 2025: Pacific Stage 1;All Stages;All Match Types;SugarZ3ro;ZETA DIVISION;24;111;181;131;0,75;121;71;33;0;8;0,39;0,5;1/2;17;17;13;8;0;2;180;39;7;3;25
4198;VCT 2025: Pacific Stage 1;All Stages;All Match Types;SugarZ3ro;ZETA DIVISION;188;97;173;95;0,72;108;65;32;8;5;0,27;0,14;3/21;27;123;130;61;15;9;180;39;7;3;25
4199;VCT 2025: Pacific Stage 1;All Stages;All Match Types;SugarZ3ro;ZETA DIVISION;255;104;182;105;0,73;116;7;31;6;5;0,29;0,13;4/30;27;178;170;78;15;13;180;39;7;3;25
4200;VCT 2025: Pacific Stage 1;All Stages;All Match Types;Xdll;ZETA DIVISION;148;91;195;91;0,68;124;7;26;9;8;0,39;0,17;3/18;21;104;114;38;13;12;182;39;7;3;25
4201;VCT 2025: Pacific Stage 1;All Stages;All Match Types;Xdll;ZETA DIVISION;83;88;220;85;0,7;147;73;23;18;11;0,32;0,13;1/8;18;61;72;19;15;9;182;39;7;3;25
4202;VCT 2025: Pacific Stage 1;All Stages;All Match Types;Xdll;ZETA DIVISION;255;88;200;88;0,68;129;7;23;12;9;0,35;0,15;4/27;21;178;203;59;31;24;182;39;7;3;25
4203;VCT 2025: Pacific Stage 1;All Stages;All Match Types;SyouTa;ZETA DIVISION;40;5;116;51;0,45;86;45;13;1;8;0,43;0,1;1/10;13;18;35;5;4;3;226;39;7;3;25
4204;VCT 2025: Pacific Stage 1;All Stages;All Match Types;SyouTa;ZETA DIVISION;24;64;127;61;0,58;93;46;17;13;13;0,28;0,33;1/3;11;11;18;4;3;3;226;39;7;3;25
4205;VCT 2025: Pacific Stage 1;All Stages;All Match Types;SyouTa;ZETA DIVISION;103;92;175;93;0,68;114;62;18;1;8;0,39;0,13;1/8;18;64;69;19;10;8;226;39;7;3;25
4206;VCT 2025: Pacific Stage 1;All Stages;All Match Types;SyouTa;ZETA DIVISION;255;79;163;77;0,61;108;58;19;1;7;0,35;0,09;3/32;18;147;190;48;26;18;226;39;7;3;25
4207;VCT 2025: Pacific Stage 1;All Stages;All Match Types;Dep;ZETA DIVISION;22;164;362;165;0,77;221;127;18;23;9;0,38;0,33;1/3;28;28;17;4;5;2;184;39;7;3;25
4208;VCT 2025: Pacific Stage 1;All Stages;All Match Types;Dep;ZETA DIVISION;63;74;161;77;0,54;117;57;24;14;25;0,24;0,13;1/8;25;36;47;15;9;16;184;39;7;3;25
4209;VCT 2025: Pacific Stage 1;All Stages;All Match Types;Dep;ZETA DIVISION;152;94;211;98;0,61;142;75;16;16;18;0,28;0,14;2/14;28;114;116;25;24;28;184;39;7;3;25
4210;VCT 2025: Pacific Stage 1;All Stages;All Match Types;TenTen;ZETA DIVISION;36;10;215;10;0,72;143;72;11;22;17;0,28;0,33;1/3;17;26;26;4;8;6;183;39;7;3;25
4211;VCT 2025: Pacific Stage 1;All Stages;All Match Types;TenTen;ZETA DIVISION;103;94;216;96;0,69;136;73;19;22;22;0,16;0,25;1/4;20;75;78;20;23;23;183;39;7;3;25
4212;VCT 2025: Pacific Stage 1;All Stages;All Match Types;CLZ;ZETA DIVISION;83;119;198;129;0,7;144;75;16;8;2;0,36;0,14;2/14;23;62;48;13;7;2;181;39;7;3;25
4213;VCT 2025: Pacific Stage 1;All Stages;All Match Types;CLZ;ZETA DIVISION;172;86;168;73;0,67;118;54;26;7;5;0,22;0,17;5/30;17;93;128;44;12;9;181;39;7;3;25
4214;VCT 2025: Pacific Stage 1;All Stages;All Match Types;CLZ;ZETA DIVISION;255;96;178;88;0,68;126;61;22;7;4;0,26;0,16;7/44;23;155;176;57;19;11;181;39;7;3;25
4215;VCT 2025: Pacific Stage 1;All Stages;All Match Types;d4v41;Paper Rex;77;99;184;96;0,7;128;65;31;4;9;0,32;0,18;2/11;22;50;52;24;3;7;22;7;7;3;25
4216;VCT 2025: Pacific Stage 1;All Stages;All Match Types;d4v41;Paper Rex;89;105;192;115;0,8;128;69;17;13;8;0,17;0,11;1/9;14;61;53;15;12;7;22;7;7;3;25
4217;VCT 2025: Pacific Stage 1;All Stages;All Match Types;d4v41;Paper Rex;84;83;165;84;0,8;114;58;26;8;5;0,23;0,06;1/17;16;49;58;22;7;4;22;7;7;3;25
4218;VCT 2025: Pacific Stage 1;All Stages;All Match Types;d4v41;Paper Rex;44;114;244;132;0,82;164;84;32;9;5;0,22;0,17;1/6;19;37;28;14;4;2;22;7;7;3;25
4219;VCT 2025: Pacific Stage 1;All Stages;All Match Types;d4v41;Paper Rex;202;102;193;121;0,77;127;75;29;8;6;0,26;0,21;5/24;24;151;125;59;16;12;22;7;7;3;25
4220;VCT 2025: Pacific Stage 1;All Stages;All Match Types;d4v41;Paper Rex;536;98;191;106;0,77;127;69;28;8;6;0,24;0,14;10/71;24;371;350;151;43;34;22;7;7;3;25
4221;VCT 2025: Pacific Stage 1;All Stages;All Match Types;PatMen;Paper Rex;74;94;169;9;0,72;117;62;46;4;1;0,28;0,22;2/9;19;46;51;34;3;1;20;7;7;3;25
4222;VCT 2025: Pacific Stage 1;All Stages;All Match Types;PatMen;Paper Rex;194;92;181;85;0,76;113;58;4;5;6;0,29;0,24;4/17;16;112;131;77;9;12;20;7;7;3;25
4223;VCT 2025: Pacific Stage 1;All Stages;All Match Types;PatMen;Paper Rex;81;112;226;107;0,69;154;77;53;5;6;0,29;0,38;3/8;18;62;58;43;4;5;20;7;7;3;25
4224;VCT 2025: Pacific Stage 1;All Stages;All Match Types;PatMen;Paper Rex;412;10;193;96;0,75;125;65;44;5;5;0,3;0,24;9/37;19;266;276;183;19;21;20;7;7;3;25
4225;VCT 2025: Pacific Stage 1;All Stages;All Match Types;something;Paper Rex;101;89;167;8;0,67;111;58;36;6;8;0,33;0,28;5/18;16;59;74;36;6;8;23;7;7;3;25
4226;VCT 2025: Pacific Stage 1;All Stages;All Match Types;something;Paper Rex;198;114;235;123;0,73;143;82;17;21;16;0,25;0,13;2/16;23;163;132;34;41;31;23;7;7;3;25
4227;VCT 2025: Pacific Stage 1;All Stages;All Match Types;something;Paper Rex;23;144;242;167;0,74;152;87;26;9;17;0,36;0,33;1/3;20;20;12;6;2;4;23;7;7;3;25
4228;VCT 2025: Pacific Stage 1;All Stages;All Match Types;something;Paper Rex;22;76;179;74;0,64;131;64;14;0;9;0,27;0,2;1/5;14;14;19;3;0;2;23;7;7;3;25
4229;VCT 2025: Pacific Stage 1;All Stages;All Match Types;something;Paper Rex;536;103;198;103;0,71;127;7;26;15;13;0,26;0,16;9/58;23;373;361;137;78;69;23;7;7;3;25
4230;VCT 2025: Pacific Stage 1;All Stages;All Match Types;Jinggg;Paper Rex;183;99;172;99;0,74;116;63;39;7;8;0,32;0,09;2/22;23;115;116;72;12;15;27;7;7;3;25
4231;VCT 2025: Pacific Stage 1;All Stages;All Match Types;Jinggg;Paper Rex;77;113;218;113;0,81;140;78;25;13;12;0,31;0,27;3/11;31;60;53;19;10;9;27;7;7;3;25
4232;VCT 2025: Pacific Stage 1;All Stages;All Match Types;Jinggg;Paper Rex;195;122;249;131;0,76;164;88;22;11;8;0,2;0,12;2/17;28;172;131;42;22;16;27;7;7;3;25
4233;VCT 2025: Pacific Stage 1;All Stages;All Match Types;Jinggg;Paper Rex;536;114;221;118;0,76;145;79;32;1;8;0,26;0,11;7/62;31;422;359;171;53;43;27;7;7;3;25
4234;VCT 2025: Pacific Stage 1;All Stages;All Match Types;mindfreak;Paper Rex;66;95;168;93;0,65;112;59;2;2;6;0,31;0,18;2/11;16;39;42;13;1;4;223;7;7;3;25
4235;VCT 2025: Pacific Stage 1;All Stages;All Match Types;mindfreak;Paper Rex;19;123;246;142;0,68;180;89;5;16;0;0,31;0,5;1/2;17;17;12;1;3;0;223;7;7;3;25
4236;VCT 2025: Pacific Stage 1;All Stages;All Match Types;mindfreak;Paper Rex;124;86;165;83;0,63;114;57;21;6;7;0,3;0,18;3/17;17;71;86;26;7;9;223;7;7;3;25
4237;VCT 2025: Pacific Stage 1;All Stages;All Match Types;f0rsakeN;Paper Rex;81;92;193;95;0,75;121;68;44;15;19;0,27;0,33;1/3;16;55;58;36;12;15;21;7;7;3;25
4238;VCT 2025: Pacific Stage 1;All Stages;All Match Types;f0rsakeN;Paper Rex;93;137;277;143;0,77;175;97;3;23;14;0,26;0,2;1/5;26;90;63;28;21;13;21;7;7;3;25
4239;VCT 2025: Pacific Stage 1;All Stages;All Match Types;f0rsakeN;Paper Rex;143;124;235;14;0,81;146;86;48;13;9;0,31;0,45;5/11;21;123;88;68;19;13;21;7;7;3;25
4240;VCT 2025: Pacific Stage 1;All Stages;All Match Types;f0rsakeN;Paper Rex;37;138;214;172;0,7;146;84;14;11;5;0,33;0,5;1/2;16;31;18;5;4;2;21;7;7;3;25
4241;VCT 2025: Pacific Stage 1;All Stages;All Match Types;f0rsakeN;Paper Rex;66;102;239;108;0,64;158;85;15;15;32;0,3;0,33;1/3;21;56;52;10;10;21;21;7;7;3;25
4242;VCT 2025: Pacific Stage 1;All Stages;All Match Types;f0rsakeN;Paper Rex;39;93;218;97;0,67;140;77;18;23;18;0,24;0,33;1/3;18;30;31;7;9;7;21;7;7;3;25
4243;VCT 2025: Pacific Stage 1;All Stages;All Match Types;f0rsakeN;Paper Rex;536;111;226;118;0,73;143;8;31;15;15;0,29;0,28;10/36;26;430;364;168;78;82;21;7;7;3;25
4244;VCT 2025: Pacific Stage 1;All Stages;All Match Types;dos9;BOOM Esports;64;129;240;127;0,8;153;88;5;13;8;0,22;0,38;3/8;22;56;44;32;8;5;185;40;7;3;25
4245;VCT 2025: Pacific Stage 1;All Stages;All Match Types;dos9;BOOM Esports;26;55;115;47;0,62;88;35;31;4;15;0,29;0,5;1/2;9;9;19;8;1;4;185;40;7;3;25
4246;VCT 2025: Pacific Stage 1;All Stages;All Match Types;dos9;BOOM Esports;210;125;227;127;0,75;146;84;44;1;7;0,27;0,29;10/35;35;177;139;92;20;14;185;40;7;3;25
4247;VCT 2025: Pacific Stage 1;All Stages;All Match Types;dos9;BOOM Esports;344;119;212;118;0,75;136;76;47;9;7;0,26;0,29;14/48;35;261;222;160;30;24;185;40;7;3;25
4248;VCT 2025: Pacific Stage 1;All Stages;All Match Types;NcSlasher;BOOM Esports;152;104;205;99;0,8;130;7;47;1;5;0,25;0,13;2/15;20;106;107;71;2;8;190;40;7;3;25
4249;VCT 2025: Pacific Stage 1;All Stages;All Match Types;NcSlasher;BOOM Esports;21;131;251;12;0,76;163;86;52;14;1;0,31;0,33;1/3;18;18;15;11;3;2;190;40;7;3;25
4250;VCT 2025: Pacific Stage 1;All Stages;All Match Types;NcSlasher;BOOM Esports;344;105;197;103;0,77;127;7;37;6;7;0,28;0,08;3/37;22;240;232;127;19;25;190;40;7;3;25
4251;VCT 2025: Pacific Stage 1;All Stages;All Match Types;BerserX;BOOM Esports;82;97;180;10;0,7;120;65;17;5;9;0,35;0,23;3/13;18;53;53;14;4;7;186;40;7;3;25
4252;VCT 2025: Pacific Stage 1;All Stages;All Match Types;BerserX;BOOM Esports;150;95;186;102;0,75;122;66;2;11;7;0,19;0,24;4/17;19;99;97;30;16;10;186;40;7;3;25
4253;VCT 2025: Pacific Stage 1;All Stages;All Match Types;BerserX;BOOM Esports;53;108;229;105;0,7;150;75;17;6;8;0,27;0,4;4/10;19;40;38;9;3;4;186;40;7;3;25
4254;VCT 2025: Pacific Stage 1;All Stages;All Match Types;BerserX;BOOM Esports;59;114;203;122;0,76;132;75;32;17;8;0,3;0,18;2/11;22;44;36;19;10;5;186;40;7;3;25
4255;VCT 2025: Pacific Stage 1;All Stages;All Match Types;BerserX;BOOM Esports;344;101;196;105;0,73;128;69;21;1;8;0,25;0,25;13/51;22;236;224;72;33;26;186;40;7;3;25
4256;VCT 2025: Pacific Stage 1;All Stages;All Match Types;Famouz;BOOM Esports;152;93;214;101;0,74;138;76;22;21;22;0,19;0,25;3/12;29;116;115;34;32;33;191;40;7;3;25
4257;VCT 2025: Pacific Stage 1;All Stages;All Match Types;Famouz;BOOM Esports;344;99;228;108;0,71;147;82;21;19;19;0,21;0,12;3/25;29;281;261;71;66;67;191;40;7;3;25
4258;VCT 2025: Pacific Stage 1;All Stages;All Match Types;Shiro;BOOM Esports;183;101;204;10;0,69;135;68;29;8;8;0,27;0,12;2/17;21;124;124;53;15;15;194;40;7;3;25
4259;VCT 2025: Pacific Stage 1;All Stages;All Match Types;Shiro;BOOM Esports;138;75;158;72;0,67;111;55;23;9;7;0,26;0,33;4/12;23;76;105;32;12;9;194;40;7;3;25
4260;VCT 2025: Pacific Stage 1;All Stages;All Match Types;Shiro;BOOM Esports;344;93;188;9;0,69;128;64;27;9;7;0,27;0,19;6/32;23;220;244;94;32;24;194;40;7;3;25
4261;VCT 2025: Pacific Stage 1;All Stages;All Match Types;Persia;Nongshim RedForce;90;96;156;98;0,73;100;59;33;9;6;0,26;0,09;1/11;16;53;54;30;8;5;154;33;7;3;25
4262;VCT 2025: Pacific Stage 1;All Stages;All Match Types;Persia;Nongshim RedForce;19;108;209;93;0,84;131;74;63;5;5;0,31;0,25;1/4;14;14;15;12;1;1;154;33;7;3;25
4263;VCT 2025: Pacific Stage 1;All Stages;All Match Types;Persia;Nongshim RedForce;201;103;184;93;0,72;121;61;38;9;6;0,26;0,16;3/19;22;123;132;76;19;12;154;33;7;3;25
4264;VCT 2025: Pacific Stage 1;All Stages;All Match Types;Persia;Nongshim RedForce;23;64;107;59;0,52;80;43;22;4;4;0,24;0,4;2/5;10;10;17;5;1;1;154;33;7;3;25
4265;VCT 2025: Pacific Stage 1;All Stages;All Match Types;Persia;Nongshim RedForce;333;99;174;92;0,71;113;6;37;9;6;0,26;0,18;7/39;22;200;218;123;29;19;154;33;7;3;25
4266;VCT 2025: Pacific Stage 1;All Stages;All Match Types;Francis;Nongshim RedForce;20;189;265;35;0,95;178;105;2;1;0;0,22;0,5;1/2;21;21;6;4;2;0;175;33;7;3;25
4267;VCT 2025: Pacific Stage 1;All Stages;All Match Types;Francis;Nongshim RedForce;169;115;216;119;0,73;139;77;2;12;6;0,19;0,1;2/20;25;130;109;34;20;10;175;33;7;3;25
4268;VCT 2025: Pacific Stage 1;All Stages;All Match Types;Francis;Nongshim RedForce;333;105;199;103;0,72;131;69;28;1;9;0,21;0,08;3/37;25;231;225;92;33;29;175;33;7;3;25
4269;VCT 2025: Pacific Stage 1;All Stages;All Match Types;margaret;Nongshim RedForce;120;91;179;9;0,59;120;64;17;8;8;0,33;0,06;1/16;18;77;86;20;10;9;221;33;7;3;25
4270;VCT 2025: Pacific Stage 1;All Stages;All Match Types;margaret;Nongshim RedForce;113;114;221;118;0,71;150;81;14;11;9;0,29;0,33;4/12;27;91;77;16;12;10;221;33;7;3;25
4271;VCT 2025: Pacific Stage 1;All Stages;All Match Types;margaret;Nongshim RedForce;100;117;223;14;0,75;138;8;21;13;11;0,26;0,3;3/10;20;80;57;21;13;11;221;33;7;3;25
4272;VCT 2025: Pacific Stage 1;All Stages;All Match Types;margaret;Nongshim RedForce;333;107;206;113;0,68;136;74;17;11;9;0,29;0,21;8/38;27;248;220;57;35;30;221;33;7;3;25
4273;VCT 2025: Pacific Stage 1;All Stages;All Match Types;Ivy;Nongshim RedForce;100;118;194;122;0,77;123;72;24;1;6;0,34;0,09;1/11;16;72;59;24;10;6;192;33;7;3;25
4274;VCT 2025: Pacific Stage 1;All Stages;All Match Types;Ivy;Nongshim RedForce;40;133;202;155;0,78;132;78;23;3;1;0,28;0,25;1/4;18;31;20;9;1;4;192;33;7;3;25
4275;VCT 2025: Pacific Stage 1;All Stages;All Match Types;Ivy;Nongshim RedForce;82;86;145;74;0,6;103;52;17;6;5;0,27;0,24;4/17;14;43;58;14;5;4;192;33;7;3;25
4276;VCT 2025: Pacific Stage 1;All Stages;All Match Types;Ivy;Nongshim RedForce;333;101;172;101;0,7;113;65;22;7;7;0,3;0,14;6/42;18;215;212;74;22;22;192;33;7;3;25
4277;VCT 2025: Pacific Stage 1;All Stages;All Match Types;Dambi;Nongshim RedForce;225;108;236;116;0,71;149;82;27;16;17;0,25;0,25;3/12;23;184;158;60;36;38;169;33;7;3;25
4278;VCT 2025: Pacific Stage 1;All Stages;All Match Types;Dambi;Nongshim RedForce;333;95;211;99;0,67;134;72;24;15;18;0,24;0,16;3/19;23;240;242;81;49;61;169;33;7;3;25
4279;VCT 2025: Pacific Stage 1;All Stages;All Match Types;gyen;DetonatioN FocusMe;116;94;179;8;0,68;123;6;41;7;7;0,31;0,06;1/16;21;70;88;47;8;8;167;36;7;3;25
4280;VCT 2025: Pacific Stage 1;All Stages;All Match Types;gyen;DetonatioN FocusMe;20;114;232;5;0,6;151;4;5;5;1;0,21;0,33;1/3;8;8;16;10;1;2;167;36;7;3;25
4281;VCT 2025: Pacific Stage 1;All Stages;All Match Types;gyen;DetonatioN FocusMe;225;95;190;79;0,66;126;62;34;8;1;0,37;0,05;2/38;21;139;177;76;17;22;167;36;7;3;25
4282;VCT 2025: Pacific Stage 1;All Stages;All Match Types;Akame;DetonatioN FocusMe;52;127;245;135;0,67;171;88;12;21;15;0,4;0,22;2/9;32;46;34;6;11;8;166;36;7;3;25
4283;VCT 2025: Pacific Stage 1;All Stages;All Match Types;Akame;DetonatioN FocusMe;225;111;213;101;0,71;143;76;3;14;11;0,32;0,06;2/34;32;172;171;68;31;25;166;36;7;3;25
4284;VCT 2025: Pacific Stage 1;All Stages;All Match Types;Jinboong;DetonatioN FocusMe;64;77;134;63;0,56;95;45;31;5;17;0,4;0,33;3/9;14;29;46;20;3;11;164;36;7;3;25
4285;VCT 2025: Pacific Stage 1;All Stages;All Match Types;Jinboong;DetonatioN FocusMe;141;83;166;76;0,65;115;57;16;7;9;0,31;0,05;1/22;16;81;106;22;10;13;164;36;7;3;25
4286;VCT 2025: Pacific Stage 1;All Stages;All Match Types;Jinboong;DetonatioN FocusMe;225;8;157;72;0,62;111;54;21;6;13;0,33;0,12;4/33;16;121;169;48;14;29;164;36;7;3;25
4287;VCT 2025: Pacific Stage 1;All Stages;All Match Types;Meiy;DetonatioN FocusMe;64;99;205;96;0,66;128;73;13;11;14;0,26;0,17;1/6;18;47;49;8;7;9;165;36;7;3;25
4288;VCT 2025: Pacific Stage 1;All Stages;All Match Types;Meiy;DetonatioN FocusMe;41;99;220;106;0,68;143;88;17;7;7;0,41;0,11;1/9;19;36;34;7;3;3;165;36;7;3;25
4289;VCT 2025: Pacific Stage 1;All Stages;All Match Types;Meiy;DetonatioN FocusMe;68;77;169;71;0,6;107;6;6;9;15;0,24;0,22;2/9;15;41;58;4;6;10;165;36;7;3;25
4290;VCT 2025: Pacific Stage 1;All Stages;All Match Types;Meiy;DetonatioN FocusMe;52;89;180;92;0,63;125;65;15;8;15;0,25;0,25;1/4;17;34;37;8;4;8;165;36;7;3;25
4291;VCT 2025: Pacific Stage 1;All Stages;All Match Types;Meiy;DetonatioN FocusMe;225;9;190;89;0,64;124;7;12;9;13;0,28;0,18;5/28;19;158;178;27;20;30;165;36;7;3;25
4292;VCT 2025: Pacific Stage 1;All Stages;All Match Types;Papi;Global Esports;85;91;160;86;0,74;107;6;25;2;8;0,27;0,22;2/9;15;51;59;21;2;7;170;37;7;3;25
4293;VCT 2025: Pacific Stage 1;All Stages;All Match Types;Papi;Global Esports;114;72;147;67;0,75;93;52;37;7;1;0,25;0,17;2/12;14;59;88;42;8;11;170;37;7;3;25
4294;VCT 2025: Pacific Stage 1;All Stages;All Match Types;Papi;Global Esports;199;8;152;75;0,74;99;55;32;5;9;0,26;0,19;4/21;15;110;147;63;10;18;170;37;7;3;25
4295;VCT 2025: Pacific Stage 1;All Stages;All Match Types;kellyS;Global Esports;42;91;196;91;0,67;128;69;24;1;17;0,22;0,2;1/5;19;29;32;10;4;7;176;37;7;3;25
4296;VCT 2025: Pacific Stage 1;All Stages;All Match Types;kellyS;Global Esports;57;83;175;74;0,68;106;6;25;9;11;0,21;0,14;1/7;12;34;46;14;5;6;176;37;7;3;25
4297;VCT 2025: Pacific Stage 1;All Stages;All Match Types;kellyS;Global Esports;199;87;182;81;0,65;120;62;33;6;9;0,21;0,12;2/17;19;124;153;66;11;18;176;37;7;3;25
4298;VCT 2025: Pacific Stage 1;All Stages;All Match Types;UdoTan;Global Esports;113;92;190;86;0,65;127;67;24;5;8;0,3;0,15;3/20;21;76;88;27;6;9;174;37;7;3;25
4299;VCT 2025: Pacific Stage 1;All Stages;All Match Types;UdoTan;Global Esports;42;139;304;142;0,74;206;105;19;17;17;0,31;0,2;1/5;28;44;31;8;7;7;174;37;7;3;25
4300;VCT 2025: Pacific Stage 1;All Stages;All Match Types;UdoTan;Global Esports;199;104;215;101;0,7;148;75;22;1;13;0,3;0,13;4/32;28;150;149;43;20;25;174;37;7;3;25
4301;VCT 2025: Pacific Stage 1;All Stages;All Match Types;Kr1stal;Global Esports;86;118;196;115;0,76;134;72;22;3;7;0,25;0,17;3/18;19;62;54;19;3;6;172;37;7;3;25
4302;VCT 2025: Pacific Stage 1;All Stages;All Match Types;Kr1stal;Global Esports;72;98;177;88;0,65;124;61;21;4;11;0,25;0,14;2/14;16;44;50;15;3;8;172;37;7;3;25
4303;VCT 2025: Pacific Stage 1;All Stages;All Match Types;Kr1stal;Global Esports;199;107;188;101;0,71;127;69;23;5;1;0,24;0,13;5/40;19;138;137;45;10;19;172;37;7;3;25
4304;VCT 2025: Pacific Stage 1;All Stages;All Match Types;yokam;Global Esports;40;5;120;52;0,63;84;4;8;23;15;0,29;1;1/1;12;16;31;3;9;6;222;37;7;3;25
4305;VCT 2025: Pacific Stage 1;All Stages;All Match Types;yokam;Global Esports;121;55;153;56;0,6;104;48;17;16;19;0,23;0,13;1/8;15;58;104;21;19;23;222;37;7;3;25
4306;VCT 2025: Pacific Stage 1;All Stages;All Match Types;2GE;Team Secret;110;73;140;59;0,64;88;44;4;5;13;0,2;0,08;1/12;16;48;81;44;6;14;225;38;7;3;25
4307;VCT 2025: Pacific Stage 1;All Stages;All Match Types;2GE;Team Secret;83;91;192;89;0,7;137;67;27;1;1;0,28;0,07;1/14;19;56;63;22;1;8;225;38;7;3;25
4308;VCT 2025: Pacific Stage 1;All Stages;All Match Types;2GE;Team Secret;271;81;165;74;0,66;109;55;36;5;1;0,23;0,05;2/39;19;150;202;97;14;28;225;38;7;3;25
4309;VCT 2025: Pacific Stage 1;All Stages;All Match Types;invy;Team Secret;65;104;227;108;0,66;158;83;12;5;11;0,28;0,08;1/12;25;54;50;8;3;7;193;38;7;3;25
4310;VCT 2025: Pacific Stage 1;All Stages;All Match Types;invy;Team Secret;45;135;254;126;0,8;164;87;53;16;7;0,3;0,25;1/4;21;39;31;24;7;3;193;38;7;3;25
4311;VCT 2025: Pacific Stage 1;All Stages;All Match Types;invy;Team Secret;38;113;216;11;0,66;151;84;21;5;8;0,29;0,14;1/7;21;32;29;8;2;3;193;38;7;3;25
4312;VCT 2025: Pacific Stage 1;All Stages;All Match Types;invy;Team Secret;271;126;237;127;0,73;158;87;35;8;7;0,29;0,1;3/31;27;236;186;95;23;18;193;38;7;3;25
4313;VCT 2025: Pacific Stage 1;All Stages;All Match Types;Wild0reoo;Team Secret;37;78;144;66;0,59;96;51;3;0;8;0,36;0,25;1/4;11;19;29;11;0;3;178;38;7;3;25
4314;VCT 2025: Pacific Stage 1;All Stages;All Match Types;Wild0reoo;Team Secret;63;79;174;89;0,67;112;63;16;16;16;0,21;0,17;1/6;17;40;45;10;10;10;178;38;7;3;25
4315;VCT 2025: Pacific Stage 1;All Stages;All Match Types;Wild0reoo;Team Secret;18;91;205;10;0,83;127;72;17;28;22;0,13;1;1/1;13;13;13;3;5;4;178;38;7;3;25
4316;VCT 2025: Pacific Stage 1;All Stages;All Match Types;Wild0reoo;Team Secret;45;106;233;103;0,69;162;82;13;7;9;0,31;0,33;1/3;25;37;36;6;3;4;178;38;7;3;25
4317;VCT 2025: Pacific Stage 1;All Stages;All Match Types;Wild0reoo;Team Secret;271;85;186;84;0,66;123;66;17;12;14;0,26;0,18;4/22;25;179;212;45;32;37;178;38;7;3;25
4318;VCT 2025: Pacific Stage 1;All Stages;All Match Types;JessieVash;Team Secret;45;112;216;113;0,64;142;8;16;11;7;0,42;0,1;1/10;19;36;32;7;5;3;224;38;7;3;25
4319;VCT 2025: Pacific Stage 1;All Stages;All Match Types;JessieVash;Team Secret;38;109;184;104;0,74;125;68;29;3;8;0,35;0,25;3/12;17;26;25;11;1;3;224;38;7;3;25
4320;VCT 2025: Pacific Stage 1;All Stages;All Match Types;JessieVash;Team Secret;23;95;181;10;0,74;111;7;9;0;13;0,21;0,5;1/2;16;16;16;2;0;3;224;38;7;3;25
4321;VCT 2025: Pacific Stage 1;All Stages;All Match Types;JessieVash;Team Secret;110;107;200;103;0,72;142;68;29;5;5;0,3;0,18;3/17;20;75;73;32;5;5;224;38;7;3;25
4322;VCT 2025: Pacific Stage 1;All Stages;All Match Types;JessieVash;Team Secret;271;99;182;94;0,69;128;65;23;5;7;0,3;0,16;8/50;20;176;187;62;14;19;224;38;7;3;25
4323;VCT 2025: Pacific Stage 1;All Stages;All Match Types;Jremy;Team Secret;72;94;211;93;0,78;133;71;29;15;14;0,23;0,33;1/3;25;51;55;21;11;10;220;38;7;3;25
4324;VCT 2025: Pacific Stage 1;All Stages;All Match Types;Jremy;Team Secret;19;62;87;58;0,53;55;37;0;5;11;0,5;0,5;1/2;7;7;12;0;1;2;220;38;7;3;25
4325;VCT 2025: Pacific Stage 1;All Stages;All Match Types;Jremy;Team Secret;37;62;143;57;0,57;91;46;11;14;24;0,21;0,5;1/2;10;17;30;4;5;9;220;38;7;3;25
4326;VCT 2025: Pacific Stage 1;All Stages;All Match Types;Jremy;Team Secret;75;12;258;128;0,81;169;99;25;15;17;0,25;0,17;1/6;27;74;58;19;11;13;220;38;7;3;25
4327;VCT 2025: Pacific Stage 1;All Stages;All Match Types;Jremy;Team Secret;271;9;201;91;0,7;132;71;21;14;18;0,26;0,19;4/21;27;192;211;58;37;49;220;38;7;3;25
4328;VCT 2025: Pacific Stage 1;All Stages;All Match Types;thyy;TALON;72;73;161;66;0,58;104;57;25;7;4;0,38;0,06;1/17;12;41;62;18;5;3;158;34;7;3;25
4329;VCT 2025: Pacific Stage 1;All Stages;All Match Types;thyy;TALON;60;133;246;146;0,83;143;85;55;5;5;0,31;0,22;2/9;24;51;35;33;3;3;158;34;7;3;25
4330;VCT 2025: Pacific Stage 1;All Stages;All Match Types;thyy;TALON;205;85;156;81;0,76;102;55;41;5;6;0,34;0,09;2/23;19;112;139;85;10;12;158;34;7;3;25
4331;VCT 2025: Pacific Stage 1;All Stages;All Match Types;thyy;TALON;392;93;177;88;0,73;114;62;39;6;5;0,33;0,09;5/53;24;242;274;153;23;20;158;34;7;3;25
4332;VCT 2025: Pacific Stage 1;All Stages;All Match Types;Killua;TALON;119;115;207;117;0,73;131;75;41;8;6;0,32;0,08;1/13;18;89;76;49;10;7;160;34;7;3;25
4333;VCT 2025: Pacific Stage 1;All Stages;All Match Types;Killua;TALON;18;104;217;93;0,56;135;78;28;6;11;0,44;0,6;3/5;14;14;15;5;1;2;160;34;7;3;25
4334;VCT 2025: Pacific Stage 1;All Stages;All Match Types;Killua;TALON;120;96;168;97;0,73;122;62;24;7;4;0,33;0,13;2/15;18;74;76;29;8;5;160;34;7;3;25
4335;VCT 2025: Pacific Stage 1;All Stages;All Match Types;Killua;TALON;392;99;188;98;0,7;127;67;26;9;7;0,34;0,14;6/44;18;263;268;101;36;29;160;34;7;3;25
4336;VCT 2025: Pacific Stage 1;All Stages;All Match Types;JitBoyS;TALON;258;9;186;94;0,69;123;65;18;13;16;0,36;0,17;4/23;20;168;178;47;33;41;156;34;7;3;25
4337;VCT 2025: Pacific Stage 1;All Stages;All Match Types;JitBoyS;TALON;392;91;187;91;0,69;126;66;19;12;15;0,36;0,11;4/37;20;258;282;74;47;57;156;34;7;3;25
4338;VCT 2025: Pacific Stage 1;All Stages;All Match Types;Crws;TALON;84;10;198;107;0,74;122;7;29;11;11;0,27;0,43;3/7;20;59;55;24;9;9;159;34;7;3;25
4339;VCT 2025: Pacific Stage 1;All Stages;All Match Types;Crws;TALON;197;93;181;88;0,68;126;62;23;7;1;0,26;0,15;3/20;19;123;139;45;14;20;159;34;7;3;25
4340;VCT 2025: Pacific Stage 1;All Stages;All Match Types;Crws;TALON;392;9;174;87;0,65;120;6;23;7;1;0,25;0,15;6/41;20;236;272;91;28;40;159;34;7;3;25
4341;VCT 2025: Pacific Stage 1;All Stages;All Match Types;primmie;TALON;98;122;236;139;0,69;152;88;9;8;9;0,34;0,14;2/14;24;86;62;9;8;9;157;34;7;3;25
4342;VCT 2025: Pacific Stage 1;All Stages;All Match Types;primmie;TALON;133;12;244;131;0,74;152;89;13;19;11;0,31;0,25;4/16;26;119;91;17;25;15;157;34;7;3;25
4343;VCT 2025: Pacific Stage 1;All Stages;All Match Types;primmie;TALON;392;111;230;12;0,72;149;83;14;15;13;0,34;0,13;6/46;26;327;273;53;60;51;157;34;7;3;25
4344;VCT 2025: Pacific Stage 1;All Stages;All Match Types;Estrella;DRX;120;75;133;7;0,73;87;47;38;4;5;0,23;0,13;1/8;15;56;80;46;5;6;187;5;7;3;25
4345;VCT 2025: Pacific Stage 1;All Stages;All Match Types;Estrella;DRX;26;99;213;105;0,81;136;77;38;12;8;0,27;0,25;1/4;20;20;19;10;3;2;187;5;7;3;25
4346;VCT 2025: Pacific Stage 1;All Stages;All Match Types;Estrella;DRX;61;94;201;108;0,72;130;69;16;1;1;0,27;0,25;2/8;15;42;39;10;6;6;187;5;7;3;25
4347;VCT 2025: Pacific Stage 1;All Stages;All Match Types;Estrella;DRX;382;83;162;84;0,72;104;56;32;6;8;0,25;0,11;4/38;22;214;255;121;22;29;187;5;7;3;25
4348;VCT 2025: Pacific Stage 1;All Stages;All Match Types;MaKo;DRX;76;143;280;152;0,8;180;96;62;9;1;0,24;0,15;2/13;29;73;48;47;7;1;16;5;7;3;25
4349;VCT 2025: Pacific Stage 1;All Stages;All Match Types;MaKo;DRX;166;98;196;101;0,69;126;67;21;13;13;0,25;0,23;5/22;23;111;110;35;21;22;16;5;7;3;25
4350;VCT 2025: Pacific Stage 1;All Stages;All Match Types;MaKo;DRX;484;112;209;114;0,75;136;73;37;1;9;0,26;0,12;7/59;29;352;308;178;47;42;16;5;7;3;25
4351;VCT 2025: Pacific Stage 1;All Stages;All Match Types;BeYN;DRX;98;122;201;125;0,71;134;72;29;13;7;0,25;0,33;4/12;19;71;57;28;13;7;15;5;7;3;25
4352;VCT 2025: Pacific Stage 1;All Stages;All Match Types;BeYN;DRX;67;98;195;92;0,7;121;66;43;1;6;0,27;0,17;1/6;18;44;48;29;7;4;15;5;7;3;25
4353;VCT 2025: Pacific Stage 1;All Stages;All Match Types;BeYN;DRX;43;116;188;12;0,67;137;7;23;2;9;0,27;0,29;2/7;18;30;25;10;1;4;15;5;7;3;25
4354;VCT 2025: Pacific Stage 1;All Stages;All Match Types;BeYN;DRX;68;83;174;73;0,74;123;56;26;1;7;0,24;0,15;2/13;16;38;52;18;7;5;15;5;7;3;25
4355;VCT 2025: Pacific Stage 1;All Stages;All Match Types;BeYN;DRX;445;99;178;96;0,71;118;62;28;8;6;0,25;0,19;9/47;19;277;290;126;35;28;15;5;7;3;25
4356;VCT 2025: Pacific Stage 1;All Stages;All Match Types;free1ng;DRX;42;76;152;82;0,6;99;55;19;14;1;0,29;0,2;1/5;12;23;28;8;6;4;14;5;7;3;25
4357;VCT 2025: Pacific Stage 1;All Stages;All Match Types;free1ng;DRX;54;116;218;124;0,69;143;76;9;2;17;0,28;0,25;2/8;22;41;33;5;11;9;14;5;7;3;25
4358;VCT 2025: Pacific Stage 1;All Stages;All Match Types;free1ng;DRX;304;94;182;97;0,7;122;65;21;1;8;0,25;0,14;5/36;20;197;203;64;30;24;14;5;7;3;25
4359;VCT 2025: Pacific Stage 1;All Stages;All Match Types;free1ng;DRX;484;97;190;101;0,69;124;67;19;12;1;0,27;0,14;8/57;26;323;321;93;56;46;14;5;7;3;25
4360;VCT 2025: Pacific Stage 1;All Stages;All Match Types;HYUNMIN;DRX;227;118;246;128;0,69;158;9;9;17;11;0,35;0,06;1/16;32;205;160;20;39;25;37;5;7;3;25
4361;VCT 2025: Pacific Stage 1;All Stages;All Match Types;HYUNMIN;DRX;76;101;227;107;0,78;143;82;26;21;2;0,23;0,29;2/7;24;62;58;20;16;15;37;5;7;3;25
4362;VCT 2025: Pacific Stage 1;All Stages;All Match Types;HYUNMIN;DRX;68;112;239;112;0,74;150;85;22;19;1;0,27;0,13;1/8;24;58;52;15;13;7;37;5;7;3;25
4363;VCT 2025: Pacific Stage 1;All Stages;All Match Types;HYUNMIN;DRX;484;112;238;12;0,73;152;86;14;18;12;0,3;0,11;4/36;32;418;348;67;85;58;37;5;7;3;25
4364;VCT 2025: Pacific Stage 1;All Stages;All Match Types;Flashback;DRX;45;12;259;131;0,78;173;93;2;22;11;0,21;0,75;3/4;25;42;32;9;10;5;38;5;7;3;25
4365;VCT 2025: Pacific Stage 1;All Stages;All Match Types;Flashback;DRX;52;12;216;165;0,81;134;83;15;21;6;0,25;1;2/2;16;43;26;8;11;3;38;5;7;3;25
4366;VCT 2025: Pacific Stage 1;All Stages;All Match Types;Flashback;DRX;141;111;216;129;0,76;139;79;17;18;7;0,24;0,42;5/12;25;111;86;24;25;10;38;5;7;3;25
4367;VCT 2025: Americas Stage 1;Playoffs;Upper Round 1;bang;Sentinels;22;143;274;15;0,82;166;95;45;14;5;0,25;0,5;1/2;21;21;14;10;3;1;47;9;8;1;26
4368;VCT 2025: Americas Stage 1;Playoffs;Upper Round 1;bang;Sentinels;44;118;228;129;0,82;137;82;45;9;7;0,26;0,33;1/3;21;36;28;20;4;3;47;9;8;1;26
4369;VCT 2025: Americas Stage 1;Playoffs;Upper Round 1;zekken;Sentinels;22;158;305;171;0,82;185;109;23;32;23;0,21;0,67;2/3;24;24;14;5;7;5;42;9;8;1;26
4370;VCT 2025: Americas Stage 1;Playoffs;Upper Round 1;zekken;Sentinels;44;135;274;141;0,82;169;102;2;23;18;0,26;0,67;2/3;24;45;32;9;10;8;42;9;8;1;26
4371;VCT 2025: Americas Stage 1;Playoffs;Upper Round 1;Zellsis;Sentinels;44;103;175;107;0,77;114;66;27;7;16;0,24;0,5;4/8;16;29;27;12;3;7;122;9;8;1;26
4372;VCT 2025: Americas Stage 1;Playoffs;Upper Round 1;v1c;Cloud9;22;107;178;107;0,95;123;73;27;14;9;0,41;0,25;1/4;16;16;15;6;3;2;120;27;8;1;26
4373;VCT 2025: Americas Stage 1;Playoffs;Upper Round 1;v1c;Cloud9;22;79;155;56;0,59;109;45;5;0;0;0,39;0,17;1/6;10;10;18;11;0;0;120;27;8;1;26
4374;VCT 2025: Americas Stage 1;Playoffs;Upper Round 1;v1c;Cloud9;44;93;166;79;0,77;116;59;39;7;5;0,4;0,2;2/10;16;26;33;17;3;2;120;27;8;1;26
4375;VCT 2025: Americas Stage 1;Playoffs;Upper Round 1;mitch;Cloud9;44;117;215;109;0,73;142;8;23;11;9;0,23;0,67;4/6;23;35;32;10;5;4;123;27;8;1;26
4376;VCT 2025: Americas Stage 1;Playoffs;Upper Round 1;zander;100 Thieves;17;42;113;27;0,71;82;24;59;6;18;0,16;0,5;1/2;4;4;15;10;1;3;118;26;8;1;26
4377;VCT 2025: Americas Stage 1;Playoffs;Upper Round 1;zander;100 Thieves;40;67;128;48;0,75;88;38;55;8;13;0,25;0,33;1/3;11;15;31;22;3;5;118;26;8;1;26
4378;VCT 2025: Americas Stage 1;Playoffs;Upper Round 1;Boostio;100 Thieves;23;61;83;44;0,65;60;3;26;0;13;0,3;1;1/1;7;7;16;6;0;3;227;26;8;1;26
4379;VCT 2025: Americas Stage 1;Playoffs;Upper Round 1;Boostio;100 Thieves;40;51;103;42;0,58;67;35;18;3;1;0,31;0,25;1/4;7;14;33;7;1;4;227;26;8;1;26
4380;VCT 2025: Americas Stage 1;Playoffs;Upper Round 1;eeiu;100 Thieves;17;137;281;113;0,76;182;10;12;6;6;0,44;0,29;2/7;17;17;15;2;1;1;125;26;8;1;26
4381;VCT 2025: Americas Stage 1;Playoffs;Upper Round 1;eeiu;100 Thieves;40;108;217;9;0,7;132;7;25;5;3;0,4;0,2;2/10;17;28;31;10;2;1;125;26;8;1;26
4382;VCT 2025: Americas Stage 1;Playoffs;Upper Round 1;Verno;MIBR;17;138;160;20;0,88;121;59;29;6;12;0,32;1;1/1;10;10;5;5;1;2;13;4;8;1;26
4383;VCT 2025: Americas Stage 1;Playoffs;Upper Round 1;Verno;MIBR;23;139;204;213;0,78;132;74;3;9;4;0,22;0,2;1/5;17;17;8;7;2;1;13;4;8;1;26
4384;VCT 2025: Americas Stage 1;Playoffs;Upper Round 1;Verno;MIBR;40;139;182;208;0,83;127;68;3;8;8;0,25;0,33;2/6;17;27;13;12;3;3;13;4;8;1;26
4385;VCT 2025: Americas Stage 1;Playoffs;Upper Semifinals;valyn;G2 Esports;24;82;164;88;0,58;105;63;8;8;13;0,38;0,5;1/2;15;15;17;2;2;3;35;3;8;1;2
4386;VCT 2025: Americas Stage 1;Playoffs;Upper Semifinals;valyn;G2 Esports;66;107;220;123;0,73;138;82;27;8;17;0,32;0,25;1/4;21;54;44;18;5;11;35;3;8;1;2
4387;VCT 2025: Americas Stage 1;Playoffs;Upper Semifinals;trent;G2 Esports;66;139;248;154;0,82;168;86;35;8;6;0,22;0,29;5/17;20;57;37;23;5;4;9;3;8;1;2
4388;VCT 2025: Americas Stage 1;Playoffs;Upper Semifinals;aspas;MIBR;21;14;266;154;0,81;161;95;24;14;14;0,29;1;1/1;20;20;13;5;3;3;12;4;8;1;2
4389;VCT 2025: Americas Stage 1;Playoffs;Upper Semifinals;aspas;MIBR;39;134;262;161;0,77;161;95;18;13;13;0,29;0,33;1/3;20;37;23;7;5;5;12;4;8;1;2
4390;VCT 2025: Americas Stage 1;Playoffs;Upper Semifinals;cortezia;MIBR;18;106;151;138;0,89;109;61;11;6;0;0,22;1;1/1;11;11;8;2;1;0;53;4;8;1;2
4391;VCT 2025: Americas Stage 1;Playoffs;Upper Semifinals;cortezia;MIBR;39;115;196;132;0,79;132;74;33;1;1;0,4;1;1/1;18;29;22;13;4;4;53;4;8;1;2
4392;VCT 2025: Americas Stage 1;Playoffs;Upper Semifinals;xenom;MIBR;39;85;137;78;0,69;92;46;33;5;13;0,23;0,5;2/4;9;18;23;13;2;5;39;4;8;1;2
4393;VCT 2025: Americas Stage 1;Playoffs;Upper Semifinals;zekken;Sentinels;24;104;200;106;0,75;127;71;17;25;25;0,26;0,5;1/2;17;17;16;4;6;6;42;9;8;1;2
4394;VCT 2025: Americas Stage 1;Playoffs;Upper Semifinals;zekken;Sentinels;18;102;209;10;0,78;126;72;22;28;6;0,28;0,33;1/3;13;13;13;4;5;1;42;9;8;1;2
4395;VCT 2025: Americas Stage 1;Playoffs;Upper Semifinals;zekken;Sentinels;66;95;181;89;0,74;112;64;36;18;12;0,26;0,22;2/9;17;42;47;24;12;8;42;9;8;1;2
4396;VCT 2025: Americas Stage 1;Playoffs;Upper Semifinals;johnqt;Sentinels;24;108;182;94;0,75;120;63;5;4;0;0,24;0,25;1/4;15;15;16;12;1;0;48;9;8;1;2
4397;VCT 2025: Americas Stage 1;Playoffs;Upper Semifinals;johnqt;Sentinels;42;96;193;93;0,71;142;67;29;2;2;0,26;0,1;1/10;16;28;30;12;1;1;48;9;8;1;2
4398;VCT 2025: Americas Stage 1;Playoffs;Upper Semifinals;johnqt;Sentinels;66;10;189;93;0,73;134;65;36;3;2;0,25;0,14;2/14;16;43;46;24;2;1;48;9;8;1;2
4399;VCT 2025: Americas Stage 1;Playoffs;Upper Semifinals;bang;Sentinels;42;103;177;104;0,74;119;69;29;7;5;0,36;0,75;3/4;21;29;28;12;3;2;47;9;8;1;2
4400;VCT 2025: Americas Stage 1;Playoffs;Upper Semifinals;bang;Sentinels;66;115;214;116;0,74;141;77;3;11;8;0,34;0,5;3/6;22;51;44;20;7;5;47;9;8;1;2
4401;VCT 2025: Americas Stage 1;Playoffs;Upper Semifinals;Shyy;KRÃœ Esports;21;159;325;20;0,81;221;124;24;5;5;0,39;0,2;1/5;26;26;13;5;1;1;129;29;8;1;2
4402;VCT 2025: Americas Stage 1;Playoffs;Upper Semifinals;Shyy;KRÃœ Esports;39;116;216;132;0,69;150;85;15;3;5;0,3;0,14;1/7;26;33;25;6;1;2;129;29;8;1;2
4403;VCT 2025: Americas Stage 1;Playoffs;Upper Final;N4RRATE;Sentinels;24;117;241;129;0,75;144;92;42;4;8;0,18;0,33;1/3;22;22;17;10;1;2;41;9;8;1;3
4404;VCT 2025: Americas Stage 1;Playoffs;Upper Final;N4RRATE;Sentinels;44;113;200;122;0,84;125;75;36;5;5;0,2;0,33;1/3;22;33;27;16;2;2;41;9;8;1;3
4405;VCT 2025: Americas Stage 1;Playoffs;Upper Final;zekken;Sentinels;44;149;313;181;0,7;186;111;2;27;16;0,28;0,17;1/6;25;49;27;9;12;7;42;9;8;1;3
4406;VCT 2025: Americas Stage 1;Playoffs;Upper Final;aspas;MIBR;24;115;248;121;0,71;162;96;21;33;21;0,18;1;1/1;23;23;19;5;8;5;12;4;8;1;3
4407;VCT 2025: Americas Stage 1;Playoffs;Upper Final;aspas;MIBR;44;92;215;94;0,66;147;77;18;23;18;0,21;0,25;1/4;23;34;36;8;10;8;12;4;8;1;3
4408;VCT 2025: Americas Stage 1;Playoffs;Upper Final;Verno;MIBR;44;108;174;93;0,68;124;61;23;2;7;0,27;0,2;2/10;17;27;29;10;1;3;13;4;8;1;3
4409;VCT 2025: Americas Stage 1;Playoffs;Upper Final;xenom;MIBR;44;107;200;113;0,66;134;8;9;9;9;0,38;0,17;1/6;19;35;31;4;4;4;39;4;8;1;3
4410;VCT 2025: Americas Stage 1;Playoffs;Grand Final;trent;G2 Esports;90;135;220;143;0,78;154;81;31;12;4;0,28;0,4;6/15;23;73;51;28;11;4;9;3;8;1;4
4411;VCT 2025: Americas Stage 1;Playoffs;Grand Final;johnqt;Sentinels;45;127;203;157;0,71;129;8;16;4;2;0,25;0,11;1/9;22;36;23;7;2;1;48;9;8;1;4
4412;VCT 2025: Americas Stage 1;Playoffs;Grand Final;johnqt;Sentinels;90;105;174;106;0,67;110;63;36;4;7;0,22;0,07;1/15;22;57;54;32;4;6;48;9;8;1;4
4413;VCT 2025: Americas Stage 1;Playoffs;Grand Final;N4RRATE;Sentinels;22;74;175;71;0,59;129;55;36;5;5;0,26;0,33;1/3;12;12;17;8;1;1;41;9;8;1;4
4414;VCT 2025: Americas Stage 1;Playoffs;Grand Final;N4RRATE;Sentinels;90;87;173;8;0,72;124;57;38;7;4;0,23;0,09;1/11;18;51;64;34;6;4;41;9;8;1;4
4415;VCT 2025: Americas Stage 1;Playoffs;Grand Final;zekken;Sentinels;22;121;281;138;0,64;172;10;18;18;27;0,32;0,25;1/4;22;22;16;4;4;6;42;9;8;1;4
4416;VCT 2025: Americas Stage 1;Playoffs;Grand Final;zekken;Sentinels;90;96;226;104;0,64;139;8;13;2;17;0,25;0,14;1/7;22;72;69;12;18;15;42;9;8;1;4
4417;VCT 2025: Americas Stage 1;Playoffs;Lower Round 1;zander;100 Thieves;18;224;386;40;0,94;228;156;44;28;6;0,23;1;1/1;28;28;7;8;5;1;118;26;8;1;5
4418;VCT 2025: Americas Stage 1;Playoffs;Lower Round 1;zander;100 Thieves;42;193;330;27;0,9;200;129;33;17;2;0,26;0,2;1/5;28;54;20;14;7;1;118;26;8;1;5
4419;VCT 2025: Americas Stage 1;Playoffs;Lower Round 1;eeiu;100 Thieves;24;106;147;10;0,79;99;58;25;0;0;0,1;0,43;3/7;14;14;14;6;0;0;125;26;8;1;5
4420;VCT 2025: Americas Stage 1;Playoffs;Lower Round 1;eeiu;100 Thieves;42;91;134;78;0,86;98;5;4;0;5;0,12;0,38;3/8;14;21;27;17;0;2;125;26;8;1;5
4421;VCT 2025: Americas Stage 1;Playoffs;Lower Round 1;Ethan;Mega Minors;42;95;170;87;0,76;115;64;29;7;2;0,24;0,5;1/2;17;27;31;12;3;1;31;8;8;1;5
4422;VCT 2025: Americas Stage 1;Playoffs;Lower Round 1;mada;Mega Minors;24;89;210;10;0,58;148;75;8;25;21;0,26;0,33;1/3;18;18;18;2;6;5;29;8;8;1;5
4423;VCT 2025: Americas Stage 1;Playoffs;Lower Round 1;mada;Mega Minors;42;96;220;97;0,67;157;76;19;19;26;0,2;0,25;1/4;18;32;33;8;8;11;29;8;8;1;5
4424;VCT 2025: Americas Stage 1;Playoffs;Lower Round 1;mitch;Cloud9;22;89;161;67;0,68;108;45;59;9;9;0,21;0,33;1/3;10;10;15;13;2;2;123;27;8;1;5
4425;VCT 2025: Americas Stage 1;Playoffs;Lower Round 1;mitch;Cloud9;28;145;252;156;0,64;167;89;39;4;14;0,22;0,5;2/4;25;25;16;11;1;4;123;27;8;1;5
4426;VCT 2025: Americas Stage 1;Playoffs;Lower Round 1;mitch;Cloud9;50;12;206;113;0,66;141;7;48;6;12;0,22;0,43;3/7;25;35;31;24;3;6;123;27;8;1;5
4427;VCT 2025: Americas Stage 1;Playoffs;Lower Round 1;v1c;Cloud9;28;68;131;62;0,57;94;46;11;4;7;0,35;0,17;1/6;13;13;21;3;1;2;120;27;8;1;5
4428;VCT 2025: Americas Stage 1;Playoffs;Lower Round 1;v1c;Cloud9;50;99;193;92;0,68;124;68;24;6;6;0,39;0,1;1/10;21;34;37;12;3;3;120;27;8;1;5
4429;VCT 2025: Americas Stage 1;Playoffs;Lower Round 1;OXY;Cloud9;28;103;250;96;0,68;158;89;4;25;21;0,34;0,5;1/2;25;25;26;1;7;6;132;27;8;1;5
4430;VCT 2025: Americas Stage 1;Playoffs;Lower Round 1;OXY;Cloud9;50;9;227;87;0,68;151;8;1;28;24;0,3;0,25;1/4;25;40;46;5;14;12;132;27;8;1;5
4431;VCT 2025: Americas Stage 1;Playoffs;Lower Round 1;Xeppaa;Cloud9;22;56;117;53;0,59;78;41;23;0;9;0,09;0,5;1/2;9;9;17;5;0;2;119;27;8;1;5
4432;VCT 2025: Americas Stage 1;Playoffs;Lower Round 1;Xeppaa;Cloud9;50;9;170;78;0,6;117;56;3;4;6;0,15;0,14;1/7;19;28;36;15;2;3;119;27;8;1;5
4433;VCT 2025: Americas Stage 1;Playoffs;Lower Round 1;supamen;Evil Geniuses;28;81;159;84;0,71;109;57;32;0;0;0,39;0,25;1/4;16;16;19;9;0;0;127;28;8;1;5
4434;VCT 2025: Americas Stage 1;Playoffs;Lower Round 1;supamen;Evil Geniuses;50;98;192;10;0,74;126;64;42;0;0;0,31;0,2;1/5;16;32;32;21;0;0;127;28;8;1;5
4435;VCT 2025: Americas Stage 1;Playoffs;Lower Round 1;icy;Evil Geniuses;28;134;267;156;0,71;180;10;11;11;14;0,35;0,67;2/3;28;28;18;3;3;4;143;28;8;1;5
4436;VCT 2025: Americas Stage 1;Playoffs;Lower Round 1;icy;Evil Geniuses;22;117;283;128;0,86;176;105;23;18;23;0,2;0,25;1/4;23;23;18;5;4;5;143;28;8;1;5
4437;VCT 2025: Americas Stage 1;Playoffs;Lower Round 1;icy;Evil Geniuses;50;127;275;142;0,78;179;102;16;14;18;0,28;0,43;3/7;28;51;36;8;7;9;143;28;8;1;5
4438;VCT 2025: Americas Stage 1;Playoffs;Lower Round 2;trent;G2 Esports;73;14;244;153;0,81;158;84;32;3;3;0,36;0,23;3/13;25;61;40;23;2;2;9;3;8;1;6
4439;VCT 2025: Americas Stage 1;Playoffs;Lower Round 2;leaf;G2 Esports;47;118;230;119;0,74;164;81;38;26;9;0,17;0,33;1/3;29;38;32;18;12;4;8;3;8;1;6
4440;VCT 2025: Americas Stage 1;Playoffs;Lower Round 2;leaf;G2 Esports;73;112;231;116;0,7;160;81;36;23;12;0,17;0,25;1/4;29;59;51;26;17;9;8;3;8;1;6
4441;VCT 2025: Americas Stage 1;Playoffs;Lower Round 2;jawgemo;G2 Esports;73;105;224;106;0,73;144;74;34;21;12;0,22;0,25;1/4;22;54;51;25;15;9;10;3;8;1;6
4442;VCT 2025: Americas Stage 1;Playoffs;Lower Round 2;zander;100 Thieves;56;112;208;111;0,79;138;73;38;2;7;0,23;0,29;2/7;23;41;37;21;1;4;118;26;8;1;6
4443;VCT 2025: Americas Stage 1;Playoffs;Lower Round 2;zander;100 Thieves;73;10;183;98;0,75;125;66;34;4;1;0,24;0,2;2/10;23;48;49;25;3;7;118;26;8;1;6
4444;VCT 2025: Americas Stage 1;Playoffs;Lower Round 2;eeiu;100 Thieves;17;15;280;145;0,71;198;94;6;6;18;0,38;0,5;1/2;16;16;11;1;1;3;125;26;8;1;6
4445;VCT 2025: Americas Stage 1;Playoffs;Lower Round 2;eeiu;100 Thieves;26;9;165;88;0,69;114;58;23;4;4;0,29;0,25;1/4;15;15;17;6;1;1;125;26;8;1;6
4446;VCT 2025: Americas Stage 1;Playoffs;Lower Round 2;eeiu;100 Thieves;73;101;197;94;0,68;130;63;27;4;1;0,39;0,2;2/10;16;46;49;20;3;7;125;26;8;1;6
4447;VCT 2025: Americas Stage 1;Playoffs;Lower Round 2;Cryocells;100 Thieves;26;124;233;135;0,69;157;88;31;8;4;0,18;0,5;1/2;23;23;17;8;2;1;124;26;8;1;6
4448;VCT 2025: Americas Stage 1;Playoffs;Lower Round 2;Cryocells;100 Thieves;30;123;253;125;0,67;160;10;13;1;17;0,25;0,33;2/6;30;30;24;4;3;5;124;26;8;1;6
4449;VCT 2025: Americas Stage 1;Playoffs;Lower Round 2;Cryocells;100 Thieves;73;106;206;109;0,67;144;84;21;7;11;0,23;0,38;3/8;30;61;56;15;5;8;124;26;8;1;6
4450;VCT 2025: Americas Stage 1;Playoffs;Lower Round 2;keznit;KRÃœ Esports;24;113;216;10;0,71;142;71;33;17;8;0,15;0,33;1/3;17;17;17;8;4;2;144;29;8;1;6
4451;VCT 2025: Americas Stage 1;Playoffs;Lower Round 2;keznit;KRÃœ Esports;50;118;240;117;0,72;156;84;26;18;16;0,19;0,2;1/5;25;42;36;13;9;8;144;29;8;1;6
4452;VCT 2025: Americas Stage 1;Playoffs;Lower Round 2;Melser;KRÃœ Esports;26;102;172;10;0,88;107;65;42;0;8;0,18;0,25;1/4;17;17;17;11;0;2;152;29;8;1;6
4453;VCT 2025: Americas Stage 1;Playoffs;Lower Round 2;Melser;KRÃœ Esports;50;88;162;81;0,9;113;6;42;2;8;0,21;0,14;1/7;17;30;37;21;1;4;152;29;8;1;6
4454;VCT 2025: Americas Stage 1;Playoffs;Lower Round 2;adverso;KRÃœ Esports;26;75;171;7;0,81;113;54;23;8;12;0,18;0,5;1/2;14;14;20;6;2;3;139;29;8;1;6
4455;VCT 2025: Americas Stage 1;Playoffs;Lower Round 2;adverso;KRÃœ Esports;50;86;176;83;0,76;120;58;3;6;1;0,23;0,33;1/3;15;29;35;15;3;5;139;29;8;1;6
4456;VCT 2025: Americas Stage 1;Playoffs;Lower Round 2;yay;Evil Geniuses;24;126;257;129;0,71;157;92;17;38;21;0,19;0,33;1/3;22;22;17;4;9;5;147;28;8;1;6
4457;VCT 2025: Americas Stage 1;Playoffs;Lower Round 2;yay;Evil Geniuses;50;109;232;108;0,74;146;82;18;26;22;0,27;0,25;1/4;22;41;38;9;13;11;147;28;8;1;6
4458;VCT 2025: Americas Stage 1;Playoffs;Lower Round 2;NaturE;Evil Geniuses;26;104;219;95;0,88;128;77;46;8;0;0,3;0,33;1/3;20;20;21;12;2;0;146;28;8;1;6
4459;VCT 2025: Americas Stage 1;Playoffs;Lower Round 2;NaturE;Evil Geniuses;24;86;170;89;0,67;109;67;42;4;8;0,18;0,5;1/2;16;16;18;10;1;2;146;28;8;1;6
4460;VCT 2025: Americas Stage 1;Playoffs;Lower Round 2;NaturE;Evil Geniuses;50;95;194;92;0,78;119;72;44;6;4;0,24;0,4;2/5;20;36;39;22;3;2;146;28;8;1;6
4461;VCT 2025: Americas Stage 1;Playoffs;Lower Round 2;icy;Evil Geniuses;26;137;267;144;0,62;188;88;19;27;15;0,27;0,5;1/2;23;23;16;5;7;4;143;28;8;1;6
4462;VCT 2025: Americas Stage 1;Playoffs;Lower Round 2;icy;Evil Geniuses;50;117;254;122;0,64;176;88;16;2;1;0,29;0,25;1/4;23;44;36;8;10;5;143;28;8;1;6
4463;VCT 2025: Americas Stage 1;Playoffs;Lower Round 2;Derrek;Evil Geniuses;26;128;220;14;0,81;160;81;42;0;0;0,39;0,2;1/5;21;21;15;11;0;0;142;28;8;1;6
4464;VCT 2025: Americas Stage 1;Playoffs;Lower Round 2;Derrek;Evil Geniuses;50;106;188;10;0,76;141;66;34;0;4;0,43;0,14;1/7;21;33;33;17;0;2;142;28;8;1;6
4465;VCT 2025: Americas Stage 1;Playoffs;Lower Round 2;supamen;Evil Geniuses;50;69;154;7;0,66;110;52;16;2;6;0,4;0,22;2/9;14;26;37;8;1;3;127;28;8;1;6
4466;VCT 2025: Americas Stage 1;Playoffs;Lower Round 3;supamen;Evil Geniuses;42;93;192;84;0,64;126;64;29;1;17;0,39;0,14;1/7;19;27;32;12;4;7;127;28;8;1;7
4467;VCT 2025: Americas Stage 1;Playoffs;Lower Round 3;supamen;Evil Geniuses;66;106;199;98;0,65;128;7;3;9;11;0,43;0,08;1/12;19;46;47;20;6;7;127;28;8;1;7
4468;VCT 2025: Americas Stage 1;Playoffs;Lower Round 3;yay;Evil Geniuses;22;12;310;125;0,73;209;114;27;5;14;0,52;0,67;2/3;25;25;20;6;1;3;147;28;8;1;7
4469;VCT 2025: Americas Stage 1;Playoffs;Lower Round 3;yay;Evil Geniuses;66;101;243;104;0,64;158;88;24;14;12;0,41;0,22;2/9;25;58;56;16;9;8;147;28;8;1;7
4470;VCT 2025: Americas Stage 1;Playoffs;Lower Round 3;NaturE;Evil Geniuses;22;106;186;10;0,73;129;64;27;0;0;0,24;1;1/1;14;14;14;6;0;0;146;28;8;1;7
4471;VCT 2025: Americas Stage 1;Playoffs;Lower Round 3;NaturE;Evil Geniuses;66;76;142;67;0,71;96;48;3;2;8;0,23;0,33;1/3;14;32;48;20;1;5;146;28;8;1;7
4472;VCT 2025: Americas Stage 1;Playoffs;Lower Round 3;icy;Evil Geniuses;42;106;248;10;0,67;150;81;14;19;19;0,21;0,25;1/4;20;34;34;6;8;8;143;28;8;1;7
4473;VCT 2025: Americas Stage 1;Playoffs;Lower Round 3;icy;Evil Geniuses;66;92;231;91;0,65;146;77;15;18;18;0,23;0,17;1/6;20;51;56;10;12;12;143;28;8;1;7
4474;VCT 2025: Americas Stage 1;Playoffs;Lower Round 3;Derrek;Evil Geniuses;66;92;179;85;0,67;122;62;23;6;3;0,29;0,17;2/12;14;41;48;15;4;2;142;28;8;1;7
4475;VCT 2025: Americas Stage 1;Playoffs;Lower Round 3;JonahP;G2 Esports;42;117;218;11;0,79;134;76;6;5;1;0,16;0,17;1/6;19;32;29;25;2;4;36;3;8;1;7
4476;VCT 2025: Americas Stage 1;Playoffs;Lower Round 3;JonahP;G2 Esports;24;101;174;81;0,75;113;54;63;0;13;0,16;0,33;1/3;13;13;16;15;0;3;36;3;8;1;7
4477;VCT 2025: Americas Stage 1;Playoffs;Lower Round 3;JonahP;G2 Esports;66;111;204;10;0,77;126;68;61;3;11;0,16;0,22;2/9;19;45;45;40;2;7;36;3;8;1;7
4478;VCT 2025: Americas Stage 1;Playoffs;Lower Round 3;trent;G2 Esports;66;117;215;128;0,79;144;83;24;11;6;0,3;0,11;1/9;23;55;43;16;7;4;9;3;8;1;7
4479;VCT 2025: Americas Stage 1;Playoffs;Lower Round 3;jawgemo;G2 Esports;66;93;249;102;0,77;151;83;15;24;12;0,23;0,14;1/7;22;55;54;10;16;8;10;3;8;1;7
4480;VCT 2025: Americas Stage 1;Playoffs;Lower Final;valyn;G2 Esports;72;111;224;118;0,78;140;81;29;4;15;0,25;0,5;4/8;24;58;49;21;3;11;35;3;8;1;8
4481;VCT 2025: Americas Stage 1;Playoffs;Lower Final;valyn;G2 Esports;95;111;222;117;0,75;141;8;29;6;15;0,29;0,44;4/9;24;76;65;28;6;14;35;3;8;1;8
4482;VCT 2025: Americas Stage 1;Playoffs;Lower Final;JonahP;G2 Esports;74;79;145;63;0,72;92;45;49;8;3;0,14;0,14;2/14;14;33;52;36;6;2;36;3;8;1;8
4483;VCT 2025: Americas Stage 1;Playoffs;Lower Final;JonahP;G2 Esports;95;84;150;68;0,74;94;46;58;9;2;0,15;0,13;2/16;14;44;65;55;9;2;36;3;8;1;8
4484;VCT 2025: Americas Stage 1;Playoffs;Lower Final;trent;G2 Esports;95;123;204;122;0,81;146;69;44;7;7;0,24;0,17;2/12;28;66;54;42;7;7;9;3;8;1;8
4485;VCT 2025: Americas Stage 1;Playoffs;Lower Final;artzin;MIBR;74;94;199;84;0,69;136;64;5;4;8;0,3;0,2;2/10;20;47;56;37;3;6;11;4;8;1;8
4486;VCT 2025: Americas Stage 1;Playoffs;Lower Final;artzin;MIBR;95;83;179;72;0,66;124;56;49;3;12;0,27;0,2;2/10;20;53;74;47;3;11;11;4;8;1;8
4487;VCT 2025: Americas Stage 1;Playoffs;Lower Final;aspas;MIBR;67;112;207;109;0,67;126;72;15;19;18;0,33;0,33;2/6;21;48;44;10;13;12;12;4;8;1;8
4488;VCT 2025: Americas Stage 1;Playoffs;Lower Final;aspas;MIBR;95;12;232;122;0,69;144;82;16;24;18;0,29;0,22;2/9;30;78;64;15;23;17;12;4;8;1;8
4489;VCT 2025: Americas Stage 1;Playoffs;Lower Final;xenom;MIBR;44;126;226;133;0,73;156;82;39;2;9;0,36;0,13;1/8;20;36;27;17;1;4;39;4;8;1;8
4490;VCT 2025: Americas Stage 1;Playoffs;Lower Final;xenom;MIBR;95;91;184;10;0,64;126;66;23;3;11;0,37;0,1;1/10;21;63;63;22;3;10;39;4;8;1;8
4491;VCT 2025: Americas Stage 1;Playoffs;Lower Final;Verno;MIBR;95;108;208;115;0,72;142;74;19;3;3;0,23;0,13;2/15;21;70;61;18;3;3;13;4;8;1;8
4492;VCT 2025: Americas Stage 1;Group Stage;Week 1;FiNESSE;Mega Minors;19;111;156;125;0,89;117;53;42;0;0;0,13;0,67;2/3;10;10;8;8;0;0;228;8;8;2;27
4493;VCT 2025: Americas Stage 1;Group Stage;Week 1;FiNESSE;Mega Minors;59;8;165;78;0,73;123;54;2;7;12;0,21;0,18;2/11;13;32;41;12;4;7;228;8;8;2;27
4494;VCT 2025: Americas Stage 1;Group Stage;Week 1;brawk;Mega Minors;22;104;166;10;0,73;110;68;18;5;14;0,23;0,33;1/3;15;15;15;4;1;3;30;8;8;2;27
4495;VCT 2025: Americas Stage 1;Group Stage;Week 1;brawk;Mega Minors;37;106;192;116;0,7;126;78;27;3;3;0,25;0,25;1/4;19;29;25;10;1;1;30;8;8;2;27
4496;VCT 2025: Americas Stage 1;Group Stage;Week 1;brawk;Mega Minors;59;105;183;11;0,71;120;75;24;3;7;0,25;0,29;2/7;19;44;40;14;2;4;30;8;8;2;27
4497;VCT 2025: Americas Stage 1;Group Stage;Week 1;xenom;MIBR;21;153;234;222;0,86;158;95;38;14;1;0,31;0,33;1/3;20;20;9;8;3;2;39;4;8;2;27
4498;VCT 2025: Americas Stage 1;Group Stage;Week 1;xenom;MIBR;41;14;232;176;0,8;150;9;34;12;1;0,23;0,25;1/4;20;37;21;14;5;4;39;4;8;2;27
4499;VCT 2025: Americas Stage 1;Group Stage;Week 1;artzin;MIBR;21;121;269;119;0,76;164;9;33;24;1;0,36;0,5;1/2;19;19;16;7;5;2;11;4;8;2;27
4500;VCT 2025: Americas Stage 1;Group Stage;Week 1;artzin;MIBR;41;123;282;124;0,78;166;10;37;22;7;0,24;0,5;1/2;22;41;33;15;9;3;11;4;8;2;27
4501;VCT 2025: Americas Stage 1;Group Stage;Week 1;cortezia;MIBR;20;127;206;16;0,85;122;8;15;2;0;0,41;0,33;1/3;16;16;10;3;4;0;53;4;8;2;27
4502;VCT 2025: Americas Stage 1;Group Stage;Week 1;cortezia;MIBR;41;99;180;112;0,71;114;68;15;15;1;0,36;0,33;1/3;16;28;25;6;6;4;53;4;8;2;27
4503;VCT 2025: Americas Stage 1;Group Stage;Week 1;aspas;MIBR;41;95;171;119;0,76;112;61;17;5;1;0,12;0,29;2/7;17;25;21;7;2;4;12;4;8;2;27
4504;VCT 2025: Americas Stage 1;Group Stage;Week 1;Verno;MIBR;20;107;176;10;0,8;141;6;4;0;15;0,3;0,25;1/4;12;12;12;8;0;3;13;4;8;2;27
4505;VCT 2025: Americas Stage 1;Group Stage;Week 1;Verno;MIBR;41;99;163;92;0,76;134;56;41;0;1;0,33;0,25;1/4;12;23;25;17;0;4;13;4;8;2;27
4506;VCT 2025: Americas Stage 1;Group Stage;Week 1;v1c;Cloud9;22;112;145;10;0,68;92;55;73;9;18;0,35;0,25;1/4;12;12;12;16;2;4;120;27;8;2;27
4507;VCT 2025: Americas Stage 1;Group Stage;Week 1;v1c;Cloud9;59;97;147;82;0,71;92;54;59;8;12;0,27;0,13;1/8;12;32;39;35;5;7;120;27;8;2;27
4508;VCT 2025: Americas Stage 1;Group Stage;Week 1;OXY;Cloud9;19;44;149;5;0,47;111;47;5;5;21;0,25;1;1/1;9;9;18;1;1;4;132;27;8;2;27
4509;VCT 2025: Americas Stage 1;Group Stage;Week 1;OXY;Cloud9;59;99;239;94;0,69;159;81;15;15;12;0,27;0,5;1/2;24;48;51;9;9;7;132;27;8;2;27
4510;VCT 2025: Americas Stage 1;Group Stage;Week 1;Xeppaa;Cloud9;37;127;246;132;0,73;164;89;16;11;11;0,28;0,75;3/4;22;33;25;6;4;4;119;27;8;2;27
4511;VCT 2025: Americas Stage 1;Group Stage;Week 1;Xeppaa;Cloud9;59;119;238;125;0,73;156;85;22;1;1;0,29;0,5;3/6;22;50;40;13;6;6;119;27;8;2;27
4512;VCT 2025: Americas Stage 1;Group Stage;Week 1;bang;Sentinels;36;148;248;172;0,72;155;86;33;8;8;0,41;0,67;2/3;18;31;18;12;3;3;47;9;8;2;27
4513;VCT 2025: Americas Stage 1;Group Stage;Week 1;bang;Sentinels;54;132;222;14;0,8;139;78;41;9;6;0,35;0,67;2/3;18;42;30;22;5;3;47;9;8;2;27
4514;VCT 2025: Americas Stage 1;Group Stage;Week 1;N4RRATE;Sentinels;18;115;225;117;0,72;136;78;56;6;6;0,18;0,5;1/2;14;14;12;10;1;1;41;9;8;2;27
4515;VCT 2025: Americas Stage 1;Group Stage;Week 1;N4RRATE;Sentinels;54;98;194;92;0,74;122;65;52;4;7;0,19;0,5;1/2;14;35;38;28;2;4;41;9;8;2;27
4516;VCT 2025: Americas Stage 1;Group Stage;Week 1;Zellsis;Sentinels;18;142;266;18;0,83;142;10;17;6;11;0,24;0,33;1/3;18;18;10;3;1;2;122;9;8;2;27
4517;VCT 2025: Americas Stage 1;Group Stage;Week 1;Zellsis;Sentinels;54;123;232;15;0,69;135;83;15;7;11;0,24;0,14;1/7;18;45;30;8;4;6;122;9;8;2;27
4518;VCT 2025: Americas Stage 1;Group Stage;Week 1;zekken;Sentinels;54;99;227;103;0,69;138;74;31;17;26;0,24;0,33;1/3;15;40;39;17;9;14;42;9;8;2;27
4519;VCT 2025: Americas Stage 1;Group Stage;Week 1;pANcada;LOUD;16;149;217;157;1;155;69;69;13;13;0,29;0,5;1/2;11;11;7;11;2;2;140;32;8;2;27
4520;VCT 2025: Americas Stage 1;Group Stage;Week 1;pANcada;LOUD;54;108;214;10;0,78;143;72;37;7;9;0,38;0,11;1/9;16;39;39;20;4;5;140;32;8;2;27
4521;VCT 2025: Americas Stage 1;Group Stage;Week 1;tuyz;LOUD;31;10;187;105;0,81;130;65;45;1;1;0,26;0,14;1/7;13;20;19;14;3;3;138;32;8;2;27
4522;VCT 2025: Americas Stage 1;Group Stage;Week 1;tuyz;LOUD;23;73;218;84;0,57;149;7;17;17;9;0,19;0,33;1/3;16;16;19;4;4;2;138;32;8;2;27
4523;VCT 2025: Americas Stage 1;Group Stage;Week 1;tuyz;LOUD;54;89;197;95;0,7;138;67;33;13;9;0,22;0,2;2/10;16;36;38;18;7;5;138;32;8;2;27
4524;VCT 2025: Americas Stage 1;Group Stage;Week 1;cauanzin;LOUD;39;132;252;155;0,72;173;87;28;13;15;0,24;0,4;2/5;18;34;22;11;5;6;145;32;8;2;27
4525;VCT 2025: Americas Stage 1;Group Stage;Week 1;cauanzin;LOUD;54;103;210;111;0,65;148;74;2;9;17;0,23;0,4;2/5;18;40;36;11;5;9;145;32;8;2;27
4526;VCT 2025: Americas Stage 1;Group Stage;Week 1;Asuna;100 Thieves;40;119;244;114;0,75;172;83;38;3;2;0,36;0,33;1/3;20;33;29;15;12;8;126;26;8;2;27
4527;VCT 2025: Americas Stage 1;Group Stage;Week 1;Asuna;100 Thieves;54;10;217;89;0,76;162;72;33;31;26;0,33;0,25;1/4;20;39;44;18;17;14;126;26;8;2;27
4528;VCT 2025: Americas Stage 1;Group Stage;Week 1;NaturE;Evil Geniuses;24;128;241;111;0,92;146;83;71;0;13;0,19;0,25;1/4;20;20;18;17;0;3;146;28;8;2;27
4529;VCT 2025: Americas Stage 1;Group Stage;Week 1;NaturE;Evil Geniuses;21;119;222;131;0,67;129;81;38;14;5;0,22;0,33;1/3;17;17;13;8;3;1;146;28;8;2;27
4530;VCT 2025: Americas Stage 1;Group Stage;Week 1;NaturE;Evil Geniuses;45;124;232;119;0,8;138;82;56;7;9;0,21;0,29;2/7;20;37;31;25;3;4;146;28;8;2;27
4531;VCT 2025: Americas Stage 1;Group Stage;Week 1;yay;Evil Geniuses;21;106;227;106;0,81;168;86;33;0;14;0,33;0,5;1/2;18;18;17;7;0;3;147;28;8;2;27
4532;VCT 2025: Americas Stage 1;Group Stage;Week 1;yay;Evil Geniuses;24;133;276;156;0,79;183;104;0;13;8;0,32;0,5;2/4;25;25;16;0;3;2;147;28;8;2;27
4533;VCT 2025: Americas Stage 1;Group Stage;Week 1;yay;Evil Geniuses;45;12;252;13;0,8;176;96;16;7;11;0,33;0,5;3/6;25;43;33;7;3;5;147;28;8;2;27
4534;VCT 2025: Americas Stage 1;Group Stage;Week 1;supamen;Evil Geniuses;24;91;182;89;0,71;124;67;29;4;17;0,26;0,5;1/2;16;16;18;7;1;4;127;28;8;2;27
4535;VCT 2025: Americas Stage 1;Group Stage;Week 1;supamen;Evil Geniuses;21;112;211;107;0,71;145;71;29;5;5;0,27;0,33;1/3;15;15;14;6;1;1;127;28;8;2;27
4536;VCT 2025: Americas Stage 1;Group Stage;Week 1;supamen;Evil Geniuses;45;101;196;97;0,71;134;69;29;4;11;0,27;0,4;2/5;16;31;32;13;2;5;127;28;8;2;27
4537;VCT 2025: Americas Stage 1;Group Stage;Week 1;icy;Evil Geniuses;24;91;217;95;0,75;138;79;21;21;17;0,23;0,25;1/4;19;19;20;5;5;4;143;28;8;2;27
4538;VCT 2025: Americas Stage 1;Group Stage;Week 1;icy;Evil Geniuses;45;97;210;106;0,73;132;78;16;2;13;0,17;0,25;1/4;19;35;33;7;9;6;143;28;8;2;27
4539;VCT 2025: Americas Stage 1;Group Stage;Week 1;Derrek;Evil Geniuses;24;9;175;76;0,88;123;54;46;4;4;0,33;0,33;1/3;13;13;17;11;1;1;142;28;8;2;27
4540;VCT 2025: Americas Stage 1;Group Stage;Week 1;Derrek;Evil Geniuses;45;102;177;93;0,82;123;58;38;11;7;0,35;0,2;1/5;13;26;28;17;5;3;142;28;8;2;27
4541;VCT 2025: Americas Stage 1;Group Stage;Week 1;Melser;KRÃœ Esports;38;134;222;147;0,82;126;74;53;8;8;0,25;0,25;1/4;14;28;19;20;3;3;152;29;8;2;27
4542;VCT 2025: Americas Stage 1;Group Stage;Week 1;Melser;KRÃœ Esports;54;115;209;111;0,78;118;72;43;9;7;0,21;0,13;1/8;14;39;35;23;5;4;152;29;8;2;27
4543;VCT 2025: Americas Stage 1;Group Stage;Week 1;Shyy;KRÃœ Esports;23;138;211;15;0,78;151;78;39;9;4;0,28;0,33;1/3;18;18;12;9;2;1;129;29;8;2;27
4544;VCT 2025: Americas Stage 1;Group Stage;Week 1;Shyy;KRÃœ Esports;16;56;120;5;0,44;73;44;6;6;0;0,2;0,33;1/3;7;7;14;1;1;0;129;29;8;2;27
4545;VCT 2025: Americas Stage 1;Group Stage;Week 1;Shyy;KRÃœ Esports;54;108;182;115;0,69;123;72;24;7;6;0,23;0,33;2/6;18;39;34;13;4;3;129;29;8;2;27
4546;VCT 2025: Americas Stage 1;Group Stage;Week 1;keznit;KRÃœ Esports;23;126;285;179;0,78;167;109;9;22;13;0,18;0,5;1/2;25;25;14;2;5;3;144;29;8;2;27
4547;VCT 2025: Americas Stage 1;Group Stage;Week 1;keznit;KRÃœ Esports;15;187;350;222;0,87;219;133;4;4;7;0,25;1;1/1;20;20;9;6;6;1;144;29;8;2;27
4548;VCT 2025: Americas Stage 1;Group Stage;Week 1;keznit;KRÃœ Esports;54;124;269;139;0,76;165;98;24;22;13;0,22;0,5;2/4;25;53;38;13;12;7;144;29;8;2;27
4549;VCT 2025: Americas Stage 1;Group Stage;Week 1;adverso;KRÃœ Esports;54;89;177;84;0,74;131;59;24;7;11;0,19;0,17;1/6;16;32;38;13;4;6;139;29;8;2;27
4550;VCT 2025: Americas Stage 1;Group Stage;Week 1;raafa;FURIA;23;92;167;93;0,74;114;57;35;13;4;0,23;0,33;1/3;13;13;14;8;3;1;229;31;8;2;27
4551;VCT 2025: Americas Stage 1;Group Stage;Week 1;raafa;FURIA;43;79;157;76;0,65;112;51;28;9;9;0,19;0,33;1/3;13;22;29;12;4;4;229;31;8;2;27
4552;VCT 2025: Americas Stage 1;Group Stage;Week 1;heat;FURIA;23;66;130;71;0,61;97;52;3;0;0;0,57;0,2;1/5;12;12;17;7;0;0;149;31;8;2;27
4553;VCT 2025: Americas Stage 1;Group Stage;Week 1;heat;FURIA;43;77;162;78;0,58;115;58;21;0;9;0,45;0,09;1/11;13;25;32;9;0;4;149;31;8;2;27
4554;VCT 2025: Americas Stage 1;Group Stage;Week 1;pryze;FURIA;23;117;222;12;0,83;149;78;35;9;4;0,29;0,2;1/5;18;18;15;8;2;1;148;31;8;2;27
4555;VCT 2025: Americas Stage 1;Group Stage;Week 1;pryze;FURIA;43;88;166;9;0,74;112;6;26;5;5;0,33;0,14;1/7;18;26;29;11;2;2;148;31;8;2;27
4556;VCT 2025: Americas Stage 1;Group Stage;Week 1;Khalil;FURIA;43;85;174;9;0,67;120;63;16;5;21;0,32;0,25;1/4;16;27;30;7;2;9;230;31;8;2;27
4557;VCT 2025: Americas Stage 1;Group Stage;Week 1;Rossy;LEVIATÃN;21;87;174;76;0,71;119;62;29;0;5;0,35;0,5;1/2;13;13;17;6;0;1;231;25;8;2;27
4558;VCT 2025: Americas Stage 1;Group Stage;Week 1;Rossy;LEVIATÃN;41;89;181;81;0,68;119;63;34;5;5;0,35;0,33;1/3;13;26;32;14;2;2;231;25;8;2;27
4559;VCT 2025: Americas Stage 1;Group Stage;Week 1;Demon1;LEVIATÃN;20;7;136;64;0,7;95;45;35;0;2;0,24;0,33;1/3;9;9;14;7;0;4;66;25;8;2;27
4560;VCT 2025: Americas Stage 1;Group Stage;Week 1;Demon1;LEVIATÃN;41;79;138;75;0,66;103;51;24;2;12;0,33;0,13;1/8;12;21;28;10;1;5;66;25;8;2;27
4561;VCT 2025: Americas Stage 1;Group Stage;Week 1;valyn;G2 Esports;43;123;220;138;0,74;136;84;33;19;5;0,32;0,5;2/4;20;36;26;14;8;2;35;3;8;2;27
4562;VCT 2025: Americas Stage 1;Group Stage;Week 1;trent;G2 Esports;43;85;129;8;0,77;90;47;21;7;12;0,25;0,4;2/5;17;20;25;9;3;5;9;3;8;2;27
4563;VCT 2025: Americas Stage 1;Group Stage;Week 1;leaf;G2 Esports;20;148;307;14;0,9;214;105;35;1;5;0,46;0,25;1/4;21;21;15;7;2;1;8;3;8;2;27
4564;VCT 2025: Americas Stage 1;Group Stage;Week 1;leaf;G2 Esports;43;125;245;123;0,72;173;86;26;9;9;0,34;0,13;1/8;21;37;30;11;4;4;8;3;8;2;27
4565;VCT 2025: Americas Stage 1;Group Stage;Week 1;lz;2Game Esports;45;76;144;67;0,64;87;49;53;7;16;0,3;0,11;1/9;15;22;33;24;3;7;136;30;8;2;27
4566;VCT 2025: Americas Stage 1;Group Stage;Week 1;Askia;2Game Esports;21;91;199;94;0,57;148;71;5;1;19;0,33;1;1/1;15;15;16;1;2;4;232;30;8;2;27
4567;VCT 2025: Americas Stage 1;Group Stage;Week 1;Askia;2Game Esports;24;101;229;10;0,63;165;79;21;13;8;0,28;1;1/1;19;19;19;5;3;2;232;30;8;2;27
4568;VCT 2025: Americas Stage 1;Group Stage;Week 1;Askia;2Game Esports;45;97;214;97;0,6;157;76;13;11;13;0,3;1;2/2;19;34;35;6;5;6;232;30;8;2;27
4569;VCT 2025: Americas Stage 1;Group Stage;Week 1;Zap;2Game Esports;45;107;205;11;0,71;135;76;2;4;2;0,22;0,22;2/9;17;34;31;9;2;1;233;30;8;2;27
4570;VCT 2025: Americas Stage 1;Group Stage;Week 2;pANcada;LOUD;24;138;286;133;0,71;187;10;29;8;0;0,32;0,25;1/4;24;24;18;7;2;0;140;32;8;2;28
4571;VCT 2025: Americas Stage 1;Group Stage;Week 2;pANcada;LOUD;50;132;243;126;0,76;156;86;36;8;4;0,32;0,13;1/8;24;43;34;18;4;2;140;32;8;2;28
4572;VCT 2025: Americas Stage 1;Group Stage;Week 2;tuyz;LOUD;26;72;96;67;0,62;77;38;8;0;8;0,38;0,5;1/2;10;10;15;2;0;2;138;32;8;2;28
4573;VCT 2025: Americas Stage 1;Group Stage;Week 2;tuyz;LOUD;24;86;163;88;0,63;126;63;21;0;0;0,28;0,13;1/8;15;15;17;5;0;0;138;32;8;2;28
4574;VCT 2025: Americas Stage 1;Group Stage;Week 2;tuyz;LOUD;50;79;130;78;0,62;101;5;14;0;4;0,32;0,2;2/10;15;25;32;7;0;2;138;32;8;2;28
4575;VCT 2025: Americas Stage 1;Group Stage;Week 2;cauanzin;LOUD;24;112;220;95;0,71;145;75;33;8;21;0,18;0,5;1/2;18;18;19;8;2;5;145;32;8;2;28
4576;VCT 2025: Americas Stage 1;Group Stage;Week 2;cauanzin;LOUD;50;9;192;79;0,68;130;62;32;6;16;0,19;0,33;1/3;18;31;39;16;3;8;145;32;8;2;28
4577;VCT 2025: Americas Stage 1;Group Stage;Week 2;s0m;Mega Minors;23;158;298;192;0,74;214;109;39;13;9;0,33;0,5;2/4;25;25;13;9;3;2;28;8;8;2;28
4578;VCT 2025: Americas Stage 1;Group Stage;Week 2;s0m;Mega Minors;55;143;223;204;0,82;160;89;44;11;7;0,34;0,5;2/4;25;49;24;24;6;4;28;8;8;2;28
4579;VCT 2025: Americas Stage 1;Group Stage;Week 2;valyn;G2 Esports;21;4;83;4;0,81;51;29;33;0;19;0,24;1;1/1;6;6;15;7;0;4;35;3;8;2;28
4580;VCT 2025: Americas Stage 1;Group Stage;Week 2;valyn;G2 Esports;71;95;178;88;0,82;114;62;44;7;13;0,23;0,2;1/5;23;44;50;31;5;9;35;3;8;2;28
4581;VCT 2025: Americas Stage 1;Group Stage;Week 2;JonahP;G2 Esports;24;99;150;73;0,67;99;46;5;13;8;0,24;0,33;2/6;11;11;15;12;3;2;36;3;8;2;28
4582;VCT 2025: Americas Stage 1;Group Stage;Week 2;JonahP;G2 Esports;21;101;189;10;0,9;116;67;57;14;0;0,19;0,5;1/2;14;14;14;12;3;0;36;3;8;2;28
4583;VCT 2025: Americas Stage 1;Group Stage;Week 2;JonahP;G2 Esports;71;92;156;74;0,79;101;49;55;1;6;0,22;0,3;3/10;14;35;47;39;7;4;36;3;8;2;28
4584;VCT 2025: Americas Stage 1;Group Stage;Week 2;trent;G2 Esports;71;104;200;94;0,76;138;65;42;6;4;0,18;0,22;2/9;24;46;49;30;4;3;9;3;8;2;28
4585;VCT 2025: Americas Stage 1;Group Stage;Week 2;jawgemo;G2 Esports;21;161;288;192;0,67;180;119;1;24;24;0,31;0,67;2/3;25;25;13;2;5;5;10;3;8;2;28
4586;VCT 2025: Americas Stage 1;Group Stage;Week 2;jawgemo;G2 Esports;71;115;230;125;0,59;142;9;15;15;24;0,26;0,4;2/5;25;64;51;11;11;17;10;3;8;2;28
4587;VCT 2025: Americas Stage 1;Group Stage;Week 2;xenom;MIBR;26;91;140;94;0,73;89;58;19;0;4;0,48;0,25;1/4;15;15;16;5;0;1;39;4;8;2;28
4588;VCT 2025: Americas Stage 1;Group Stage;Week 2;xenom;MIBR;45;96;174;93;0,76;107;62;49;4;0;0,26;0,13;1/8;17;28;30;22;2;0;39;4;8;2;28
4589;VCT 2025: Americas Stage 1;Group Stage;Week 2;xenom;MIBR;71;94;163;93;0,75;100;61;38;3;1;0,31;0,17;2/12;17;43;46;27;2;1;39;4;8;2;28
4590;VCT 2025: Americas Stage 1;Group Stage;Week 2;artzin;MIBR;47;62;162;62;0,62;110;51;21;15;15;0,16;0,33;1/3;16;24;39;10;7;7;11;4;8;2;28
4591;VCT 2025: Americas Stage 1;Group Stage;Week 2;artzin;MIBR;71;73;174;67;0,69;118;54;39;17;14;0,18;0,17;1/6;16;38;57;28;12;10;11;4;8;2;28
4592;VCT 2025: Americas Stage 1;Group Stage;Week 2;aspas;MIBR;45;99;213;106;0,84;138;76;13;18;16;0,25;0,67;2/3;18;34;32;6;8;7;12;4;8;2;28
4593;VCT 2025: Americas Stage 1;Group Stage;Week 2;aspas;MIBR;71;103;223;116;0,76;141;8;1;18;17;0,26;0,4;2/5;23;57;49;7;13;12;12;4;8;2;28
4594;VCT 2025: Americas Stage 1;Group Stage;Week 2;Verno;MIBR;50;104;196;113;0,8;126;68;32;12;6;0,21;0,2;1/5;19;34;30;16;6;3;13;4;8;2;28
4595;VCT 2025: Americas Stage 1;Group Stage;Week 2;Verno;MIBR;71;114;225;123;0,77;143;76;32;8;4;0,23;0,11;1/9;20;54;44;23;6;3;13;4;8;2;28
4596;VCT 2025: Americas Stage 1;Group Stage;Week 2;lz;2Game Esports;24;8;156;88;0,83;98;63;46;0;4;0,24;0,67;2/3;15;15;17;11;0;1;136;30;8;2;28
4597;VCT 2025: Americas Stage 1;Group Stage;Week 2;lz;2Game Esports;50;101;210;114;0,82;131;8;3;8;8;0,4;0,4;2/5;25;40;35;15;4;4;136;30;8;2;28
4598;VCT 2025: Americas Stage 1;Group Stage;Week 2;PxS;2Game Esports;26;94;166;82;0,65;111;54;42;8;15;0,22;0,25;1/4;14;14;17;11;2;4;234;30;8;2;28
4599;VCT 2025: Americas Stage 1;Group Stage;Week 2;PxS;2Game Esports;24;89;182;84;0,79;124;67;42;8;4;0,45;0,4;2/5;16;16;19;10;2;1;234;30;8;2;28
4600;VCT 2025: Americas Stage 1;Group Stage;Week 2;PxS;2Game Esports;50;92;174;83;0,72;117;6;42;8;1;0,32;0,33;3/9;16;30;36;21;4;5;234;30;8;2;28
4601;VCT 2025: Americas Stage 1;Group Stage;Week 2;Khalil;FURIA;23;96;156;86;0,74;107;52;52;9;4;0,33;0,33;1/3;12;12;14;12;2;1;230;31;8;2;28
4602;VCT 2025: Americas Stage 1;Group Stage;Week 2;Khalil;FURIA;55;85;163;75;0,65;107;55;29;5;4;0,25;0,17;1/6;12;30;40;16;3;2;230;31;8;2;28
4603;VCT 2025: Americas Stage 1;Group Stage;Week 2;pryze;FURIA;17;77;120;54;0,47;94;41;18;0;6;0,4;0,17;1/6;7;7;13;3;0;1;148;31;8;2;28
4604;VCT 2025: Americas Stage 1;Group Stage;Week 2;pryze;FURIA;55;98;158;86;0,55;112;55;7;5;5;0,3;0,08;1/12;15;30;35;4;3;3;148;31;8;2;28
4605;VCT 2025: Americas Stage 1;Group Stage;Week 2;Mazino;KRÃœ Esports;21;141;268;164;0,67;168;11;1;0;5;0,24;0,75;3/4;23;23;14;2;0;1;130;29;8;2;28
4606;VCT 2025: Americas Stage 1;Group Stage;Week 2;Mazino;KRÃœ Esports;41;138;252;154;0,73;162;98;29;2;5;0,29;0,6;3/5;23;40;26;12;1;2;130;29;8;2;28
4607;VCT 2025: Americas Stage 1;Group Stage;Week 2;keznit;KRÃœ Esports;21;144;298;153;0,76;157;11;1;38;14;0,17;0,25;1/4;23;23;15;2;8;3;144;29;8;2;28
4608;VCT 2025: Americas Stage 1;Group Stage;Week 2;keznit;KRÃœ Esports;41;144;280;156;0,76;157;102;27;32;15;0,24;0,17;1/6;23;42;27;11;13;6;144;29;8;2;28
4609;VCT 2025: Americas Stage 1;Group Stage;Week 2;Shyy;KRÃœ Esports;21;104;144;109;0,76;113;57;24;5;5;0,21;1;1/1;12;12;11;5;1;1;129;29;8;2;28
4610;VCT 2025: Americas Stage 1;Group Stage;Week 2;Shyy;KRÃœ Esports;20;136;198;229;0,75;143;8;15;5;5;0,2;0,33;1/3;16;16;7;3;1;1;129;29;8;2;28
4611;VCT 2025: Americas Stage 1;Group Stage;Week 2;Shyy;KRÃœ Esports;41;12;171;156;0,76;128;68;2;5;5;0,2;0,5;2/4;16;28;18;8;2;2;129;29;8;2;28
4612;VCT 2025: Americas Stage 1;Group Stage;Week 2;tex;LEVIATÃN;21;62;133;56;0,71;97;43;24;1;1;0,43;1;1/1;9;9;16;5;2;2;114;25;8;2;28
4613;VCT 2025: Americas Stage 1;Group Stage;Week 2;tex;LEVIATÃN;37;65;142;57;0,57;103;46;19;11;19;0,43;0,33;1/3;9;17;30;7;4;7;114;25;8;2;28
4614;VCT 2025: Americas Stage 1;Group Stage;Week 2;NaturE;Evil Geniuses;43;105;212;97;0,79;131;72;56;5;2;0,26;0,17;1/6;19;31;32;24;2;1;146;28;8;2;28
4615;VCT 2025: Americas Stage 1;Group Stage;Week 2;supamen;Evil Geniuses;23;101;168;75;0,65;125;52;65;13;17;0,26;0,33;1/3;12;12;16;15;3;4;127;28;8;2;28
4616;VCT 2025: Americas Stage 1;Group Stage;Week 2;supamen;Evil Geniuses;43;9;176;76;0,67;121;58;49;14;16;0,28;0,2;1/5;13;25;33;21;6;7;127;28;8;2;28
4617;VCT 2025: Americas Stage 1;Group Stage;Week 2;Derrek;Evil Geniuses;20;106;201;108;0,85;144;7;3;0;1;0,52;0,25;1/4;14;14;13;6;0;2;142;28;8;2;28
4618;VCT 2025: Americas Stage 1;Group Stage;Week 2;Derrek;Evil Geniuses;43;113;224;117;0,77;153;79;28;2;5;0,34;0,1;1/10;20;34;29;12;1;2;142;28;8;2;28
4619;VCT 2025: Americas Stage 1;Group Stage;Week 2;zander;100 Thieves;23;9;165;81;0,7;107;57;48;13;9;0,28;0,33;1/3;13;13;16;11;3;2;118;26;8;2;28
4620;VCT 2025: Americas Stage 1;Group Stage;Week 2;zander;100 Thieves;20;75;145;73;0,75;98;55;45;1;15;0,18;1;1/1;11;11;15;9;2;3;118;26;8;2;28
4621;VCT 2025: Americas Stage 1;Group Stage;Week 2;zander;100 Thieves;43;83;155;77;0,72;103;56;47;12;12;0,23;0,5;2/4;13;24;31;20;5;5;118;26;8;2;28
4622;VCT 2025: Americas Stage 1;Group Stage;Week 2;Cryocells;100 Thieves;23;171;331;215;0,78;207;122;9;22;0;0,31;0,2;1/5;28;28;13;2;5;0;124;26;8;2;28
4623;VCT 2025: Americas Stage 1;Group Stage;Week 2;Cryocells;100 Thieves;20;18;357;20;0,85;230;13;35;1;0;0,32;0,4;2/5;26;26;13;7;2;0;124;26;8;2;28
4624;VCT 2025: Americas Stage 1;Group Stage;Week 2;Cryocells;100 Thieves;43;175;344;208;0,81;218;126;21;16;0;0,32;0,3;3/10;28;54;26;9;7;0;124;26;8;2;28
4625;VCT 2025: Americas Stage 1;Group Stage;Week 2;eeiu;100 Thieves;20;155;234;17;0,95;164;85;45;5;0;0,33;0,33;1/3;17;17;10;9;1;0;125;26;8;2;28
4626;VCT 2025: Americas Stage 1;Group Stage;Week 2;eeiu;100 Thieves;43;143;244;174;0,86;167;93;28;7;0;0,36;0,17;1/6;23;40;23;12;3;0;125;26;8;2;28
4627;VCT 2025: Americas Stage 1;Group Stage;Week 2;mitch;Cloud9;21;71;155;59;0,71;101;48;57;14;1;0,22;1;1/1;10;10;17;12;3;2;123;27;8;2;28
4628;VCT 2025: Americas Stage 1;Group Stage;Week 2;mitch;Cloud9;37;87;169;81;0,81;109;57;46;11;8;0,17;1;1/1;11;21;26;17;4;3;123;27;8;2;28
4629;VCT 2025: Americas Stage 1;Group Stage;Week 2;neT;Cloud9;21;106;174;117;0,76;118;67;14;1;0;0,3;0,33;1/3;14;14;12;3;2;0;121;27;8;2;28
4630;VCT 2025: Americas Stage 1;Group Stage;Week 2;neT;Cloud9;37;103;178;119;0,81;122;68;16;8;3;0,35;0,2;1/5;14;25;21;6;3;1;121;27;8;2;28
4631;VCT 2025: Americas Stage 1;Group Stage;Week 2;v1c;Cloud9;37;147;290;20;0,89;166;103;7;11;8;0,29;0,67;2/3;20;38;19;26;4;3;120;27;8;2;28
4632;VCT 2025: Americas Stage 1;Group Stage;Week 2;Xeppaa;Cloud9;21;133;244;158;0,81;164;9;19;0;14;0,24;0,33;1/3;19;19;12;4;0;3;119;27;8;2;28
4633;VCT 2025: Americas Stage 1;Group Stage;Week 2;Xeppaa;Cloud9;16;156;246;28;1;149;88;31;13;0;0,21;1;1/1;14;14;5;5;2;0;119;27;8;2;28
4634;VCT 2025: Americas Stage 1;Group Stage;Week 2;Xeppaa;Cloud9;37;143;245;194;0,89;157;89;24;5;8;0,23;0,5;2/4;19;33;17;9;2;3;119;27;8;2;28
4635;VCT 2025: Americas Stage 1;Group Stage;Week 3;Melser;KRÃœ Esports;19;163;253;18;0,95;184;95;68;11;5;0,25;0,25;1/4;18;18;10;13;2;1;152;29;8;2;29
4636;VCT 2025: Americas Stage 1;Group Stage;Week 3;Melser;KRÃœ Esports;57;128;214;122;0,82;156;77;47;9;5;0,28;0,11;1/9;18;44;36;27;5;3;152;29;8;2;29
4637;VCT 2025: Americas Stage 1;Group Stage;Week 3;adverso;KRÃœ Esports;57;118;188;119;0,74;127;67;37;5;7;0,16;0,33;2/6;16;38;32;21;3;4;139;29;8;2;29
4638;VCT 2025: Americas Stage 1;Group Stage;Week 3;v1c;Cloud9;52;123;232;124;0,75;145;81;48;12;1;0,46;0,13;1/8;24;42;34;25;6;5;120;27;8;2;29
4639;VCT 2025: Americas Stage 1;Group Stage;Week 3;v1c;Cloud9;74;13;232;138;0,8;146;84;41;11;9;0,44;0,1;1/10;24;62;45;30;8;7;120;27;8;2;29
4640;VCT 2025: Americas Stage 1;Group Stage;Week 3;mitch;Cloud9;52;87;154;74;0,73;104;54;52;0;1;0,16;0,22;2/9;22;28;38;27;0;5;123;27;8;2;29
4641;VCT 2025: Americas Stage 1;Group Stage;Week 3;mitch;Cloud9;74;76;138;68;0,73;96;49;46;0;8;0,18;0,2;2/10;22;36;53;34;0;6;123;27;8;2;29
4642;VCT 2025: Americas Stage 1;Group Stage;Week 3;neT;Cloud9;74;88;155;89;0,72;100;57;18;1;7;0,2;0,25;2/8;23;42;47;13;1;5;121;27;8;2;29
4643;VCT 2025: Americas Stage 1;Group Stage;Week 3;zander;100 Thieves;24;76;171;72;0,75;116;54;33;13;8;0,24;0,2;1/5;13;13;18;8;3;2;118;26;8;2;29
4644;VCT 2025: Americas Stage 1;Group Stage;Week 3;zander;100 Thieves;64;98;189;91;0,75;125;64;39;9;14;0,21;0,13;1/8;17;41;45;25;6;9;118;26;8;2;29
4645;VCT 2025: Americas Stage 1;Group Stage;Week 3;Boostio;100 Thieves;19;59;137;56;0,47;74;47;16;11;16;0,59;0,33;1/3;9;9;16;3;2;3;227;26;8;2;29
4646;VCT 2025: Americas Stage 1;Group Stage;Week 3;Boostio;100 Thieves;64;64;120;51;0,63;77;38;33;8;8;0,25;0,25;1/4;9;24;47;21;5;5;227;26;8;2;29
4647;VCT 2025: Americas Stage 1;Group Stage;Week 3;Asuna;100 Thieves;24;122;220;106;0,79;134;71;38;0;8;0,17;0,33;1/3;17;17;16;9;0;2;126;26;8;2;29
4648;VCT 2025: Americas Stage 1;Group Stage;Week 3;Asuna;100 Thieves;64;101;210;94;0,67;134;7;27;5;2;0,2;0,2;1/5;17;45;48;17;3;13;126;26;8;2;29
4649;VCT 2025: Americas Stage 1;Group Stage;Week 3;eeiu;100 Thieves;43;105;172;96;0,67;122;6;19;2;7;0,31;0,1;1/10;14;26;27;8;1;3;125;26;8;2;29
4650;VCT 2025: Americas Stage 1;Group Stage;Week 3;eeiu;100 Thieves;64;108;186;103;0,73;124;64;27;3;5;0,24;0,08;1/13;15;41;40;17;2;3;125;26;8;2;29
4651;VCT 2025: Americas Stage 1;Group Stage;Week 3;C0M;LEVIATÃN;18;9;150;82;0,83;103;5;67;0;11;0,2;0,5;1/2;9;9;11;12;0;2;115;25;8;2;29
4652;VCT 2025: Americas Stage 1;Group Stage;Week 3;C0M;LEVIATÃN;17;192;307;30;0,88;214;124;24;6;0;0,33;1;2/2;21;21;7;4;1;0;115;25;8;2;29
4653;VCT 2025: Americas Stage 1;Group Stage;Week 3;C0M;LEVIATÃN;35;139;228;167;0,86;157;86;46;3;6;0,28;0,75;3/4;21;30;18;16;1;2;115;25;8;2;29
4654;VCT 2025: Americas Stage 1;Group Stage;Week 3;Rossy;LEVIATÃN;18;121;198;127;0,72;141;78;11;11;17;0,46;0,5;1/2;14;14;11;2;2;3;231;25;8;2;29
4655;VCT 2025: Americas Stage 1;Group Stage;Week 3;Rossy;LEVIATÃN;35;99;158;10;0,77;109;63;31;11;14;0,36;0,33;1/3;14;22;22;11;4;5;231;25;8;2;29
4656;VCT 2025: Americas Stage 1;Group Stage;Week 3;bang;Sentinels;17;152;263;243;0,82;166;10;35;6;12;0,64;1;1/1;17;17;7;6;1;2;47;9;8;2;29
4657;VCT 2025: Americas Stage 1;Group Stage;Week 3;bang;Sentinels;36;124;208;165;0,81;124;78;53;8;8;0,53;1;1/1;17;28;17;19;3;3;47;9;8;2;29
4658;VCT 2025: Americas Stage 1;Group Stage;Week 3;Zellsis;Sentinels;19;105;166;133;0,95;114;63;37;5;0;0,19;0,5;1/2;12;12;9;7;1;0;122;9;8;2;29
4659;VCT 2025: Americas Stage 1;Group Stage;Week 3;Zellsis;Sentinels;36;97;177;114;0,81;122;67;25;6;6;0,22;0,5;1/2;12;24;21;9;2;2;122;9;8;2;29
4660;VCT 2025: Americas Stage 1;Group Stage;Week 3;N4RRATE;Sentinels;17;176;338;233;0,71;228;124;18;12;0;0,45;0,5;2/4;21;21;9;3;2;0;41;9;8;2;29
4661;VCT 2025: Americas Stage 1;Group Stage;Week 3;N4RRATE;Sentinels;36;163;303;205;0,81;199;108;47;11;3;0,24;0,4;2/5;21;39;19;17;4;1;41;9;8;2;29
4662;VCT 2025: Americas Stage 1;Group Stage;Week 3;xenom;MIBR;22;78;139;71;0,91;92;45;41;5;5;0,36;0,25;1/4;10;10;14;9;1;1;39;4;8;2;29
4663;VCT 2025: Americas Stage 1;Group Stage;Week 3;xenom;MIBR;52;93;184;95;0,79;122;67;52;4;15;0,29;0,11;1/9;22;35;37;27;2;8;39;4;8;2;29
4664;VCT 2025: Americas Stage 1;Group Stage;Week 3;xenom;MIBR;74;88;169;88;0,82;113;61;49;4;12;0,31;0,15;2/13;22;45;51;36;3;9;39;4;8;2;29
4665;VCT 2025: Americas Stage 1;Group Stage;Week 3;cortezia;MIBR;24;129;251;147;0,75;154;92;21;13;4;0,36;1;1/1;22;22;15;5;3;1;53;4;8;2;29
4666;VCT 2025: Americas Stage 1;Group Stage;Week 3;cortezia;MIBR;50;117;244;121;0,68;160;82;22;14;6;0,37;0,18;2/11;21;41;34;11;7;3;53;4;8;2;29
4667;VCT 2025: Americas Stage 1;Group Stage;Week 3;cortezia;MIBR;74;121;247;129;0,7;158;85;22;14;5;0,36;0,25;3/12;22;63;49;16;10;4;53;4;8;2;29
4668;VCT 2025: Americas Stage 1;Group Stage;Week 3;aspas;MIBR;24;16;303;193;0,88;189;113;13;29;17;0,44;0,5;2/4;27;27;14;3;7;4;12;4;8;2;29
4669;VCT 2025: Americas Stage 1;Group Stage;Week 3;aspas;MIBR;74;111;234;126;0,74;152;91;11;2;16;0,4;0,4;2/5;27;67;53;8;15;12;12;4;8;2;29
4670;VCT 2025: Americas Stage 1;Group Stage;Week 3;Verno;MIBR;74;104;172;107;0,78;116;61;32;3;1;0,24;0,33;4/12;19;45;42;24;2;1;13;4;8;2;29
4671;VCT 2025: Americas Stage 1;Group Stage;Week 3;lz;2Game Esports;19;177;282;233;0,95;184;111;42;16;0;0,46;0,4;2/5;21;21;9;8;3;0;136;30;8;2;29
4672;VCT 2025: Americas Stage 1;Group Stage;Week 3;lz;2Game Esports;19;119;245;121;0,68;167;89;21;16;26;0,48;0,33;2/6;17;17;14;4;3;5;136;30;8;2;29
4673;VCT 2025: Americas Stage 1;Group Stage;Week 3;lz;2Game Esports;57;124;241;128;0,77;154;89;3;12;11;0,44;0,31;4/13;21;51;40;17;7;6;136;30;8;2;29
4674;VCT 2025: Americas Stage 1;Group Stage;Week 3;PxS;2Game Esports;38;71;142;63;0,84;88;45;45;3;11;0,21;0,5;1/2;10;17;27;17;1;4;234;30;8;2;29
4675;VCT 2025: Americas Stage 1;Group Stage;Week 3;PxS;2Game Esports;57;8;168;78;0,81;100;56;39;5;11;0,24;0,17;1/6;15;32;41;22;3;6;234;30;8;2;29
4676;VCT 2025: Americas Stage 1;Group Stage;Week 3;Askia;2Game Esports;19;53;83;46;0,53;57;32;16;5;32;0,29;0,5;1/2;6;6;13;3;1;6;232;30;8;2;29
4677;VCT 2025: Americas Stage 1;Group Stage;Week 3;Askia;2Game Esports;57;79;164;85;0,67;105;58;12;9;23;0,28;0,14;1/7;15;33;39;7;5;13;232;30;8;2;29
4678;VCT 2025: Americas Stage 1;Group Stage;Week 3;supamen;Evil Geniuses;19;72;163;73;0,58;104;58;21;0;11;0,34;0,2;1/5;11;11;15;4;0;2;127;28;8;2;29
4679;VCT 2025: Americas Stage 1;Group Stage;Week 3;supamen;Evil Geniuses;36;84;168;79;0,56;108;61;22;0;14;0,42;0,1;1/10;11;22;28;8;0;5;127;28;8;2;29
4680;VCT 2025: Americas Stage 1;Group Stage;Week 3;icy;Evil Geniuses;19;86;155;79;0,74;89;58;5;5;0;0,39;0,17;1/6;11;11;14;1;1;0;143;28;8;2;29
4681;VCT 2025: Americas Stage 1;Group Stage;Week 3;icy;Evil Geniuses;17;66;139;77;0,47;81;59;0;18;18;0,42;0,5;1/2;10;10;13;0;3;3;143;28;8;2;29
4682;VCT 2025: Americas Stage 1;Group Stage;Week 3;icy;Evil Geniuses;36;76;147;78;0,61;85;58;3;11;8;0,4;0,25;2/8;11;21;27;1;4;3;143;28;8;2;29
4683;VCT 2025: Americas Stage 1;Group Stage;Week 3;Khalil;FURIA;18;69;145;67;0,72;102;56;22;11;6;0,42;0,5;1/2;10;10;15;4;2;1;230;31;8;2;29
4684;VCT 2025: Americas Stage 1;Group Stage;Week 3;Khalil;FURIA;35;88;190;83;0,71;122;69;23;9;3;0,26;0,14;1/7;14;24;29;8;3;1;230;31;8;2;29
4685;VCT 2025: Americas Stage 1;Group Stage;Week 3;pryze;FURIA;18;28;98;38;0,44;67;33;11;0;22;0,21;1;1/1;6;6;16;2;0;4;148;31;8;2;29
4686;VCT 2025: Americas Stage 1;Group Stage;Week 3;pryze;FURIA;17;12;256;108;0,82;153;82;24;0;6;0,26;0,33;1/3;14;14;13;4;0;1;148;31;8;2;29
4687;VCT 2025: Americas Stage 1;Group Stage;Week 3;pryze;FURIA;35;73;177;69;0,63;109;57;17;0;14;0,24;0,5;2/4;14;20;29;6;0;5;148;31;8;2;29
4688;VCT 2025: Americas Stage 1;Group Stage;Week 3;raafa;FURIA;35;56;150;53;0,6;105;46;26;3;17;0,14;0,17;1/6;9;16;30;9;1;6;229;31;8;2;29
4689;VCT 2025: Americas Stage 1;Group Stage;Week 3;heat;FURIA;35;94;203;86;0,6;126;71;14;11;9;0,39;0,22;2/9;16;25;29;5;4;3;149;31;8;2;29
4690;VCT 2025: Americas Stage 1;Group Stage;Week 3;JonahP;G2 Esports;14;116;138;14;0,93;89;5;5;14;0;0,17;1;1/1;7;7;5;7;2;0;36;3;8;2;29
4691;VCT 2025: Americas Stage 1;Group Stage;Week 3;JonahP;G2 Esports;33;106;162;112;0,79;100;58;58;12;3;0,16;0,33;1/3;12;19;17;19;4;1;36;3;8;2;29
4692;VCT 2025: Americas Stage 1;Group Stage;Week 3;valyn;G2 Esports;33;95;168;86;0,67;118;58;52;6;12;0,17;0,5;1/2;12;19;22;17;2;4;35;3;8;2;29
4693;VCT 2025: Americas Stage 1;Group Stage;Week 3;trent;G2 Esports;33;111;192;128;0,79;129;7;24;6;6;0,23;0,67;2/3;13;23;18;8;2;2;9;3;8;2;29
4694;VCT 2025: Americas Stage 1;Group Stage;Week 3;jawgemo;G2 Esports;14;246;460;386;1;294;193;36;14;7;0,3;1;2/2;27;27;7;5;2;1;10;3;8;2;29
4695;VCT 2025: Americas Stage 1;Group Stage;Week 3;jawgemo;G2 Esports;33;181;363;23;0,79;224;139;27;18;12;0,22;1;2/2;27;46;20;9;6;4;10;3;8;2;29
4696;VCT 2025: Americas Stage 1;Group Stage;Week 3;leaf;G2 Esports;19;113;192;136;0,68;108;79;16;16;0;0,22;0,33;1/3;15;15;11;3;3;0;8;3;8;2;29
4697;VCT 2025: Americas Stage 1;Group Stage;Week 3;leaf;G2 Esports;33;122;244;163;0,79;144;94;21;21;3;0,21;0,25;1/4;16;31;19;7;7;1;8;3;8;2;29
4698;VCT 2025: Americas Stage 1;Group Stage;Week 3;FiNESSE;Mega Minors;19;85;159;71;0,63;116;53;16;5;16;0,35;0,14;1/7;10;10;14;3;1;3;228;8;8;2;29
4699;VCT 2025: Americas Stage 1;Group Stage;Week 3;FiNESSE;Mega Minors;33;73;154;54;0,55;115;45;21;9;9;0,28;0,09;1/11;10;15;28;7;3;3;228;8;8;2;29
4700;VCT 2025: Americas Stage 1;Group Stage;Week 3;v1nny;LOUD;40;66;116;56;0,78;69;38;53;3;3;0,36;0,17;1/6;9;15;27;21;1;1;235;32;8;2;29
4701;VCT 2025: Americas Stage 1;Group Stage;Week 3;v1nny;LOUD;64;62;120;55;0,72;78;41;42;3;5;0,28;0,14;1/7;11;26;47;27;2;3;235;32;8;2;29
4702;VCT 2025: Americas Stage 1;Group Stage;Week 3;lukxo;LOUD;19;134;288;182;0,79;175;105;16;21;0;0,36;1;1/1;20;20;11;3;4;0;150;32;8;2;29
4703;VCT 2025: Americas Stage 1;Group Stage;Week 3;lukxo;LOUD;21;121;287;144;0,71;177;11;1;24;1;0,43;0,33;1/3;23;23;16;2;5;2;150;32;8;2;29
4704;VCT 2025: Americas Stage 1;Group Stage;Week 3;lukxo;LOUD;64;132;278;153;0,7;178;103;16;2;5;0,39;0,4;2/5;23;66;43;10;13;3;150;32;8;2;29
4705;VCT 2025: Americas Stage 1;Group Stage;Week 3;cauanzin;LOUD;40;123;222;135;0,78;152;78;25;8;5;0,28;0,29;2/7;17;31;23;10;3;2;145;32;8;2;29
4706;VCT 2025: Americas Stage 1;Group Stage;Week 3;cauanzin;LOUD;64;114;211;118;0,75;143;7;28;8;6;0,25;0,29;2/7;17;45;38;18;5;4;145;32;8;2;29
4707;VCT 2025: Americas Stage 1;Group Stage;Week 4;v1c;Cloud9;30;14;247;15;0,83;151;9;3;13;7;0,36;0,2;1/5;27;27;18;9;4;2;120;27;8;2;30
4708;VCT 2025: Americas Stage 1;Group Stage;Week 4;v1c;Cloud9;44;144;250;171;0,86;151;93;32;11;9;0,35;0,2;1/5;27;41;24;14;5;4;120;27;8;2;30
4709;VCT 2025: Americas Stage 1;Group Stage;Week 4;OXY;Cloud9;30;117;262;123;0,73;161;9;2;27;3;0,24;1;1/1;27;27;22;6;8;9;132;27;8;2;30
4710;VCT 2025: Americas Stage 1;Group Stage;Week 4;OXY;Cloud9;44;129;276;137;0,8;176;93;25;25;2;0,24;0,5;1/2;27;41;30;11;11;9;132;27;8;2;30
4711;VCT 2025: Americas Stage 1;Group Stage;Week 4;Xeppaa;Cloud9;30;101;188;10;0,7;127;67;27;0;7;0,32;0,43;3/7;20;20;20;8;0;2;119;27;8;2;30
4712;VCT 2025: Americas Stage 1;Group Stage;Week 4;Xeppaa;Cloud9;14;181;222;50;0,93;144;107;21;14;0;0,26;1;2/2;15;15;3;3;2;0;119;27;8;2;30
4713;VCT 2025: Americas Stage 1;Group Stage;Week 4;Xeppaa;Cloud9;44;127;205;152;0,77;133;8;25;5;5;0,3;0,56;5/9;20;35;23;11;2;2;119;27;8;2;30
4714;VCT 2025: Americas Stage 1;Group Stage;Week 4;supamen;Evil Geniuses;20;129;260;15;0,7;164;105;35;5;5;0,4;0,6;3/5;21;21;14;7;1;1;127;28;8;2;30
4715;VCT 2025: Americas Stage 1;Group Stage;Week 4;supamen;Evil Geniuses;37;166;280;226;0,78;178;116;27;5;3;0,43;0,38;3/8;22;43;19;10;2;1;127;28;8;2;30
4716;VCT 2025: Americas Stage 1;Group Stage;Week 4;NaturE;Evil Geniuses;20;113;242;123;0,7;172;8;45;0;1;0,21;0,5;1/2;16;16;13;9;0;2;146;28;8;2;30
4717;VCT 2025: Americas Stage 1;Group Stage;Week 4;NaturE;Evil Geniuses;37;119;246;139;0,78;160;86;49;5;5;0,22;0,33;1/3;16;32;23;18;2;2;146;28;8;2;30
4718;VCT 2025: Americas Stage 1;Group Stage;Week 4;Derrek;Evil Geniuses;37;12;230;13;0,78;157;81;22;5;3;0,25;0,5;1/2;17;30;23;8;2;1;142;28;8;2;30
4719;VCT 2025: Americas Stage 1;Group Stage;Week 4;valyn;G2 Esports;20;123;206;108;0,8;134;7;5;5;0;0,2;0,2;1/5;14;14;13;10;1;0;35;3;8;2;30
4720;VCT 2025: Americas Stage 1;Group Stage;Week 4;valyn;G2 Esports;67;124;234;122;0,81;145;84;37;1;3;0,19;0,11;1/9;23;56;46;25;7;2;35;3;8;2;30
4721;VCT 2025: Americas Stage 1;Group Stage;Week 4;leaf;G2 Esports;24;99;205;95;0,71;139;75;21;8;13;0,24;0,2;1/5;18;18;19;5;2;3;8;3;8;2;30
4722;VCT 2025: Americas Stage 1;Group Stage;Week 4;leaf;G2 Esports;23;92;210;94;0,65;139;7;39;17;17;0,26;0,67;2/3;16;16;17;9;4;4;8;3;8;2;30
4723;VCT 2025: Americas Stage 1;Group Stage;Week 4;leaf;G2 Esports;67;102;230;104;0,67;152;78;34;16;15;0,27;0,33;3/9;18;52;50;23;11;10;8;3;8;2;30
4724;VCT 2025: Americas Stage 1;Group Stage;Week 4;trent;G2 Esports;67;141;235;154;0,79;156;9;27;6;6;0,25;0,22;2/9;23;60;39;18;4;4;9;3;8;2;30
4725;VCT 2025: Americas Stage 1;Group Stage;Week 4;Melser;KRÃœ Esports;20;88;162;75;0,65;119;6;4;1;5;0,26;0,2;1/5;12;12;16;8;2;1;152;29;8;2;30
4726;VCT 2025: Americas Stage 1;Group Stage;Week 4;Melser;KRÃœ Esports;37;65;132;57;0,59;96;46;32;11;14;0,27;0,11;1/9;12;17;30;12;4;5;152;29;8;2;30
4727;VCT 2025: Americas Stage 1;Group Stage;Week 4;Mazino;KRÃœ Esports;20;109;247;94;0,65;147;85;2;15;2;0,24;0,33;1/3;17;17;18;4;3;4;130;29;8;2;30
4728;VCT 2025: Americas Stage 1;Group Stage;Week 4;Mazino;KRÃœ Esports;37;116;254;97;0,7;145;86;3;11;11;0,27;0,2;1/5;17;32;33;11;4;4;130;29;8;2;30
4729;VCT 2025: Americas Stage 1;Group Stage;Week 4;Shyy;KRÃœ Esports;17;87;148;83;0,53;104;59;0;0;6;0,38;0,33;2/6;10;10;12;0;0;1;129;29;8;2;30
4730;VCT 2025: Americas Stage 1;Group Stage;Week 4;Shyy;KRÃœ Esports;37;86;176;83;0,59;120;65;14;3;8;0,35;0,2;2/10;14;24;29;5;1;3;129;29;8;2;30
4731;VCT 2025: Americas Stage 1;Group Stage;Week 4;heat;FURIA;30;93;207;11;0,63;142;77;17;1;1;0,39;0,5;1/2;23;23;21;5;3;3;149;31;8;2;30
4732;VCT 2025: Americas Stage 1;Group Stage;Week 4;heat;FURIA;44;81;168;85;0,61;123;64;18;9;7;0,42;0,17;1/6;23;28;33;8;4;3;149;31;8;2;30
4733;VCT 2025: Americas Stage 1;Group Stage;Week 4;pryze;FURIA;30;81;152;8;0,8;102;53;43;0;1;0,33;0,33;2/6;16;16;20;13;0;3;148;31;8;2;30
4734;VCT 2025: Americas Stage 1;Group Stage;Week 4;pryze;FURIA;44;66;128;64;0,77;92;48;36;0;9;0,29;0,29;2/7;16;21;33;16;0;4;148;31;8;2;30
4735;VCT 2025: Americas Stage 1;Group Stage;Week 4;johnqt;Sentinels;42;132;193;155;0,76;122;81;52;5;1;0,37;0,5;2/4;17;34;22;22;2;4;48;9;8;2;30
4736;VCT 2025: Americas Stage 1;Group Stage;Week 4;johnqt;Sentinels;65;13;199;152;0,78;132;77;48;5;8;0,29;0,22;2/9;17;50;33;31;3;5;48;9;8;2;30
4737;VCT 2025: Americas Stage 1;Group Stage;Week 4;N4RRATE;Sentinels;24;176;290;227;0,92;198;104;38;17;0;0,3;0,17;1/6;25;25;11;9;4;0;41;9;8;2;30
4738;VCT 2025: Americas Stage 1;Group Stage;Week 4;N4RRATE;Sentinels;65;16;277;177;0,86;182;95;54;14;5;0,28;0,11;1/9;25;62;35;35;9;3;41;9;8;2;30
4739;VCT 2025: Americas Stage 1;Group Stage;Week 4;Zellsis;Sentinels;47;71;135;63;0,55;96;43;3;9;13;0,23;0,25;1/4;10;20;32;14;4;6;122;9;8;2;30
4740;VCT 2025: Americas Stage 1;Group Stage;Week 4;Zellsis;Sentinels;65;89;194;87;0,6;126;6;29;15;14;0,25;0,25;1/4;19;39;45;19;10;9;122;9;8;2;30
4741;VCT 2025: Americas Stage 1;Group Stage;Week 4;bang;Sentinels;65;91;172;93;0,8;108;6;34;11;6;0,33;0,14;1/7;18;39;42;22;7;4;47;9;8;2;30
4742;VCT 2025: Americas Stage 1;Group Stage;Week 4;Demon1;LEVIATÃN;23;114;262;122;0,65;172;96;13;17;17;0,26;0,33;1/3;22;22;18;3;4;4;66;25;8;2;30
4743;VCT 2025: Americas Stage 1;Group Stage;Week 4;Demon1;LEVIATÃN;67;116;261;117;0,73;171;93;24;13;19;0,34;0,17;1/6;22;62;53;16;9;13;66;25;8;2;30
4744;VCT 2025: Americas Stage 1;Group Stage;Week 4;kiNgg;LEVIATÃN;43;79;173;77;0,67;117;56;47;7;14;0,28;0,33;1/3;16;24;31;20;3;6;128;25;8;2;30
4745;VCT 2025: Americas Stage 1;Group Stage;Week 4;kiNgg;LEVIATÃN;67;69;169;71;0,69;109;54;4;9;18;0,26;0,25;1/4;16;36;51;27;6;12;128;25;8;2;30
4746;VCT 2025: Americas Stage 1;Group Stage;Week 4;C0M;LEVIATÃN;67;92;159;89;0,73;109;58;27;6;1;0,28;0,17;2/12;17;39;44;18;4;1;115;25;8;2;30
4747;VCT 2025: Americas Stage 1;Group Stage;Week 4;tex;LEVIATÃN;23;73;142;8;0,57;91;52;13;13;13;0,38;0,2;1/5;12;12;15;3;3;3;114;25;8;2;30
4748;VCT 2025: Americas Stage 1;Group Stage;Week 4;tex;LEVIATÃN;44;11;228;106;0,8;149;77;34;14;7;0,4;0,14;1/7;23;34;32;15;6;3;114;25;8;2;30
4749;VCT 2025: Americas Stage 1;Group Stage;Week 4;tex;LEVIATÃN;67;97;199;98;0,72;129;69;27;13;9;0,4;0,17;2/12;23;46;47;18;9;6;114;25;8;2;30
4750;VCT 2025: Americas Stage 1;Group Stage;Week 4;cortezia;MIBR;18;107;231;10;0,78;162;83;17;11;11;0,41;0,5;1/2;15;15;15;3;2;2;53;4;8;2;30
4751;VCT 2025: Americas Stage 1;Group Stage;Week 4;cortezia;MIBR;37;96;180;10;0,73;128;68;14;5;11;0,39;0,5;1/2;15;25;25;5;2;4;53;4;8;2;30
4752;VCT 2025: Americas Stage 1;Group Stage;Week 4;aspas;MIBR;37;145;293;17;0,81;200;105;14;27;11;0,26;0,33;1/3;23;39;23;5;10;4;12;4;8;2;30
4753;VCT 2025: Americas Stage 1;Group Stage;Week 4;xenom;MIBR;18;111;227;133;0,61;162;89;22;0;11;0,52;0,5;1/2;16;16;12;4;0;2;39;4;8;2;30
4754;VCT 2025: Americas Stage 1;Group Stage;Week 4;xenom;MIBR;37;99;192;104;0,68;135;73;27;8;8;0,46;0,33;1/3;16;27;26;10;3;3;39;4;8;2;30
4755;VCT 2025: Americas Stage 1;Group Stage;Week 4;Verno;MIBR;18;12;246;145;0,78;159;89;28;11;6;0,17;0,25;1/4;16;16;11;5;2;1;13;4;8;2;30
4756;VCT 2025: Americas Stage 1;Group Stage;Week 4;Verno;MIBR;19;195;297;314;0,95;206;116;16;0;0;0,32;0,4;2/5;22;22;7;3;0;0;13;4;8;2;30
4757;VCT 2025: Americas Stage 1;Group Stage;Week 4;Verno;MIBR;37;159;272;211;0,86;183;103;22;5;3;0,26;0,33;3/9;22;38;18;8;2;1;13;4;8;2;30
4758;VCT 2025: Americas Stage 1;Group Stage;Week 4;tuyz;LOUD;65;8;124;67;0,71;84;43;43;2;8;0,37;0,07;1/15;12;28;42;28;1;5;138;32;8;2;30
4759;VCT 2025: Americas Stage 1;Group Stage;Week 4;lukxo;LOUD;23;116;258;124;0,65;172;91;3;17;17;0,22;0,5;1/2;21;21;17;7;4;4;150;32;8;2;30
4760;VCT 2025: Americas Stage 1;Group Stage;Week 4;lukxo;LOUD;24;129;258;129;0,71;178;92;25;21;4;0,35;0,33;1/3;22;22;17;6;5;1;150;32;8;2;30
4761;VCT 2025: Americas Stage 1;Group Stage;Week 4;lukxo;LOUD;65;121;273;124;0,66;181;94;25;18;9;0,27;0,4;2/5;22;61;49;16;12;6;150;32;8;2;30
4762;VCT 2025: Americas Stage 1;Group Stage;Week 4;FiNESSE;Mega Minors;18;86;142;92;0,5;81;61;11;6;6;0,19;0,33;1/3;11;11;12;2;1;1;228;8;8;2;30
4763;VCT 2025: Americas Stage 1;Group Stage;Week 4;FiNESSE;Mega Minors;37;66;126;64;0,54;83;49;14;5;5;0,17;0,2;1/5;11;18;28;5;2;2;228;8;8;2;30
4764;VCT 2025: Americas Stage 1;Group Stage;Week 4;Asuna;100 Thieves;19;102;180;10;0,89;126;58;68;5;0;0,18;1;1/1;11;11;11;13;1;0;126;26;8;2;30
4765;VCT 2025: Americas Stage 1;Group Stage;Week 4;Asuna;100 Thieves;28;121;194;106;0,79;129;64;43;7;11;0,19;0,5;1/2;18;18;17;12;2;3;126;26;8;2;30
4766;VCT 2025: Americas Stage 1;Group Stage;Week 4;Asuna;100 Thieves;47;113;187;104;0,83;128;62;53;6;6;0,19;0,67;2/3;18;29;28;25;3;3;126;26;8;2;30
4767;VCT 2025: Americas Stage 1;Group Stage;Week 4;eeiu;100 Thieves;47;91;166;83;0,72;112;53;3;2;9;0,28;0,11;1/9;13;25;30;14;1;4;125;26;8;2;30
4768;VCT 2025: Americas Stage 1;Group Stage;Week 4;PxS;2Game Esports;47;77;162;69;0,79;102;53;6;11;13;0,28;0,33;2/6;14;25;36;28;5;6;234;30;8;2;30
4769;VCT 2025: Americas Stage 1;Group Stage;Week 4;lz;2Game Esports;19;9;189;87;0,74;118;68;26;16;5;0,35;0,5;1/2;13;13;15;5;3;1;136;30;8;2;30
4770;VCT 2025: Americas Stage 1;Group Stage;Week 4;lz;2Game Esports;47;97;206;106;0,81;124;79;36;11;6;0,44;0,25;1/4;24;37;35;17;5;3;136;30;8;2;30
4771;VCT 2025: Americas Stage 1;Group Stage;Week 4;gobera;2Game Esports;47;76;152;76;0,68;117;53;28;0;15;0,22;0,13;1/8;19;25;33;13;0;7;133;30;8;2;30
4772;VCT 2025: Americas Stage 1;Group Stage;Week 5;pANcada;LOUD;48;129;241;128;0,77;163;85;42;19;6;0,33;0,22;2/9;27;41;32;20;9;3;140;32;8;2;31
4773;VCT 2025: Americas Stage 1;Group Stage;Week 5;pANcada;LOUD;74;151;275;167;0,81;187;101;43;16;4;0,33;0,15;2/13;34;75;45;32;12;3;140;32;8;2;31
4774;VCT 2025: Americas Stage 1;Group Stage;Week 5;tuyz;LOUD;48;11;192;103;0,75;126;67;46;4;0;0,33;0,1;1/10;16;32;31;22;2;0;138;32;8;2;31
4775;VCT 2025: Americas Stage 1;Group Stage;Week 5;tuyz;LOUD;74;102;183;96;0,77;121;65;43;4;1;0,32;0,07;1/15;16;48;50;32;3;1;138;32;8;2;31
4776;VCT 2025: Americas Stage 1;Group Stage;Week 5;dgzin;LOUD;24;75;182;94;0,67;126;67;17;4;17;0,2;0,5;1/2;16;16;17;4;1;4;236;32;8;2;31
4777;VCT 2025: Americas Stage 1;Group Stage;Week 5;dgzin;LOUD;74;68;153;75;0,62;98;54;18;11;24;0,25;0,25;1/4;16;40;53;13;8;18;236;32;8;2;31
4778;VCT 2025: Americas Stage 1;Group Stage;Week 5;lukxo;LOUD;24;129;266;15;0,75;165;10;21;25;17;0,26;0,33;1/3;24;24;16;5;6;4;150;32;8;2;31
4779;VCT 2025: Americas Stage 1;Group Stage;Week 5;lukxo;LOUD;74;117;260;128;0,66;161;92;27;14;12;0,29;0,17;1/6;27;68;53;20;10;9;150;32;8;2;31
4780;VCT 2025: Americas Stage 1;Group Stage;Week 5;bang;Sentinels;18;123;181;118;0,83;121;72;44;0;6;0,34;1;2/2;13;13;11;8;0;1;47;9;8;2;31
4781;VCT 2025: Americas Stage 1;Group Stage;Week 5;bang;Sentinels;35;158;268;184;0,86;163;10;51;14;9;0,38;1;2/2;22;35;19;18;5;3;47;9;8;2;31
4782;VCT 2025: Americas Stage 1;Group Stage;Week 5;johnqt;Sentinels;18;111;139;113;0,89;112;5;28;6;0;0,39;0,25;1/4;9;9;8;5;1;0;48;9;8;2;31
4783;VCT 2025: Americas Stage 1;Group Stage;Week 5;johnqt;Sentinels;35;139;178;157;0,91;126;63;74;6;3;0,33;0,2;1/5;13;22;14;26;2;1;48;9;8;2;31
4784;VCT 2025: Americas Stage 1;Group Stage;Week 5;zekken;Sentinels;18;206;384;236;0,94;247;144;28;33;0;0,28;1;1/1;26;26;11;5;6;0;42;9;8;2;31
4785;VCT 2025: Americas Stage 1;Group Stage;Week 5;zekken;Sentinels;35;19;348;256;0,91;228;131;29;26;6;0,34;1;1/1;26;46;18;10;9;2;42;9;8;2;31
4786;VCT 2025: Americas Stage 1;Group Stage;Week 5;supamen;Evil Geniuses;26;92;189;95;0,73;114;69;23;12;4;0,49;0,14;1/7;18;18;19;6;3;1;127;28;8;2;31
4787;VCT 2025: Americas Stage 1;Group Stage;Week 5;supamen;Evil Geniuses;74;95;201;104;0,7;126;74;18;11;5;0,4;0,09;1/11;23;55;53;13;8;4;127;28;8;2;31
4788;VCT 2025: Americas Stage 1;Group Stage;Week 5;NaturE;Evil Geniuses;24;83;161;76;0,63;116;54;29;4;4;0,2;0,25;1/4;13;13;17;7;1;1;146;28;8;2;31
4789;VCT 2025: Americas Stage 1;Group Stage;Week 5;NaturE;Evil Geniuses;24;66;145;63;0,58;101;5;29;4;13;0,22;0,67;2/3;12;12;19;7;1;3;146;28;8;2;31
4790;VCT 2025: Americas Stage 1;Group Stage;Week 5;NaturE;Evil Geniuses;26;87;172;74;0,73;123;54;35;8;8;0,21;0,33;1/3;14;14;19;9;2;2;146;28;8;2;31
4791;VCT 2025: Americas Stage 1;Group Stage;Week 5;NaturE;Evil Geniuses;74;79;159;71;0,65;113;53;31;5;8;0,21;0,4;4/10;14;39;55;23;4;6;146;28;8;2;31
4792;VCT 2025: Americas Stage 1;Group Stage;Week 5;icy;Evil Geniuses;26;82;196;77;0,73;123;65;23;12;19;0,41;0,5;1/2;17;17;22;6;3;5;143;28;8;2;31
4793;VCT 2025: Americas Stage 1;Group Stage;Week 5;icy;Evil Geniuses;74;99;218;95;0,78;152;76;22;12;18;0,28;0,14;1/7;22;56;59;16;9;13;143;28;8;2;31
4794;VCT 2025: Americas Stage 1;Group Stage;Week 5;Derrek;Evil Geniuses;74;99;173;94;0,68;128;62;23;4;9;0,25;0,31;4/13;22;46;49;17;3;7;142;28;8;2;31
4795;VCT 2025: Americas Stage 1;Group Stage;Week 5;v1c;Cloud9;17;113;159;111;0,76;114;59;47;0;12;0,24;0,5;2/4;10;10;9;8;0;2;120;27;8;2;31
4796;VCT 2025: Americas Stage 1;Group Stage;Week 5;v1c;Cloud9;59;105;174;92;0,71;125;58;41;0;7;0,26;0,11;2/18;12;34;37;24;0;4;120;27;8;2;31
4797;VCT 2025: Americas Stage 1;Group Stage;Week 5;mitch;Cloud9;17;117;226;118;0,76;160;76;71;6;0;0,22;1;1/1;13;13;11;12;1;0;123;27;8;2;31
4798;VCT 2025: Americas Stage 1;Group Stage;Week 5;mitch;Cloud9;24;128;258;118;0,71;189;83;33;8;4;0,27;0,17;1/6;20;20;17;8;2;1;123;27;8;2;31
4799;VCT 2025: Americas Stage 1;Group Stage;Week 5;mitch;Cloud9;59;107;208;105;0,71;149;71;44;8;5;0,23;0,25;2/8;20;42;40;26;5;3;123;27;8;2;31
4800;VCT 2025: Americas Stage 1;Group Stage;Week 5;neT;Cloud9;41;105;187;124;0,76;119;76;2;1;1;0,36;0,5;1/2;16;31;25;8;4;4;121;27;8;2;31
4801;VCT 2025: Americas Stage 1;Group Stage;Week 5;neT;Cloud9;59;10;194;113;0,75;123;75;19;1;8;0,31;0,25;1/4;16;44;39;11;6;5;121;27;8;2;31
4802;VCT 2025: Americas Stage 1;Group Stage;Week 5;valyn;G2 Esports;18;114;234;125;0,78;158;83;28;6;11;0,22;0,5;1/2;15;15;12;5;1;2;35;3;8;2;31
4803;VCT 2025: Americas Stage 1;Group Stage;Week 5;valyn;G2 Esports;59;95;189;88;0,8;131;64;42;7;5;0,2;0,13;1/8;16;38;43;25;4;3;35;3;8;2;31
4804;VCT 2025: Americas Stage 1;Group Stage;Week 5;leaf;G2 Esports;18;143;276;173;0,83;172;106;17;17;11;0,19;0,5;1/2;19;19;11;3;3;2;8;3;8;2;31
4805;VCT 2025: Americas Stage 1;Group Stage;Week 5;leaf;G2 Esports;59;105;212;107;0,75;128;75;29;8;1;0,21;0,13;1/8;19;44;41;17;5;6;8;3;8;2;31
4806;VCT 2025: Americas Stage 1;Group Stage;Week 5;trent;G2 Esports;59;124;205;126;0,78;142;75;42;7;5;0,27;0,3;3/10;22;44;35;25;4;3;9;3;8;2;31
4807;VCT 2025: Americas Stage 1;Group Stage;Week 5;PxS;2Game Esports;17;52;127;47;0,53;81;41;6;12;6;0,44;0,2;1/5;7;7;15;1;2;1;234;30;8;2;31
4808;VCT 2025: Americas Stage 1;Group Stage;Week 5;PxS;2Game Esports;35;73;152;68;0,66;105;54;14;9;11;0,32;0,13;1/8;12;19;28;5;3;4;234;30;8;2;31
4809;VCT 2025: Americas Stage 1;Group Stage;Week 5;silentzz;2Game Esports;17;62;170;64;0,47;122;53;12;0;18;0,44;1;1/1;9;9;14;2;0;3;134;30;8;2;31
4810;VCT 2025: Americas Stage 1;Group Stage;Week 5;silentzz;2Game Esports;18;61;152;6;0,67;109;5;39;6;22;0,37;0,25;1/4;9;9;15;7;1;4;134;30;8;2;31
4811;VCT 2025: Americas Stage 1;Group Stage;Week 5;silentzz;2Game Esports;35;62;161;62;0,57;115;51;26;3;2;0,4;0,4;2/5;9;18;29;9;1;7;134;30;8;2;31
4812;VCT 2025: Americas Stage 1;Group Stage;Week 5;Askia;2Game Esports;35;76;166;75;0,54;112;6;9;14;9;0,35;0,2;1/5;14;21;28;3;5;3;232;30;8;2;31
4813;VCT 2025: Americas Stage 1;Group Stage;Week 5;Ethan;Mega Minors;28;132;244;133;0,75;157;86;39;4;4;0,25;0,5;1/2;24;24;18;11;1;1;31;8;8;2;31
4814;VCT 2025: Americas Stage 1;Group Stage;Week 5;Ethan;Mega Minors;21;134;198;136;0,81;140;71;62;0;14;0,27;1;1/1;15;15;11;13;0;3;31;8;8;2;31
4815;VCT 2025: Americas Stage 1;Group Stage;Week 5;Ethan;Mega Minors;49;133;221;134;0,78;150;8;49;2;8;0,26;0,67;2/3;24;39;29;24;1;4;31;8;8;2;31
4816;VCT 2025: Americas Stage 1;Group Stage;Week 5;s0m;Mega Minors;28;107;161;93;0,82;108;5;54;4;4;0,3;0,5;2/4;14;14;15;15;1;1;28;8;8;2;31
4817;VCT 2025: Americas Stage 1;Group Stage;Week 5;s0m;Mega Minors;49;118;184;115;0,86;124;61;41;6;2;0,36;0,25;2/8;16;30;26;20;3;1;28;8;8;2;31
4818;VCT 2025: Americas Stage 1;Group Stage;Week 5;Melser;KRÃœ Esports;23;111;214;113;0,74;141;74;22;13;4;0,33;0,33;1/3;17;17;15;5;3;1;152;29;8;2;31
4819;VCT 2025: Americas Stage 1;Group Stage;Week 5;Melser;KRÃœ Esports;45;101;204;11;0,78;125;71;16;11;4;0,29;0,17;1/6;17;32;29;7;5;2;152;29;8;2;31
4820;VCT 2025: Americas Stage 1;Group Stage;Week 5;keznit;KRÃœ Esports;22;104;246;133;0,73;169;91;5;18;14;0,27;0,5;1/2;20;20;15;1;4;3;144;29;8;2;31
4821;VCT 2025: Americas Stage 1;Group Stage;Week 5;keznit;KRÃœ Esports;45;102;234;115;0,69;157;84;9;22;18;0,25;0,5;1/2;20;38;33;4;10;8;144;29;8;2;31
4822;VCT 2025: Americas Stage 1;Group Stage;Week 5;adverso;KRÃœ Esports;23;82;140;63;0,78;107;43;35;0;9;0,17;1;1/1;10;10;16;8;0;2;139;29;8;2;31
4823;VCT 2025: Americas Stage 1;Group Stage;Week 5;adverso;KRÃœ Esports;45;104;182;104;0,73;127;62;22;7;9;0,19;1;1/1;18;28;27;10;3;4;139;29;8;2;31
4824;VCT 2025: Americas Stage 1;Group Stage;Week 5;aspas;MIBR;59;145;290;191;0,76;174;107;5;24;14;0,3;0,33;1/3;25;63;33;3;14;8;12;4;8;2;31
4825;VCT 2025: Americas Stage 1;Group Stage;Week 5;Verno;MIBR;21;146;252;162;0,86;178;10;33;1;1;0,29;0,25;1/4;21;21;13;7;2;2;13;4;8;2;31
4826;VCT 2025: Americas Stage 1;Group Stage;Week 5;Verno;MIBR;59;129;210;141;0,81;140;76;34;8;5;0,28;0,25;1/4;21;45;32;20;5;3;13;4;8;2;31
4827;VCT 2025: Americas Stage 1;Group Stage;Week 5;heat;FURIA;22;127;239;125;0,77;169;91;23;0;0;0,41;0,33;1/3;20;20;16;5;0;0;149;31;8;2;31
4828;VCT 2025: Americas Stage 1;Group Stage;Week 5;heat;FURIA;59;88;172;84;0,63;124;64;15;2;5;0,38;0,14;1/7;20;38;45;9;1;3;149;31;8;2;31
4829;VCT 2025: Americas Stage 1;Group Stage;Week 5;Khalil;FURIA;43;10;180;93;0,72;119;65;16;5;12;0,34;0,29;2/7;20;28;30;7;2;5;230;31;8;2;31
4830;VCT 2025: Americas Stage 1;Group Stage;Week 5;Khalil;FURIA;59;9;176;84;0,71;115;61;17;5;8;0,3;0,18;2/11;20;36;43;10;3;5;230;31;8;2;31
4831;VCT 2025: Americas Stage 1;Group Stage;Week 5;pryze;FURIA;22;156;292;164;0,77;197;105;36;5;0;0,24;0,5;3/6;23;23;14;8;1;0;148;31;8;2;31
4832;VCT 2025: Americas Stage 1;Group Stage;Week 5;pryze;FURIA;59;107;201;102;0,68;139;73;25;3;3;0,21;0,3;3/10;23;43;42;15;2;2;148;31;8;2;31
4833;VCT 2025: Americas Stage 1;Group Stage;Week 5;Cryocells;100 Thieves;22;103;195;10;0,64;144;77;14;14;14;0,33;0,33;1/3;17;17;17;3;3;3;124;26;8;2;31
4834;VCT 2025: Americas Stage 1;Group Stage;Week 5;Cryocells;100 Thieves;45;10;200;106;0,71;140;76;13;11;11;0,39;0,2;1/5;17;34;32;6;5;5;124;26;8;2;31
4835;VCT 2025: Americas Stage 1;Group Stage;Week 5;Asuna;100 Thieves;22;108;224;10;0,59;148;82;14;5;18;0,29;0,33;1/3;18;18;18;3;1;4;126;26;8;2;31
4836;VCT 2025: Americas Stage 1;Group Stage;Week 5;Asuna;100 Thieves;45;99;242;97;0,62;158;84;16;18;18;0,27;0,25;1/4;20;38;39;7;8;8;126;26;8;2;31
4837;VCT 2025: Americas Stage 1;Group Stage;Week 5;eeiu;100 Thieves;22;128;223;121;0,86;146;77;36;5;0;0,27;0,14;1/7;17;17;14;8;1;0;125;26;8;2;31
4838;VCT 2025: Americas Stage 1;Group Stage;Week 5;eeiu;100 Thieves;23;131;190;131;0,87;153;74;17;4;4;0,36;0,14;1/7;17;17;13;4;1;1;125;26;8;2;31
4839;VCT 2025: Americas Stage 1;Group Stage;Week 5;eeiu;100 Thieves;45;13;206;126;0,87;149;76;27;4;2;0,31;0,14;2/14;17;34;27;12;2;1;125;26;8;2;31
4840;VCT 2025: Americas Stage 1;Group Stage;Week 5;Rossy;LEVIATÃN;28;66;163;71;0,64;94;54;36;7;18;0,17;0,33;1/3;15;15;21;10;2;5;231;25;8;2;31
4841;VCT 2025: Americas Stage 1;Group Stage;Week 5;Rossy;LEVIATÃN;49;62;150;56;0,69;94;45;55;8;14;0,18;0,33;1/3;15;22;39;27;4;7;231;25;8;2;31
4842;VCT 2025: Americas Stage 1;Group Stage;Week 5;Demon1;LEVIATÃN;28;116;162;127;0,71;109;68;29;11;0;0,45;0,17;1/6;19;19;15;8;3;0;66;25;8;2;31
4843;VCT 2025: Americas Stage 1;Group Stage;Week 5;Demon1;LEVIATÃN;21;84;209;94;0,71;139;76;14;24;14;0,36;0,5;1/2;16;16;17;3;5;3;66;25;8;2;31
4844;VCT 2025: Americas Stage 1;Group Stage;Week 5;Demon1;LEVIATÃN;49;102;186;109;0,71;122;71;22;16;6;0,4;0,25;2/8;19;35;32;11;8;3;66;25;8;2;31
4845;VCT 2025: Americas Stage 1;Group Stage;Week 5;tex;LEVIATÃN;28;7;145;74;0,64;108;5;21;4;21;0,25;0,33;1/3;14;14;19;6;1;6;114;25;8;2;31
4846;VCT 2025: Americas Stage 1;Group Stage;Week 5;tex;LEVIATÃN;49;84;178;89;0,71;128;63;16;2;16;0,3;0,25;1/4;17;31;35;8;1;8;114;25;8;2;31
4847;VCT 2025: Americas Stage 1;Group Stage;Week 5;kiNgg;LEVIATÃN;21;109;211;107;0,71;142;76;19;5;1;0,45;0,25;2/8;16;16;15;4;1;2;128;25;8;2;31
4848;VCT 2025: Americas Stage 1;Group Stage;Week 5;kiNgg;LEVIATÃN;49;108;216;109;0,69;138;78;27;12;1;0,3;0,2;2/10;22;38;35;13;6;5;128;25;8;2;31
4849;VCT 2025: Americas Stage 1;All Stages;All Match Types;s0m;Mega Minors;81;93;161;8;0,81;108;53;6;7;1;0,27;0,2;2/10;14;43;54;49;6;8;28;8;8;3;25
4850;VCT 2025: Americas Stage 1;All Stages;All Match Types;s0m;Mega Minors;118;108;221;115;0,75;150;82;37;8;11;0,31;0,13;2/16;25;97;84;44;10;13;28;8;8;3;25
4851;VCT 2025: Americas Stage 1;All Stages;All Match Types;s0m;Mega Minors;275;109;203;108;0,8;136;72;45;8;9;0,3;0,11;4/35;25;199;184;125;21;24;28;8;8;3;25
4852;VCT 2025: Americas Stage 1;All Stages;All Match Types;Ethan;Mega Minors;161;107;192;10;0,8;126;68;38;7;4;0,2;0,2;2/10;24;110;110;61;11;7;31;8;8;3;25
4853;VCT 2025: Americas Stage 1;All Stages;All Match Types;Ethan;Mega Minors;40;121;205;112;0,83;136;7;6;3;1;0,23;0,5;1/2;15;28;25;24;1;4;31;8;8;3;25
4854;VCT 2025: Americas Stage 1;All Stages;All Match Types;Ethan;Mega Minors;275;107;200;101;0,77;128;69;37;8;7;0,22;0,17;3/18;24;191;189;103;23;18;31;8;8;3;25
4855;VCT 2025: Americas Stage 1;All Stages;All Match Types;FiNESSE;Mega Minors;143;73;152;64;0,64;104;47;31;6;13;0,18;0,04;1/28;13;67;104;44;9;18;228;8;8;3;25
4856;VCT 2025: Americas Stage 1;All Stages;All Match Types;FiNESSE;Mega Minors;76;75;134;73;0,7;92;5;18;5;7;0,2;0,11;1/9;13;38;52;14;4;5;228;8;8;3;25
4857;VCT 2025: Americas Stage 1;All Stages;All Match Types;FiNESSE;Mega Minors;56;9;170;75;0,71;121;54;36;9;2;0,22;0,17;2/12;15;30;40;20;5;1;228;8;8;3;25
4858;VCT 2025: Americas Stage 1;All Stages;All Match Types;FiNESSE;Mega Minors;275;77;151;69;0,67;104;49;28;7;9;0,19;0,08;4/49;15;135;196;78;18;24;228;8;8;3;25
4859;VCT 2025: Americas Stage 1;All Stages;All Match Types;brawk;Mega Minors;93;10;183;97;0,75;126;65;32;3;8;0,18;0,07;1/14;15;60;62;30;3;7;30;8;8;3;25
4860;VCT 2025: Americas Stage 1;All Stages;All Match Types;brawk;Mega Minors;161;95;181;95;0,75;124;66;29;4;6;0,2;0,05;1/19;19;106;111;47;7;10;30;8;8;3;25
4861;VCT 2025: Americas Stage 1;All Stages;All Match Types;brawk;Mega Minors;275;99;185;98;0,75;127;67;31;4;7;0,19;0,06;2/35;19;183;186;84;12;18;30;8;8;3;25
4862;VCT 2025: Americas Stage 1;All Stages;All Match Types;mada;Mega Minors;95;107;235;11;0,69;152;8;19;23;19;0,24;0,13;1/8;18;76;69;18;22;18;29;8;8;3;25
4863;VCT 2025: Americas Stage 1;All Stages;All Match Types;mada;Mega Minors;275;111;240;111;0,69;160;82;22;23;2;0,25;0,05;1/20;26;225;202;61;64;54;29;8;8;3;25
4864;VCT 2025: Americas Stage 1;All Stages;All Match Types;pANcada;LOUD;73;138;272;148;0,74;182;101;32;8;4;0,34;0,1;1/10;34;74;50;23;6;3;140;32;8;3;25
4865;VCT 2025: Americas Stage 1;All Stages;All Match Types;pANcada;LOUD;16;149;217;157;1;155;69;69;13;13;0,29;0,5;1/2;11;11;7;11;2;2;140;32;8;3;25
4866;VCT 2025: Americas Stage 1;All Stages;All Match Types;pANcada;LOUD;194;101;196;96;0,73;133;68;36;1;7;0,32;0,06;2/33;27;131;137;70;19;13;140;32;8;3;25
4867;VCT 2025: Americas Stage 1;All Stages;All Match Types;pANcada;LOUD;307;115;215;114;0,75;148;77;35;9;7;0,32;0,08;4/53;34;235;207;107;28;20;140;32;8;3;25
4868;VCT 2025: Americas Stage 1;All Stages;All Match Types;tuyz;LOUD;113;92;151;82;0,73;102;53;44;3;4;0,35;0,08;2/25;16;60;73;50;3;5;138;32;8;3;25
4869;VCT 2025: Americas Stage 1;All Stages;All Match Types;tuyz;LOUD;57;87;157;88;0,72;106;53;28;5;9;0,31;0,22;2/9;13;30;34;16;3;5;138;32;8;3;25
4870;VCT 2025: Americas Stage 1;All Stages;All Match Types;tuyz;LOUD;23;73;218;84;0,57;149;7;17;17;9;0,19;0,33;1/3;16;16;19;4;4;2;138;32;8;3;25
4871;VCT 2025: Americas Stage 1;All Stages;All Match Types;tuyz;LOUD;24;86;163;88;0,63;126;63;21;0;0;0,28;0,13;1/8;15;15;17;5;0;0;138;32;8;3;25
4872;VCT 2025: Americas Stage 1;All Stages;All Match Types;tuyz;LOUD;243;88;161;85;0,71;111;56;35;5;5;0,3;0,12;6/50;16;137;162;85;11;13;138;32;8;3;25
4873;VCT 2025: Americas Stage 1;All Stages;All Match Types;v1nny;LOUD;120;67;130;57;0,73;84;43;44;3;7;0,32;0,07;1/14;15;52;91;53;3;8;235;32;8;3;25
4874;VCT 2025: Americas Stage 1;All Stages;All Match Types;v1nny;LOUD;168;65;129;57;0,72;86;44;45;2;9;0,28;0,07;1/15;15;74;130;76;4;15;235;32;8;3;25
4875;VCT 2025: Americas Stage 1;All Stages;All Match Types;lukxo;LOUD;37;126;296;146;0,7;186;103;16;19;3;0,29;1;1/1;20;38;26;6;7;1;150;32;8;3;25
4876;VCT 2025: Americas Stage 1;All Stages;All Match Types;lukxo;LOUD;68;122;270;139;0,71;171;10;21;22;15;0,29;0,38;3/8;24;68;49;14;15;10;150;32;8;3;25
4877;VCT 2025: Americas Stage 1;All Stages;All Match Types;lukxo;LOUD;74;117;258;122;0,65;165;89;28;12;8;0,32;0,17;1/6;27;66;54;21;9;6;150;32;8;3;25
4878;VCT 2025: Americas Stage 1;All Stages;All Match Types;lukxo;LOUD;203;123;270;134;0,67;173;96;23;17;9;0,31;0,31;5/16;27;195;145;46;35;18;150;32;8;3;25
4879;VCT 2025: Americas Stage 1;All Stages;All Match Types;cauanzin;LOUD;242;96;183;93;0,69;125;62;23;6;11;0,24;0,23;5/22;18;151;163;55;14;27;145;32;8;3;25
4880;VCT 2025: Americas Stage 1;All Stages;All Match Types;cauanzin;LOUD;307;9;178;87;0,68;122;6;23;6;11;0,23;0,22;5/23;18;184;212;71;17;35;145;32;8;3;25
4881;VCT 2025: Americas Stage 1;All Stages;All Match Types;dgzin;LOUD;62;84;202;85;0,69;128;66;18;13;19;0,24;0,17;1/6;16;41;48;11;8;12;236;32;8;3;25
4882;VCT 2025: Americas Stage 1;All Stages;All Match Types;dgzin;LOUD;307;95;215;10;0,68;136;75;19;19;17;0,3;0,05;1/19;32;230;230;59;59;52;236;32;8;3;25
4883;VCT 2025: Americas Stage 1;All Stages;All Match Types;Demon1;LEVIATÃN;52;12;216;124;0,77;141;79;37;8;8;0,41;0,13;1/8;22;41;33;19;4;4;66;25;8;3;25
4884;VCT 2025: Americas Stage 1;All Stages;All Match Types;Demon1;LEVIATÃN;41;95;230;10;0,71;150;83;12;22;2;0,39;0,33;1/3;18;34;34;5;9;8;66;25;8;3;25
4885;VCT 2025: Americas Stage 1;All Stages;All Match Types;Demon1;LEVIATÃN;23;114;262;122;0,65;172;96;13;17;17;0,26;0,33;1/3;22;22;18;3;4;4;66;25;8;3;25
4886;VCT 2025: Americas Stage 1;All Stages;All Match Types;Demon1;LEVIATÃN;74;96;194;88;0,69;126;66;41;8;11;0,4;0,06;1/16;16;49;56;30;6;8;66;25;8;3;25
4887;VCT 2025: Americas Stage 1;All Stages;All Match Types;Demon1;LEVIATÃN;229;105;209;106;0,72;139;76;29;12;11;0,38;0,11;4/36;22;175;165;66;27;25;66;25;8;3;25
4888;VCT 2025: Americas Stage 1;All Stages;All Match Types;Rossy;LEVIATÃN;136;95;204;95;0,73;126;71;38;5;9;0,28;0,06;1/17;19;97;102;51;7;12;231;25;8;3;25
4889;VCT 2025: Americas Stage 1;All Stages;All Match Types;Rossy;LEVIATÃN;39;103;186;96;0,72;129;69;21;5;1;0,4;0,5;2/4;14;27;28;8;2;4;231;25;8;3;25
4890;VCT 2025: Americas Stage 1;All Stages;All Match Types;Rossy;LEVIATÃN;229;87;175;83;0,71;115;62;37;6;1;0,29;0,14;3/22;19;143;173;85;13;23;231;25;8;3;25
4891;VCT 2025: Americas Stage 1;All Stages;All Match Types;tex;LEVIATÃN;64;71;157;76;0,64;104;55;16;11;9;0,45;0,2;2/10;14;35;46;10;7;6;114;25;8;3;25
4892;VCT 2025: Americas Stage 1;All Stages;All Match Types;tex;LEVIATÃN;107;105;219;11;0,79;139;74;25;1;9;0,34;0,13;2/15;23;79;72;27;11;10;114;25;8;3;25
4893;VCT 2025: Americas Stage 1;All Stages;All Match Types;tex;LEVIATÃN;229;95;198;98;0,7;132;69;18;11;1;0,38;0,13;4/31;23;159;163;41;26;24;114;25;8;3;25
4894;VCT 2025: Americas Stage 1;All Stages;All Match Types;C0M;LEVIATÃN;18;9;150;82;0,83;103;5;67;0;11;0,2;0,5;1/2;9;9;11;12;0;2;115;25;8;3;25
4895;VCT 2025: Americas Stage 1;All Stages;All Match Types;C0M;LEVIATÃN;174;99;179;94;0,79;120;62;28;5;5;0,25;0,17;4/24;21;108;115;49;8;8;115;25;8;3;25
4896;VCT 2025: Americas Stage 1;All Stages;All Match Types;C0M;LEVIATÃN;229;93;170;86;0,76;118;59;28;4;5;0,25;0,16;5/31;21;135;157;65;10;11;115;25;8;3;25
4897;VCT 2025: Americas Stage 1;All Stages;All Match Types;kiNgg;LEVIATÃN;43;79;173;77;0,67;117;56;47;7;14;0,28;0,33;1/3;16;24;31;20;3;6;128;25;8;3;25
4898;VCT 2025: Americas Stage 1;All Stages;All Match Types;kiNgg;LEVIATÃN;21;109;211;107;0,71;142;76;19;5;1;0,45;0,25;2/8;16;16;15;4;1;2;128;25;8;3;25
4899;VCT 2025: Americas Stage 1;All Stages;All Match Types;kiNgg;LEVIATÃN;229;89;189;89;0,69;123;65;24;14;17;0,28;0,16;3/19;22;148;167;56;31;38;128;25;8;3;25
4900;VCT 2025: Americas Stage 1;All Stages;All Match Types;Melser;KRÃœ Esports;39;125;208;115;0,79;150;77;54;1;5;0,26;0,22;2/9;18;30;26;21;4;2;152;29;8;3;25
4901;VCT 2025: Americas Stage 1;All Stages;All Match Types;Melser;KRÃœ Esports;39;94;198;9;0,72;124;72;21;13;5;0,23;0,14;1/7;17;28;31;8;5;2;152;29;8;3;25
4902;VCT 2025: Americas Stage 1;All Stages;All Match Types;Melser;KRÃœ Esports;141;95;169;88;0,73;106;58;38;8;11;0,24;0,13;2/15;17;82;93;53;11;16;152;29;8;3;25
4903;VCT 2025: Americas Stage 1;All Stages;All Match Types;Melser;KRÃœ Esports;323;96;178;89;0,76;118;62;36;8;9;0,25;0,11;5/44;18;199;223;117;27;29;152;29;8;3;25
4904;VCT 2025: Americas Stage 1;All Stages;All Match Types;Mazino;KRÃœ Esports;104;109;224;118;0,77;152;84;21;9;12;0,29;0,33;3/9;23;87;74;22;9;12;130;29;8;3;25
4905;VCT 2025: Americas Stage 1;All Stages;All Match Types;Mazino;KRÃœ Esports;39;128;256;113;0,74;156;9;33;15;1;0,27;0,2;1/5;18;35;31;13;6;4;130;29;8;3;25
4906;VCT 2025: Americas Stage 1;All Stages;All Match Types;Mazino;KRÃœ Esports;323;105;213;101;0,77;139;75;35;8;9;0,27;0,12;4/33;23;243;241;114;25;28;130;29;8;3;25
4907;VCT 2025: Americas Stage 1;All Stages;All Match Types;Shyy;KRÃœ Esports;104;109;178;124;0,74;119;7;13;7;6;0,24;0,08;1/12;22;73;59;14;7;6;129;29;8;3;25
4908;VCT 2025: Americas Stage 1;All Stages;All Match Types;Shyy;KRÃœ Esports;23;138;211;15;0,78;151;78;39;9;4;0,28;0,33;1/3;18;18;12;9;2;1;129;29;8;3;25
4909;VCT 2025: Americas Stage 1;All Stages;All Match Types;Shyy;KRÃœ Esports;123;114;206;124;0,69;144;8;16;7;4;0,28;0,18;5/28;26;98;79;20;8;5;129;29;8;3;25
4910;VCT 2025: Americas Stage 1;All Stages;All Match Types;Shyy;KRÃœ Esports;323;11;190;12;0,72;130;73;19;7;6;0,25;0,15;7/48;26;236;197;62;23;19;129;29;8;3;25
4911;VCT 2025: Americas Stage 1;All Stages;All Match Types;keznit;KRÃœ Esports;127;119;256;13;0,74;159;91;18;25;11;0,19;0,25;4/16;25;116;89;23;32;14;144;29;8;3;25
4912;VCT 2025: Americas Stage 1;All Stages;All Match Types;keznit;KRÃœ Esports;110;107;228;104;0,68;146;78;35;24;16;0,25;0,17;1/6;20;86;83;38;26;18;144;29;8;3;25
4913;VCT 2025: Americas Stage 1;All Stages;All Match Types;keznit;KRÃœ Esports;323;111;239;112;0,71;153;84;25;24;15;0,23;0,19;5/27;25;271;242;80;76;50;144;29;8;3;25
4914;VCT 2025: Americas Stage 1;All Stages;All Match Types;adverso;KRÃœ Esports;162;102;181;10;0,69;123;63;3;7;7;0,2;0,17;2/12;18;102;102;48;11;11;139;29;8;3;25
4915;VCT 2025: Americas Stage 1;All Stages;All Match Types;adverso;KRÃœ Esports;161;73;152;67;0,71;110;49;23;5;1;0,19;0,21;3/14;16;79;118;37;8;16;139;29;8;3;25
4916;VCT 2025: Americas Stage 1;All Stages;All Match Types;adverso;KRÃœ Esports;323;88;167;82;0,7;117;56;26;6;8;0,2;0,19;5/26;18;181;220;85;19;27;139;29;8;3;25
4917;VCT 2025: Americas Stage 1;All Stages;All Match Types;v1c;Cloud9;104;119;189;123;0,81;118;71;4;8;11;0,36;0,12;2/17;20;74;60;42;8;11;120;27;8;3;25
4918;VCT 2025: Americas Stage 1;All Stages;All Match Types;v1c;Cloud9;177;119;220;12;0,76;139;77;46;8;8;0,35;0,24;7/29;27;137;114;82;15;14;120;27;8;3;25
4919;VCT 2025: Americas Stage 1;All Stages;All Match Types;v1c;Cloud9;46;85;178;76;0,65;127;54;2;2;7;0,28;0,08;1/13;13;25;33;9;1;3;120;27;8;3;25
4920;VCT 2025: Americas Stage 1;All Stages;All Match Types;v1c;Cloud9;367;115;203;114;0,77;130;73;43;8;8;0,34;0,16;10/64;27;267;234;158;28;30;120;27;8;3;25
4921;VCT 2025: Americas Stage 1;All Stages;All Match Types;mitch;Cloud9;179;95;182;82;0,73;120;6;51;4;8;0,22;0,24;5/21;22;108;132;91;7;14;123;27;8;3;25
4922;VCT 2025: Americas Stage 1;All Stages;All Match Types;mitch;Cloud9;46;116;196;121;0,65;135;74;37;7;13;0,19;0,4;2/5;25;34;28;17;3;6;123;27;8;3;25
4923;VCT 2025: Americas Stage 1;All Stages;All Match Types;mitch;Cloud9;142;105;194;105;0,77;134;7;31;8;6;0,23;0,36;5/14;23;100;95;44;11;8;123;27;8;3;25
4924;VCT 2025: Americas Stage 1;All Stages;All Match Types;mitch;Cloud9;367;101;188;95;0,74;128;66;41;6;8;0,22;0,3;12/40;25;242;255;152;21;28;123;27;8;3;25
4925;VCT 2025: Americas Stage 1;All Stages;All Match Types;neT;Cloud9;243;88;164;92;0,71;105;6;2;6;8;0,28;0,12;3/25;23;145;157;49;15;19;121;27;8;3;25
4926;VCT 2025: Americas Stage 1;All Stages;All Match Types;neT;Cloud9;21;106;174;117;0,76;118;67;14;1;0;0,3;0,33;1/3;14;14;12;3;2;0;121;27;8;3;25
4927;VCT 2025: Americas Stage 1;All Stages;All Match Types;neT;Cloud9;367;85;170;88;0,7;107;61;19;8;8;0,29;0,1;4/41;23;223;252;68;28;28;121;27;8;3;25
4928;VCT 2025: Americas Stage 1;All Stages;All Match Types;OXY;Cloud9;191;105;250;106;0,73;158;86;16;2;17;0,27;0,14;1/7;27;164;155;31;39;32;132;27;8;3;25
4929;VCT 2025: Americas Stage 1;All Stages;All Match Types;OXY;Cloud9;98;92;239;93;0,7;156;8;22;28;24;0,27;0,33;1/3;27;78;84;22;27;24;132;27;8;3;25
4930;VCT 2025: Americas Stage 1;All Stages;All Match Types;OXY;Cloud9;19;44;149;5;0,47;111;47;5;5;21;0,25;1;1/1;9;9;18;1;1;4;132;27;8;3;25
4931;VCT 2025: Americas Stage 1;All Stages;All Match Types;OXY;Cloud9;367;99;236;101;0,71;151;82;19;21;19;0,27;0,21;3/14;27;300;297;69;78;70;132;27;8;3;25
4932;VCT 2025: Americas Stage 1;All Stages;All Match Types;Xeppaa;Cloud9;138;97;191;97;0,74;126;66;21;3;9;0,24;0,42;8/19;22;91;94;29;4;12;119;27;8;3;25
4933;VCT 2025: Americas Stage 1;All Stages;All Match Types;Xeppaa;Cloud9;38;106;202;104;0,76;132;66;26;8;3;0,27;0,2;1/5;14;25;24;10;3;1;119;27;8;3;25
4934;VCT 2025: Americas Stage 1;All Stages;All Match Types;Xeppaa;Cloud9;104;117;223;126;0,75;149;83;28;13;8;0,34;0,22;2/9;20;86;68;29;14;8;119;27;8;3;25
4935;VCT 2025: Americas Stage 1;All Stages;All Match Types;Xeppaa;Cloud9;367;107;206;109;0,73;137;72;26;8;7;0,27;0,26;11/43;22;265;243;96;29;26;119;27;8;3;25
4936;VCT 2025: Americas Stage 1;All Stages;All Match Types;bang;Sentinels;100;113;203;117;0,81;127;76;45;11;7;0,3;0,5;3/6;21;76;65;45;11;7;47;9;8;3;25
4937;VCT 2025: Americas Stage 1;All Stages;All Match Types;bang;Sentinels;330;112;213;118;0,74;130;75;38;1;8;0,36;0,29;7/24;22;247;209;126;34;27;47;9;8;3;25
4938;VCT 2025: Americas Stage 1;All Stages;All Match Types;bang;Sentinels;475;113;213;118;0,76;132;76;4;11;8;0,35;0,29;10/34;22;359;305;189;50;39;47;9;8;3;25
4939;VCT 2025: Americas Stage 1;All Stages;All Match Types;johnqt;Sentinels;118;131;189;145;0,81;122;71;66;3;6;0,32;0,13;2/15;17;84;58;78;4;7;48;9;8;3;25
4940;VCT 2025: Americas Stage 1;All Stages;All Match Types;johnqt;Sentinels;90;97;171;87;0,76;112;58;61;3;6;0,25;0,07;1/15;17;52;60;55;3;5;48;9;8;3;25
4941;VCT 2025: Americas Stage 1;All Stages;All Match Types;johnqt;Sentinels;225;118;205;132;0,8;142;75;26;6;4;0,22;0,08;3/37;22;168;127;58;14;8;48;9;8;3;25
4942;VCT 2025: Americas Stage 1;All Stages;All Match Types;johnqt;Sentinels;475;115;191;119;0,78;128;69;42;4;5;0,25;0,08;6/76;22;327;275;199;21;22;48;9;8;3;25
4943;VCT 2025: Americas Stage 1;All Stages;All Match Types;N4RRATE;Sentinels;101;109;204;108;0,82;127;76;53;7;8;0,23;0,1;1/10;22;77;71;54;7;8;41;9;8;3;25
4944;VCT 2025: Americas Stage 1;All Stages;All Match Types;N4RRATE;Sentinels;120;96;186;83;0,76;118;58;57;7;8;0,17;0,11;1/9;18;69;83;68;8;9;41;9;8;3;25
4945;VCT 2025: Americas Stage 1;All Stages;All Match Types;N4RRATE;Sentinels;95;127;241;128;0,75;170;77;37;8;3;0,27;0,3;3/10;21;73;57;35;8;3;41;9;8;3;25
4946;VCT 2025: Americas Stage 1;All Stages;All Match Types;N4RRATE;Sentinels;113;113;217;115;0,81;150;74;33;13;4;0,25;0,08;1/13;25;84;73;37;15;4;41;9;8;3;25
4947;VCT 2025: Americas Stage 1;All Stages;All Match Types;N4RRATE;Sentinels;475;107;205;103;0,76;137;69;43;8;7;0,23;0,14;6/42;25;327;316;204;40;32;41;9;8;3;25
4948;VCT 2025: Americas Stage 1;All Stages;All Match Types;Zellsis;Sentinels;145;72;144;67;0,64;94;45;26;8;12;0,24;0,13;1/8;15;65;97;38;12;17;122;9;8;3;25
4949;VCT 2025: Americas Stage 1;All Stages;All Match Types;Zellsis;Sentinels;189;96;185;95;0,72;121;66;28;7;1;0,22;0,19;6/31;21;124;130;53;13;18;122;9;8;3;25
4950;VCT 2025: Americas Stage 1;All Stages;All Match Types;Zellsis;Sentinels;475;87;173;87;0,67;114;59;26;8;11;0,24;0,15;7/48;21;281;322;122;40;54;122;9;8;3;25
4951;VCT 2025: Americas Stage 1;All Stages;All Match Types;zekken;Sentinels;90;123;264;131;0,76;165;93;17;28;19;0,27;0,43;3/7;24;84;64;15;25;17;42;9;8;3;25
4952;VCT 2025: Americas Stage 1;All Stages;All Match Types;zekken;Sentinels;98;112;224;125;0,79;138;81;29;13;18;0,29;0,2;1/5;22;79;63;28;13;18;42;9;8;3;25
4953;VCT 2025: Americas Stage 1;All Stages;All Match Types;zekken;Sentinels;243;117;253;128;0,71;156;91;21;22;16;0,28;0,24;4/17;26;220;172;50;53;39;42;9;8;3;25
4954;VCT 2025: Americas Stage 1;All Stages;All Match Types;zekken;Sentinels;475;115;243;123;0,73;151;86;24;2;17;0,28;0,24;8/34;26;409;332;113;97;81;42;9;8;3;25
4955;VCT 2025: Americas Stage 1;All Stages;All Match Types;valyn;G2 Esports;250;112;209;111;0,78;133;76;36;9;5;0,25;0,04;1/28;24;191;172;91;23;13;35;3;8;3;25
4956;VCT 2025: Americas Stage 1;All Stages;All Match Types;valyn;G2 Esports;42;96;199;103;0,67;128;71;17;7;12;0,29;0,5;2/4;15;30;29;7;3;5;35;3;8;3;25
4957;VCT 2025: Americas Stage 1;All Stages;All Match Types;valyn;G2 Esports;347;103;195;108;0,76;125;71;35;7;11;0,23;0,24;8/33;24;248;230;123;24;39;35;3;8;3;25
4958;VCT 2025: Americas Stage 1;All Stages;All Match Types;valyn;G2 Esports;663;105;201;108;0,76;128;74;35;8;9;0,24;0,17;11/65;24;488;450;230;53;59;35;3;8;3;25
4959;VCT 2025: Americas Stage 1;All Stages;All Match Types;JonahP;G2 Esports;366;9;156;8;0,73;101;54;48;6;6;0,19;0,14;6/44;19;196;245;174;23;22;36;3;8;3;25
4960;VCT 2025: Americas Stage 1;All Stages;All Match Types;JonahP;G2 Esports;127;97;177;84;0,79;110;57;56;4;1;0,21;0,07;1/14;19;73;87;71;5;13;36;3;8;3;25
4961;VCT 2025: Americas Stage 1;All Stages;All Match Types;JonahP;G2 Esports;128;99;172;89;0,81;104;55;71;9;5;0,17;0,08;1/12;14;70;79;91;11;6;36;3;8;3;25
4962;VCT 2025: Americas Stage 1;All Stages;All Match Types;JonahP;G2 Esports;663;92;162;82;0,75;103;54;52;7;7;0,19;0,11;8/75;19;359;440;345;45;48;36;3;8;3;25
4963;VCT 2025: Americas Stage 1;All Stages;All Match Types;leaf;G2 Esports;24;99;205;95;0,71;139;75;21;8;13;0,24;0,2;1/5;18;18;19;5;2;3;8;3;8;3;25
4964;VCT 2025: Americas Stage 1;All Stages;All Match Types;leaf;G2 Esports;42;133;282;148;0,79;181;102;12;14;5;0,25;0,25;1/4;24;43;29;5;6;2;8;3;8;3;25
4965;VCT 2025: Americas Stage 1;All Stages;All Match Types;leaf;G2 Esports;219;109;237;118;0,71;151;83;29;14;16;0,21;0,12;2/17;28;181;153;63;31;34;8;3;8;3;25
4966;VCT 2025: Americas Stage 1;All Stages;All Match Types;leaf;G2 Esports;378;116;232;118;0,76;153;81;32;13;7;0,24;0,08;3/40;29;305;259;122;49;26;8;3;8;3;25
4967;VCT 2025: Americas Stage 1;All Stages;All Match Types;leaf;G2 Esports;663;114;236;119;0,74;154;83;29;13;1;0,23;0,11;7/66;29;547;460;195;88;65;8;3;8;3;25
4968;VCT 2025: Americas Stage 1;All Stages;All Match Types;jawgemo;G2 Esports;152;106;218;112;0,72;136;79;18;19;18;0,19;0,25;2/8;25;120;107;27;29;28;10;3;8;3;25
4969;VCT 2025: Americas Stage 1;All Stages;All Match Types;jawgemo;G2 Esports;469;105;229;111;0,72;143;79;23;18;15;0,24;0,13;4/30;27;372;335;110;86;69;10;3;8;3;25
4970;VCT 2025: Americas Stage 1;All Stages;All Match Types;jawgemo;G2 Esports;663;104;222;109;0,72;139;78;23;17;15;0,23;0,15;6/41;27;514;471;150;116;102;10;3;8;3;25
4971;VCT 2025: Americas Stage 1;All Stages;All Match Types;trent;G2 Esports;663;124;213;129;0,79;146;76;33;7;6;0,26;0,27;28/102;28;505;391;222;49;38;9;3;8;3;25
4972;VCT 2025: Americas Stage 1;All Stages;All Match Types;supamen;Evil Geniuses;89;106;206;11;0,67;128;78;28;7;4;0,44;0,23;5/22;21;69;63;25;6;4;127;28;8;3;25
4973;VCT 2025: Americas Stage 1;All Stages;All Match Types;supamen;Evil Geniuses;45;11;196;97;0,71;136;62;6;7;9;0,26;0,25;1/4;16;28;29;27;3;4;127;28;8;3;25
4974;VCT 2025: Americas Stage 1;All Stages;All Match Types;supamen;Evil Geniuses;61;89;180;83;0,66;118;66;28;7;16;0,33;0,11;1/9;16;40;48;17;4;10;127;28;8;3;25
4975;VCT 2025: Americas Stage 1;All Stages;All Match Types;supamen;Evil Geniuses;206;98;197;101;0,69;129;69;22;6;7;0,38;0,17;5/30;23;143;141;45;12;14;127;28;8;3;25
4976;VCT 2025: Americas Stage 1;All Stages;All Match Types;supamen;Evil Geniuses;401;10;196;10;0,69;128;7;28;6;8;0,37;0,18;12/65;23;280;281;114;25;32;127;28;8;3;25
4977;VCT 2025: Americas Stage 1;All Stages;All Match Types;yay;Evil Geniuses;110;93;214;97;0,73;144;8;25;9;16;0,36;0,43;3/7;25;88;91;27;10;18;147;28;8;3;25
4978;VCT 2025: Americas Stage 1;All Stages;All Match Types;yay;Evil Geniuses;83;118;258;124;0,69;170;94;1;18;1;0,36;0,17;2/12;26;78;63;8;15;8;147;28;8;3;25
4979;VCT 2025: Americas Stage 1;All Stages;All Match Types;yay;Evil Geniuses;122;112;240;119;0,69;156;88;11;27;12;0,3;0,08;1/13;27;107;90;14;33;15;147;28;8;3;25
4980;VCT 2025: Americas Stage 1;All Stages;All Match Types;yay;Evil Geniuses;401;102;224;104;0,68;147;82;16;18;13;0,34;0,15;6/40;27;327;314;64;71;53;147;28;8;3;25
4981;VCT 2025: Americas Stage 1;All Stages;All Match Types;NaturE;Evil Geniuses;150;89;169;8;0,75;111;59;46;3;6;0,25;0,19;3/16;20;88;110;69;4;9;146;28;8;3;25
4982;VCT 2025: Americas Stage 1;All Stages;All Match Types;NaturE;Evil Geniuses;110;102;205;103;0,75;125;72;38;7;4;0,25;0,45;5/11;20;79;77;42;8;4;146;28;8;3;25
4983;VCT 2025: Americas Stage 1;All Stages;All Match Types;NaturE;Evil Geniuses;52;8;176;8;0,67;118;62;46;1;13;0,22;0,25;1/4;16;32;40;24;5;7;146;28;8;3;25
4984;VCT 2025: Americas Stage 1;All Stages;All Match Types;NaturE;Evil Geniuses;89;86;178;78;0,7;122;57;35;6;11;0,21;0,25;2/8;16;51;65;31;5;10;146;28;8;3;25
4985;VCT 2025: Americas Stage 1;All Stages;All Match Types;NaturE;Evil Geniuses;401;91;182;86;0,73;118;62;41;5;7;0,23;0,28;11/39;20;250;292;166;22;30;146;28;8;3;25
4986;VCT 2025: Americas Stage 1;All Stages;All Match Types;icy;Evil Geniuses;19;86;155;79;0,74;89;58;5;5;0;0,39;0,17;1/6;11;11;14;1;1;0;143;28;8;3;25
4987;VCT 2025: Americas Stage 1;All Stages;All Match Types;icy;Evil Geniuses;52;117;254;129;0,69;173;94;12;12;1;0,33;0,4;2/5;28;49;38;6;6;5;143;28;8;3;25
4988;VCT 2025: Americas Stage 1;All Stages;All Match Types;icy;Evil Geniuses;199;11;239;112;0,73;159;83;17;18;19;0,22;0,18;3/17;23;165;147;34;35;38;143;28;8;3;25
4989;VCT 2025: Americas Stage 1;All Stages;All Match Types;icy;Evil Geniuses;61;76;172;82;0,67;113;66;11;16;16;0,3;0,29;2/7;19;40;49;7;10;10;143;28;8;3;25
4990;VCT 2025: Americas Stage 1;All Stages;All Match Types;icy;Evil Geniuses;70;77;211;85;0,73;136;73;21;17;2;0,29;0,2;1/5;17;51;60;15;12;14;143;28;8;3;25
4991;VCT 2025: Americas Stage 1;All Stages;All Match Types;icy;Evil Geniuses;401;99;220;103;0,72;147;79;16;16;17;0,26;0,23;9/40;28;316;308;63;64;67;143;28;8;3;25
4992;VCT 2025: Americas Stage 1;All Stages;All Match Types;Derrek;Evil Geniuses;113;89;176;81;0,75;127;58;27;2;4;0,36;0,13;2/16;19;66;81;31;2;5;142;28;8;3;25
4993;VCT 2025: Americas Stage 1;All Stages;All Match Types;Derrek;Evil Geniuses;288;102;185;101;0,72;129;66;25;5;5;0,28;0,19;8/43;22;190;188;72;15;15;142;28;8;3;25
4994;VCT 2025: Americas Stage 1;All Stages;All Match Types;Derrek;Evil Geniuses;401;98;183;95;0,73;129;64;26;4;5;0,3;0,17;10/59;22;256;269;103;17;20;142;28;8;3;25
4995;VCT 2025: Americas Stage 1;All Stages;All Match Types;zander;100 Thieves;132;101;186;93;0,78;126;66;4;5;6;0,25;0,15;2/13;23;87;94;53;7;8;118;26;8;3;25
4996;VCT 2025: Americas Stage 1;All Stages;All Match Types;zander;100 Thieves;64;129;243;141;0,78;145;86;44;16;11;0,24;0,33;2/6;28;55;39;28;10;7;118;26;8;3;25
4997;VCT 2025: Americas Stage 1;All Stages;All Match Types;zander;100 Thieves;130;98;170;88;0,75;113;61;49;8;12;0,22;0,07;1/14;26;79;90;64;10;15;118;26;8;3;25
4998;VCT 2025: Americas Stage 1;All Stages;All Match Types;zander;100 Thieves;82;82;162;68;0,73;108;5;41;12;11;0,2;0,25;2/8;14;41;60;34;10;9;118;26;8;3;25
4999;VCT 2025: Americas Stage 1;All Stages;All Match Types;zander;100 Thieves;408;10;185;93;0,76;121;64;44;9;1;0,23;0,17;7/41;28;262;283;179;37;39;118;26;8;3;25
5000;VCT 2025: Americas Stage 1;All Stages;All Match Types;Boostio;100 Thieves;148;87;147;72;0,75;97;5;5;3;5;0,29;0,1;1/10;16;74;103;74;5;7;227;26;8;3;25
5001;VCT 2025: Americas Stage 1;All Stages;All Match Types;Boostio;100 Thieves;102;58;133;58;0,59;90;45;16;7;12;0,35;0,07;1/15;11;46;80;16;7;12;227;26;8;3;25
5002;VCT 2025: Americas Stage 1;All Stages;All Match Types;Boostio;100 Thieves;408;75;152;68;0,65;104;52;27;8;9;0,3;0,05;2/41;24;211;309;111;31;38;227;26;8;3;25
5003;VCT 2025: Americas Stage 1;All Stages;All Match Types;Cryocells;100 Thieves;64;137;241;167;0,81;165;94;13;14;5;0,34;0,11;1/9;28;60;36;8;9;3;124;26;8;3;25
5004;VCT 2025: Americas Stage 1;All Stages;All Match Types;Cryocells;100 Thieves;102;121;235;126;0,75;159;85;33;11;8;0,3;0,17;2/12;26;87;69;34;11;8;124;26;8;3;25
5005;VCT 2025: Americas Stage 1;All Stages;All Match Types;Cryocells;100 Thieves;82;119;241;134;0,72;158;96;1;12;18;0,24;0,13;1/8;30;79;59;8;10;15;124;26;8;3;25
5006;VCT 2025: Americas Stage 1;All Stages;All Match Types;Cryocells;100 Thieves;84;123;236;119;0,73;159;82;35;11;6;0,24;0,1;1/10;24;69;58;29;9;5;124;26;8;3;25
5007;VCT 2025: Americas Stage 1;All Stages;All Match Types;Cryocells;100 Thieves;76;117;223;124;0,71;149;89;2;8;14;0,27;0,25;2/8;30;68;55;15;6;11;124;26;8;3;25
5008;VCT 2025: Americas Stage 1;All Stages;All Match Types;Cryocells;100 Thieves;408;123;235;131;0,74;158;89;23;11;1;0,27;0,15;7/47;30;363;277;94;45;42;124;26;8;3;25
5009;VCT 2025: Americas Stage 1;All Stages;All Match Types;eeiu;100 Thieves;212;117;206;114;0,76;137;71;25;3;5;0,29;0,21;10/48;18;150;132;52;6;11;125;26;8;3;25
5010;VCT 2025: Americas Stage 1;All Stages;All Match Types;eeiu;100 Thieves;148;101;172;98;0,77;121;64;28;5;3;0,27;0,07;2/28;23;95;97;42;7;5;125;26;8;3;25
5011;VCT 2025: Americas Stage 1;All Stages;All Match Types;eeiu;100 Thieves;408;108;190;103;0,76;128;67;27;3;5;0,3;0,15;12/82;23;273;264;110;14;19;125;26;8;3;25
5012;VCT 2025: Americas Stage 1;All Stages;All Match Types;Asuna;100 Thieves;82;93;182;85;0,71;118;65;35;4;12;0,23;0,43;3/7;18;53;62;29;3;10;126;26;8;3;25
5013;VCT 2025: Americas Stage 1;All Stages;All Match Types;Asuna;100 Thieves;214;88;206;85;0,69;137;68;3;21;18;0,26;0,14;1/7;21;146;172;64;44;38;126;26;8;3;25
5014;VCT 2025: Americas Stage 1;All Stages;All Match Types;Asuna;100 Thieves;28;121;194;106;0,79;129;64;43;7;11;0,19;0,5;1/2;18;18;17;12;2;3;126;26;8;3;25
5015;VCT 2025: Americas Stage 1;All Stages;All Match Types;Asuna;100 Thieves;408;92;202;87;0,71;135;68;29;17;18;0,24;0,23;5/22;21;278;318;119;69;74;126;26;8;3;25
5016;VCT 2025: Americas Stage 1;All Stages;All Match Types;xenom;MIBR;68;97;169;10;0,79;105;62;29;4;6;0,3;0,22;2/9;17;42;42;20;3;4;39;4;8;3;25
5017;VCT 2025: Americas Stage 1;All Stages;All Match Types;xenom;MIBR;182;101;190;102;0,74;124;69;45;6;8;0,31;0,11;3/28;22;126;123;81;11;14;39;4;8;3;25
5018;VCT 2025: Americas Stage 1;All Stages;All Match Types;xenom;MIBR;250;98;182;112;0,7;120;69;22;7;1;0,34;0,21;5/24;21;172;154;54;17;25;39;4;8;3;25
5019;VCT 2025: Americas Stage 1;All Stages;All Match Types;xenom;MIBR;500;99;183;107;0,73;120;68;31;6;9;0,32;0,16;10/61;22;340;319;155;31;43;39;4;8;3;25
5020;VCT 2025: Americas Stage 1;All Stages;All Match Types;artzin;MIBR;298;84;188;8;0,71;122;61;47;9;11;0,25;0,09;2/22;22;183;229;139;27;32;11;4;8;3;25
5021;VCT 2025: Americas Stage 1;All Stages;All Match Types;artzin;MIBR;90;83;186;94;0,7;119;67;22;16;12;0,3;0,5;1/2;19;60;64;20;14;11;11;4;8;3;25
5022;VCT 2025: Americas Stage 1;All Stages;All Match Types;artzin;MIBR;112;67;164;62;0,63;108;5;34;1;16;0,15;0,13;1/8;17;56;90;38;11;18;11;4;8;3;25
5023;VCT 2025: Americas Stage 1;All Stages;All Match Types;artzin;MIBR;500;8;182;78;0,69;119;6;39;1;12;0,23;0,13;4/32;22;299;383;197;52;61;11;4;8;3;25
5024;VCT 2025: Americas Stage 1;All Stages;All Match Types;cortezia;MIBR;153;102;198;117;0,73;132;77;16;1;9;0,37;0,13;2/15;22;118;101;24;15;14;53;4;8;3;25
5025;VCT 2025: Americas Stage 1;All Stages;All Match Types;cortezia;MIBR;90;106;201;118;0,78;141;73;22;1;9;0,31;0,67;2/3;17;66;56;20;9;8;53;4;8;3;25
5026;VCT 2025: Americas Stage 1;All Stages;All Match Types;cortezia;MIBR;97;101;216;106;0,68;139;75;22;11;7;0,37;0,13;2/15;21;73;69;21;11;7;53;4;8;3;25
5027;VCT 2025: Americas Stage 1;All Stages;All Match Types;cortezia;MIBR;500;98;196;105;0,71;129;72;23;1;9;0,35;0,14;6/43;22;359;343;113;49;43;53;4;8;3;25
5028;VCT 2025: Americas Stage 1;All Stages;All Match Types;aspas;MIBR;355;124;245;144;0,77;153;88;14;19;14;0,26;0,35;11/31;27;312;217;50;69;50;12;4;8;3;25
5029;VCT 2025: Americas Stage 1;All Stages;All Match Types;aspas;MIBR;97;11;239;117;0,72;155;87;16;21;15;0,27;0,14;1/7;30;84;72;16;20;15;12;4;8;3;25
5030;VCT 2025: Americas Stage 1;All Stages;All Match Types;aspas;MIBR;500;119;241;135;0,74;152;87;14;19;15;0,27;0,29;12/41;30;436;323;69;97;74;12;4;8;3;25
5031;VCT 2025: Americas Stage 1;All Stages;All Match Types;Verno;MIBR;133;121;195;133;0,78;135;67;35;5;5;0,25;0,18;2/11;20;89;67;47;7;7;13;4;8;3;25
5032;VCT 2025: Americas Stage 1;All Stages;All Match Types;Verno;MIBR;367;117;204;124;0,77;137;72;27;5;5;0,25;0,23;14/62;22;266;214;99;19;17;13;4;8;3;25
5033;VCT 2025: Americas Stage 1;All Stages;All Match Types;Verno;MIBR;500;118;201;126;0,77;137;71;29;5;5;0,25;0,22;16/73;22;355;281;146;26;24;13;4;8;3;25
5034;VCT 2025: Americas Stage 1;All Stages;All Match Types;lz;2Game Esports;61;75;178;79;0,77;104;62;48;5;7;0,33;0,33;2/6;15;38;48;29;3;4;136;30;8;3;25
5035;VCT 2025: Americas Stage 1;All Stages;All Match Types;lz;2Game Esports;135;10;193;103;0,75;121;72;39;9;11;0,43;0,17;3/18;25;97;94;52;12;15;136;30;8;3;25
5036;VCT 2025: Americas Stage 1;All Stages;All Match Types;lz;2Game Esports;38;104;217;103;0,71;142;79;24;16;16;0,41;0,38;3/8;17;30;29;9;6;6;136;30;8;3;25
5037;VCT 2025: Americas Stage 1;All Stages;All Match Types;lz;2Game Esports;234;94;193;96;0,75;120;71;38;9;11;0,4;0,25;8/32;25;165;171;90;21;25;136;30;8;3;25
5038;VCT 2025: Americas Stage 1;All Stages;All Match Types;PxS;2Game Esports;26;94;166;82;0,65;111;54;42;8;15;0,22;0,25;1/4;14;14;17;11;2;4;234;30;8;3;25
5039;VCT 2025: Americas Stage 1;All Stages;All Match Types;PxS;2Game Esports;61;93;192;93;0,77;125;7;31;8;1;0,34;0,17;2/12;16;43;46;19;5;6;234;30;8;3;25
5040;VCT 2025: Americas Stage 1;All Stages;All Match Types;PxS;2Game Esports;85;74;152;67;0,81;96;49;53;7;12;0,25;0,38;3/8;14;42;63;45;6;10;234;30;8;3;25
5041;VCT 2025: Americas Stage 1;All Stages;All Match Types;PxS;2Game Esports;17;52;127;47;0,53;81;41;6;12;6;0,44;0,2;1/5;7;7;15;1;2;1;234;30;8;3;25
5042;VCT 2025: Americas Stage 1;All Stages;All Match Types;PxS;2Game Esports;189;81;164;75;0,75;106;56;4;8;11;0,28;0,24;7/29;16;106;141;76;15;21;234;30;8;3;25
5043;VCT 2025: Americas Stage 1;All Stages;All Match Types;gobera;2Game Esports;172;85;169;84;0,7;123;6;22;5;9;0,25;0,04;1/23;21;103;123;37;9;16;133;30;8;3;25
5044;VCT 2025: Americas Stage 1;All Stages;All Match Types;gobera;2Game Esports;234;86;178;86;0,66;126;62;18;7;1;0,28;0,03;1/36;21;146;170;43;17;23;133;30;8;3;25
5045;VCT 2025: Americas Stage 1;All Stages;All Match Types;silentzz;2Game Esports;62;74;205;77;0,58;137;69;13;1;11;0,47;0,25;1/4;18;43;56;8;6;7;134;30;8;3;25
5046;VCT 2025: Americas Stage 1;All Stages;All Match Types;silentzz;2Game Esports;134;9;192;93;0,72;130;66;22;8;8;0,37;0,07;1/14;21;89;96;29;11;11;134;30;8;3;25
5047;VCT 2025: Americas Stage 1;All Stages;All Match Types;silentzz;2Game Esports;234;81;188;82;0,66;127;65;17;7;9;0,37;0,09;2/23;21;152;185;39;17;20;134;30;8;3;25
5048;VCT 2025: Americas Stage 1;All Stages;All Match Types;Askia;2Game Esports;21;91;199;94;0,57;148;71;5;1;19;0,33;1;1/1;15;15;16;1;2;4;232;30;8;3;25
5049;VCT 2025: Americas Stage 1;All Stages;All Match Types;Askia;2Game Esports;128;88;180;9;0,61;125;66;16;16;16;0,34;0,27;3/11;20;84;93;21;20;20;232;30;8;3;25
5050;VCT 2025: Americas Stage 1;All Stages;All Match Types;Askia;2Game Esports;234;92;194;94;0,65;134;69;15;15;16;0,32;0,17;4/24;20;161;171;35;35;37;232;30;8;3;25
5051;VCT 2025: Americas Stage 1;All Stages;All Match Types;Zap;2Game Esports;45;107;205;11;0,71;135;76;2;4;2;0,22;0,22;2/9;17;34;31;9;2;1;233;30;8;3;25
5052;VCT 2025: Americas Stage 1;All Stages;All Match Types;Khalil;FURIA;47;65;142;59;0,57;95;49;17;6;11;0,26;0,14;1/7;10;23;39;8;3;5;230;31;8;3;25
5053;VCT 2025: Americas Stage 1;All Stages;All Match Types;Khalil;FURIA;156;96;187;95;0,72;123;67;24;6;12;0,29;0,17;4/24;23;104;110;37;10;19;230;31;8;3;25
5054;VCT 2025: Americas Stage 1;All Stages;All Match Types;Khalil;FURIA;236;87;176;84;0,68;116;62;21;6;1;0,27;0,14;5/35;23;147;176;50;15;24;230;31;8;3;25
5055;VCT 2025: Americas Stage 1;All Stages;All Match Types;raafa;FURIA;114;82;136;76;0,74;92;5;4;4;9;0,25;0,08;1/12;18;57;75;46;4;10;229;31;8;3;25
5056;VCT 2025: Americas Stage 1;All Stages;All Match Types;raafa;FURIA;35;56;150;53;0,6;105;46;26;3;17;0,14;0,17;1/6;9;16;30;9;1;6;229;31;8;3;25
5057;VCT 2025: Americas Stage 1;All Stages;All Match Types;raafa;FURIA;236;66;136;6;0,66;91;45;36;4;11;0,2;0,08;2/26;18;106;178;86;9;26;229;31;8;3;25
5058;VCT 2025: Americas Stage 1;All Stages;All Match Types;heat;FURIA;76;84;177;96;0,64;122;68;22;9;8;0,43;0,18;2/11;23;52;54;17;7;6;149;31;8;3;25
5059;VCT 2025: Americas Stage 1;All Stages;All Match Types;heat;FURIA;91;95;194;88;0,63;132;69;16;5;8;0,4;0,14;3/22;20;63;72;15;5;7;149;31;8;3;25
5060;VCT 2025: Americas Stage 1;All Stages;All Match Types;heat;FURIA;236;8;166;81;0,61;116;62;16;6;8;0,41;0,12;5/43;23;146;180;38;15;19;149;31;8;3;25
5061;VCT 2025: Americas Stage 1;All Stages;All Match Types;pryze;FURIA;94;87;163;86;0,69;112;59;26;3;11;0,28;0,27;4/15;18;55;64;24;3;10;148;31;8;3;25
5062;VCT 2025: Americas Stage 1;All Stages;All Match Types;pryze;FURIA;74;109;208;106;0,7;136;72;2;4;3;0,28;0,29;4/14;23;53;50;15;3;2;148;31;8;3;25
5063;VCT 2025: Americas Stage 1;All Stages;All Match Types;pryze;FURIA;68;69;134;59;0,6;95;47;19;1;6;0,23;0,09;1/11;12;32;54;13;1;4;148;31;8;3;25
5064;VCT 2025: Americas Stage 1;All Stages;All Match Types;pryze;FURIA;236;89;168;83;0,67;115;59;22;3;7;0,27;0,23;9/40;23;140;168;52;7;16;148;31;8;3;25
5065;Valorant Masters Bangkok 2025;Playoffs;Upper Semifinals;Sylvan;T1;19;104;215;86;0,63;139;63;53;11;0;0,39;0,5;1/2;12;12;14;10;2;0;219;16;9;1;2
5066;Valorant Masters Bangkok 2025;Playoffs;Upper Semifinals;Sylvan;T1;20;94;221;83;0,55;140;75;35;5;5;0,32;0,2;1/5;15;15;18;7;1;1;219;16;9;1;2
5067;Valorant Masters Bangkok 2025;Playoffs;Upper Semifinals;Sylvan;T1;63;106;236;10;0,65;150;83;35;1;3;0,35;0,17;2/12;25;52;52;22;6;2;219;16;9;1;2
5068;Valorant Masters Bangkok 2025;Playoffs;Upper Semifinals;iZu;T1;44;88;176;82;0,66;115;61;2;23;18;0,32;0,6;3/5;17;27;33;9;10;8;71;16;9;1;2
5069;Valorant Masters Bangkok 2025;Playoffs;Upper Semifinals;iZu;T1;63;105;190;105;0,71;120;68;19;19;14;0,3;0,43;3/7;17;43;41;12;12;9;71;16;9;1;2
5070;Valorant Masters Bangkok 2025;Playoffs;Upper Semifinals;stax;T1;20;102;183;87;0,45;134;65;3;0;1;0,35;0,4;2/5;13;13;15;6;0;2;72;16;9;1;2
5071;Valorant Masters Bangkok 2025;Playoffs;Upper Semifinals;stax;T1;63;83;152;7;0,6;107;52;49;2;1;0,27;0,2;2/10;13;33;47;31;1;6;72;16;9;1;2
5072;Valorant Masters Bangkok 2025;Playoffs;Upper Semifinals;BuZz;T1;39;121;219;111;0,64;151;79;1;13;13;0,27;0,2;1/5;19;31;28;4;5;5;69;16;9;1;2
5073;Valorant Masters Bangkok 2025;Playoffs;Upper Semifinals;BuZz;T1;63;108;215;10;0,65;145;76;21;11;13;0,23;0,2;1/5;19;48;48;13;7;8;69;16;9;1;2
5074;Valorant Masters Bangkok 2025;Playoffs;Upper Semifinals;Smoggy;EDward Gaming;24;75;129;65;0,71;79;46;46;8;17;0,3;0,25;1/4;11;11;17;11;2;4;61;14;9;1;2
5075;Valorant Masters Bangkok 2025;Playoffs;Upper Semifinals;Smoggy;EDward Gaming;19;89;159;85;0,84;97;58;42;0;5;0,21;0,33;1/3;11;11;13;8;0;1;61;14;9;1;2
5076;Valorant Masters Bangkok 2025;Playoffs;Upper Semifinals;Smoggy;EDward Gaming;63;92;171;93;0,79;108;6;46;3;1;0,28;0,18;2/11;16;38;41;29;2;6;61;14;9;1;2
5077;Valorant Masters Bangkok 2025;Playoffs;Upper Semifinals;S1Mon;EDward Gaming;24;104;224;112;0,83;152;79;38;0;4;0,43;0,5;1/2;19;19;17;9;0;1;237;14;9;1;2
5078;Valorant Masters Bangkok 2025;Playoffs;Upper Semifinals;S1Mon;EDward Gaming;63;81;153;86;0,83;105;59;48;0;6;0,35;0,17;1/6;19;37;43;30;0;4;237;14;9;1;2
5079;Valorant Masters Bangkok 2025;Playoffs;Upper Semifinals;CHICHOO;EDward Gaming;20;186;326;22;1;232;11;4;1;5;0,28;1;1/1;22;22;10;8;2;1;62;14;9;1;2
5080;Valorant Masters Bangkok 2025;Playoffs;Upper Semifinals;CHICHOO;EDward Gaming;43;157;320;152;0,81;209;116;47;14;0;0,3;0,2;2/10;32;50;33;20;6;0;62;14;9;1;2
5081;Valorant Masters Bangkok 2025;Playoffs;Upper Semifinals;CHICHOO;EDward Gaming;63;166;322;167;0,87;216;114;44;13;2;0,29;0,27;3/11;32;72;43;28;8;1;62;14;9;1;2
5082;Valorant Masters Bangkok 2025;Playoffs;Upper Semifinals;JonahP;G2 Esports;50;105;186;103;0,78;124;7;5;8;6;0,32;0,29;2/7;18;35;34;25;4;3;36;3;9;1;2
5083;Valorant Masters Bangkok 2025;Playoffs;Upper Semifinals;valyn;G2 Esports;28;111;173;94;0,82;108;61;57;11;7;0,25;0,17;1/6;17;17;18;16;3;2;35;3;9;1;2
5084;Valorant Masters Bangkok 2025;Playoffs;Upper Semifinals;valyn;G2 Esports;50;8;135;73;0,7;88;48;42;8;4;0,18;0,17;1/6;17;24;33;21;4;2;35;3;9;1;2
5085;Valorant Masters Bangkok 2025;Playoffs;Upper Semifinals;trent;G2 Esports;50;133;237;126;0,78;160;86;34;8;6;0,23;0,4;2/5;25;43;34;17;4;3;9;3;9;1;2
5086;Valorant Masters Bangkok 2025;Playoffs;Upper Semifinals;leaf;G2 Esports;28;154;297;147;0,82;193;10;68;11;4;0,22;0,33;1/3;28;28;19;19;3;1;8;3;9;1;2
5087;Valorant Masters Bangkok 2025;Playoffs;Upper Semifinals;leaf;G2 Esports;50;153;304;149;0,84;194;104;56;16;6;0,23;0,14;1/7;28;52;35;28;8;3;8;3;9;1;2
5088;Valorant Masters Bangkok 2025;Playoffs;Upper Semifinals;jawgemo;G2 Esports;50;8;170;81;0,66;115;6;22;18;2;0,2;0,33;1/3;19;30;37;11;9;10;10;3;9;1;2
5089;Valorant Masters Bangkok 2025;Playoffs;Upper Semifinals;Kicks;Team Vitality;28;93;195;95;0,75;125;71;46;4;11;0,28;0,4;2/5;20;20;21;13;1;3;85;20;9;1;2
5090;Valorant Masters Bangkok 2025;Playoffs;Upper Semifinals;Kicks;Team Vitality;50;107;214;106;0,72;140;76;36;1;16;0,27;0,25;2/8;20;38;36;18;5;8;85;20;9;1;2
5091;Valorant Masters Bangkok 2025;Playoffs;Upper Semifinals;Derke;Team Vitality;50;92;232;97;0,66;153;76;2;18;22;0,2;0,33;1/3;24;38;39;10;9;11;109;20;9;1;2
5092;Valorant Masters Bangkok 2025;Playoffs;Upper Semifinals;Less;Team Vitality;50;95;199;92;0,7;122;68;34;8;1;0,24;0,33;2/6;20;34;37;17;4;5;104;20;9;1;2
5093;Valorant Masters Bangkok 2025;Playoffs;Upper Final;valyn;G2 Esports;41;11;182;108;0,8;124;66;54;7;1;0,33;0,25;1/4;14;27;25;22;3;4;35;3;9;1;3
5094;Valorant Masters Bangkok 2025;Playoffs;Upper Final;trent;G2 Esports;41;122;218;13;0,76;154;73;24;5;5;0,2;0,2;1/5;17;30;23;10;2;2;9;3;9;1;3
5095;Valorant Masters Bangkok 2025;Playoffs;Upper Final;leaf;G2 Esports;41;107;196;125;0,71;144;73;2;12;1;0,29;0,5;2/4;17;30;24;8;5;4;8;3;9;1;3
5096;Valorant Masters Bangkok 2025;Playoffs;Upper Final;jawgemo;G2 Esports;41;12;250;137;0,78;155;9;44;17;12;0,21;0,67;2/3;21;37;27;18;7;5;10;3;9;1;3
5097;Valorant Masters Bangkok 2025;Playoffs;Upper Final;CHICHOO;EDward Gaming;20;92;199;93;0,55;133;7;1;0;0;0,23;0,2;1/5;14;14;15;2;0;0;62;14;9;1;3
5098;Valorant Masters Bangkok 2025;Playoffs;Upper Final;CHICHOO;EDward Gaming;41;9;196;91;0,66;140;71;24;5;5;0,33;0,13;1/8;15;29;32;10;2;2;62;14;9;1;3
5099;Valorant Masters Bangkok 2025;Playoffs;Grand Final;JonahP;G2 Esports;30;98;198;10;0,7;126;7;3;7;0;0,26;0,17;1/6;21;21;21;9;2;0;36;3;9;1;4
5100;Valorant Masters Bangkok 2025;Playoffs;Grand Final;JonahP;G2 Esports;122;88;162;85;0,75;105;61;34;6;9;0,28;0,06;1/17;21;74;87;42;7;11;36;3;9;1;4
5101;Valorant Masters Bangkok 2025;Playoffs;Grand Final;leaf;G2 Esports;46;11;234;119;0,85;136;83;28;11;4;0,17;0,17;1/6;21;38;32;13;5;2;8;3;9;1;4
5102;Valorant Masters Bangkok 2025;Playoffs;Grand Final;leaf;G2 Esports;122;93;190;92;0,75;119;65;25;11;12;0,21;0,09;1/11;21;79;86;31;13;15;8;3;9;1;4
5103;Valorant Masters Bangkok 2025;Playoffs;Grand Final;trent;G2 Esports;54;118;210;115;0,78;134;72;37;13;7;0,35;0,29;2/7;20;39;34;20;7;4;9;3;9;1;4
5104;Valorant Masters Bangkok 2025;Playoffs;Grand Final;trent;G2 Esports;68;117;233;118;0,74;154;78;29;1;7;0,25;0,33;3/9;20;53;45;20;7;5;9;3;9;1;4
5105;Valorant Masters Bangkok 2025;Playoffs;Grand Final;trent;G2 Esports;122;117;224;116;0,75;146;75;33;11;7;0,29;0,31;5/16;20;92;79;40;14;9;9;3;9;1;4
5106;Valorant Masters Bangkok 2025;Playoffs;Grand Final;jawgemo;G2 Esports;122;119;243;116;0,78;160;84;36;1;16;0,28;0,38;5/13;29;103;89;44;12;20;10;3;9;1;4
5107;Valorant Masters Bangkok 2025;Playoffs;Grand Final;Sylvan;T1;30;94;159;76;0,7;98;53;6;7;0;0,21;0,33;2/6;16;16;21;18;2;0;219;16;9;1;4
5108;Valorant Masters Bangkok 2025;Playoffs;Grand Final;Sylvan;T1;92;101;199;105;0,79;116;72;51;11;4;0,24;0,29;2/7;25;66;63;47;10;4;219;16;9;1;4
5109;Valorant Masters Bangkok 2025;Playoffs;Grand Final;Sylvan;T1;122;99;191;98;0,77;111;67;53;1;3;0,24;0,31;4/13;25;82;84;65;12;4;219;16;9;1;4
5110;Valorant Masters Bangkok 2025;Playoffs;Grand Final;iZu;T1;40;102;210;93;0,73;141;7;43;8;8;0,38;0,22;2/9;14;28;30;17;3;3;71;16;9;1;4
5111;Valorant Masters Bangkok 2025;Playoffs;Grand Final;iZu;T1;122;91;190;9;0,74;122;64;34;8;9;0,27;0,14;2/14;20;78;87;42;10;11;71;16;9;1;4
5112;Valorant Masters Bangkok 2025;Playoffs;Grand Final;stax;T1;70;89;170;85;0,71;126;63;29;4;3;0,26;0,08;1/13;22;44;52;20;3;2;72;16;9;1;4
5113;Valorant Masters Bangkok 2025;Playoffs;Grand Final;stax;T1;24;112;214;12;0,83;138;75;25;8;4;0,23;0,25;1/4;18;18;15;6;2;1;72;16;9;1;4
5114;Valorant Masters Bangkok 2025;Playoffs;Grand Final;stax;T1;122;10;184;98;0,75;132;67;29;5;2;0,29;0,09;2/23;22;82;84;35;6;3;72;16;9;1;4
5115;Valorant Masters Bangkok 2025;Playoffs;Grand Final;Meteor;T1;40;92;192;87;0,55;142;68;2;1;8;0,3;0,33;1/3;16;27;31;8;4;3;68;16;9;1;4
5116;Valorant Masters Bangkok 2025;Playoffs;Grand Final;Meteor;T1;28;138;308;13;0,71;202;107;32;18;4;0,3;0,33;2/6;30;30;23;9;5;1;68;16;9;1;4
5117;Valorant Masters Bangkok 2025;Playoffs;Grand Final;Meteor;T1;122;10;219;98;0,65;153;77;25;15;11;0,31;0,2;3/15;30;94;96;30;18;13;68;16;9;1;4
5118;Valorant Masters Bangkok 2025;Playoffs;Grand Final;BuZz;T1;46;64;174;62;0,65;107;5;13;13;22;0,15;0,4;2/5;13;23;37;6;6;10;69;16;9;1;4
5119;Valorant Masters Bangkok 2025;Playoffs;Grand Final;BuZz;T1;122;88;205;88;0,69;128;69;18;16;2;0,19;0,25;2/8;26;84;96;22;19;25;69;16;9;1;4
5120;Valorant Masters Bangkok 2025;Playoffs;Lower Round 1;Kicks;Team Vitality;18;35;93;31;0,67;67;28;33;6;22;0,14;0,25;1/4;5;5;16;6;1;4;85;20;9;1;5
5121;Valorant Masters Bangkok 2025;Playoffs;Lower Round 1;Kicks;Team Vitality;61;61;123;57;0,72;85;43;38;5;16;0,23;0,14;1/7;15;26;46;23;3;10;85;20;9;1;5
5122;Valorant Masters Bangkok 2025;Playoffs;Lower Round 1;Less;Team Vitality;44;121;222;106;0,68;142;77;34;7;9;0,35;0,14;1/7;23;34;32;15;3;4;104;20;9;1;5
5123;Valorant Masters Bangkok 2025;Playoffs;Lower Round 1;Less;Team Vitality;61;94;167;82;0,61;114;61;28;7;1;0,33;0,11;1/9;23;37;45;17;4;6;104;20;9;1;5
5124;Valorant Masters Bangkok 2025;Playoffs;Lower Round 1;trexx;Team Vitality;44;107;200;94;0,66;127;68;45;7;2;0,13;0,5;3/6;20;30;32;20;3;1;63;20;9;1;5
5125;Valorant Masters Bangkok 2025;Playoffs;Lower Round 1;trexx;Team Vitality;61;109;207;93;0,66;132;67;39;5;2;0,18;0,3;3/10;20;41;44;24;3;1;63;20;9;1;5
5126;Valorant Masters Bangkok 2025;Playoffs;Lower Round 1;Derke;Team Vitality;44;106;235;109;0,66;150;84;14;11;2;0,24;0,2;1/5;24;37;34;6;5;9;109;20;9;1;5
5127;Valorant Masters Bangkok 2025;Playoffs;Lower Round 1;Derke;Team Vitality;61;101;215;98;0,64;143;75;15;13;23;0,24;0,17;1/6;24;46;47;9;8;14;109;20;9;1;5
5128;Valorant Masters Bangkok 2025;Playoffs;Lower Round 1;iZu;T1;43;102;194;119;0,63;106;74;19;7;21;0,33;0,29;2/7;17;32;27;8;3;9;71;16;9;1;5
5129;Valorant Masters Bangkok 2025;Playoffs;Lower Round 1;iZu;T1;61;116;213;144;0,69;119;8;23;1;16;0,29;0,29;2/7;17;49;34;14;6;10;71;16;9;1;5
5130;Valorant Masters Bangkok 2025;Playoffs;Lower Round 1;stax;T1;43;112;168;114;0,79;126;58;33;5;5;0,35;0,33;1/3;14;25;22;14;2;2;72;16;9;1;5
5131;Valorant Masters Bangkok 2025;Playoffs;Lower Round 1;stax;T1;61;105;158;117;0,8;116;57;28;3;5;0,34;0,25;1/4;14;35;30;17;2;3;72;16;9;1;5
5132;Valorant Masters Bangkok 2025;Playoffs;Lower Round 1;Meteor;T1;43;11;218;113;0,74;136;81;19;16;9;0,39;0,33;1/3;21;35;31;8;7;4;68;16;9;1;5
5133;Valorant Masters Bangkok 2025;Playoffs;Lower Round 1;Meteor;T1;61;114;233;119;0,79;146;84;25;16;7;0,35;0,25;1/4;21;51;43;15;10;4;68;16;9;1;5
5134;Valorant Masters Bangkok 2025;Playoffs;Lower Final;stax;T1;26;119;206;127;0,69;136;73;46;4;8;0,3;0,33;1/3;19;19;15;12;1;2;72;16;9;1;8
5135;Valorant Masters Bangkok 2025;Playoffs;Lower Final;stax;T1;18;124;178;15;0,78;124;67;39;11;6;0,48;1;1/1;12;12;8;7;2;1;72;16;9;1;8
5136;Valorant Masters Bangkok 2025;Playoffs;Lower Final;stax;T1;84;115;194;133;0,77;128;73;37;5;5;0,34;0,25;2/8;19;61;46;31;4;4;72;16;9;1;8
5137;Valorant Masters Bangkok 2025;Playoffs;Lower Final;Sylvan;T1;41;99;174;88;0,76;107;54;8;1;7;0,22;0,2;1/5;11;22;25;33;4;3;219;16;9;1;8
5138;Valorant Masters Bangkok 2025;Playoffs;Lower Final;Sylvan;T1;84;104;176;87;0,76;111;55;95;6;6;0,23;0,13;1/8;18;46;53;80;5;5;219;16;9;1;8
5139;Valorant Masters Bangkok 2025;Playoffs;Lower Final;iZu;T1;23;137;241;162;0,87;164;91;22;9;0;0,3;0,5;3/6;21;21;13;5;2;0;71;16;9;1;8
5140;Valorant Masters Bangkok 2025;Playoffs;Lower Final;iZu;T1;17;126;173;15;0,88;102;71;18;6;6;0,24;0,33;1/3;12;12;8;3;1;1;71;16;9;1;8
5141;Valorant Masters Bangkok 2025;Playoffs;Lower Final;iZu;T1;26;111;188;119;0,81;132;73;8;8;8;0,33;0,33;1/3;19;19;16;2;2;2;71;16;9;1;8
5142;Valorant Masters Bangkok 2025;Playoffs;Lower Final;iZu;T1;84;134;220;154;0,83;149;85;14;12;5;0,3;0,38;5/13;21;71;46;12;10;4;71;16;9;1;8
5143;Valorant Masters Bangkok 2025;Playoffs;Lower Final;Meteor;T1;18;108;200;118;0,83;122;72;5;11;6;0,34;0,33;1/3;13;13;11;9;2;1;68;16;9;1;8
5144;Valorant Masters Bangkok 2025;Playoffs;Lower Final;Meteor;T1;84;11;260;125;0,76;163;89;26;2;12;0,34;0,14;1/7;24;75;60;22;17;10;68;16;9;1;8
5145;Valorant Masters Bangkok 2025;Playoffs;Lower Final;BuZz;T1;23;145;330;156;0,7;204;109;43;9;13;0,19;0,67;2/3;25;25;16;10;2;3;69;16;9;1;8
5146;Valorant Masters Bangkok 2025;Playoffs;Lower Final;BuZz;T1;84;12;268;134;0,75;165;93;29;15;14;0,17;0,29;2/7;25;78;58;24;13;12;69;16;9;1;8
5147;Valorant Masters Bangkok 2025;Playoffs;Lower Final;S1Mon;EDward Gaming;17;87;172;73;0,53;100;65;47;6;0;0,3;0,25;1/4;11;11;15;8;1;0;237;14;9;1;8
5148;Valorant Masters Bangkok 2025;Playoffs;Lower Final;S1Mon;EDward Gaming;84;75;143;61;0,64;95;51;44;2;6;0,23;0,09;1/11;16;43;70;37;2;5;237;14;9;1;8
5149;Valorant Masters Bangkok 2025;Playoffs;Lower Final;Smoggy;EDward Gaming;43;85;164;69;0,67;117;56;58;12;16;0,26;0,5;1/2;19;24;35;25;5;7;61;14;9;1;8
5150;Valorant Masters Bangkok 2025;Playoffs;Lower Final;Smoggy;EDward Gaming;41;113;232;103;0,78;142;73;54;1;5;0,43;0,11;1/9;21;30;29;22;4;2;61;14;9;1;8
5151;Valorant Masters Bangkok 2025;Playoffs;Lower Final;Smoggy;EDward Gaming;84;99;198;84;0,73;130;64;56;11;11;0,35;0,18;2/11;21;54;64;47;9;9;61;14;9;1;8
5152;Valorant Masters Bangkok 2025;Playoffs;Lower Final;CHICHOO;EDward Gaming;49;107;210;116;0,69;130;76;29;6;6;0,3;0,38;3/8;21;37;32;14;3;3;62;14;9;1;8
5153;Valorant Masters Bangkok 2025;Playoffs;Lower Final;CHICHOO;EDward Gaming;84;89;176;87;0,61;115;63;19;6;11;0,28;0,19;3/16;21;53;61;16;5;9;62;14;9;1;8
5154;Valorant Masters Bangkok 2025;Playoffs;Lower Final;ZmjjKK;EDward Gaming;41;104;226;103;0,59;154;83;5;17;29;0,32;0,17;1/6;27;34;33;2;7;12;238;14;9;1;8
5155;Valorant Masters Bangkok 2025;Playoffs;Lower Final;ZmjjKK;EDward Gaming;84;99;225;97;0,68;154;82;13;18;23;0,24;0,1;1/10;27;69;71;11;15;19;238;14;9;1;8
5156;Valorant Masters Bangkok 2025;Swiss Stage;Round 1;valyn;G2 Esports;21;109;178;118;0,81;106;62;38;14;14;0,15;0,33;1/3;13;13;11;8;3;3;35;3;9;4;32
5157;Valorant Masters Bangkok 2025;Swiss Stage;Round 1;valyn;G2 Esports;37;118;179;128;0,81;104;62;46;16;8;0,16;0,33;1/3;13;23;18;17;6;3;35;3;9;4;32
5158;Valorant Masters Bangkok 2025;Swiss Stage;Round 1;trent;G2 Esports;21;152;296;192;0,67;206;11;19;14;19;0,3;0,33;1/3;23;23;12;4;3;4;9;3;9;4;32
5159;Valorant Masters Bangkok 2025;Swiss Stage;Round 1;trent;G2 Esports;37;152;246;206;0,76;177;95;32;11;14;0,31;0,33;1/3;23;35;17;12;4;5;9;3;9;4;32
5160;Valorant Masters Bangkok 2025;Swiss Stage;Round 1;bang;Sentinels;23;128;252;129;0,78;161;96;39;13;13;0,32;0,33;1/3;22;22;17;9;3;3;47;9;9;4;32
5161;Valorant Masters Bangkok 2025;Swiss Stage;Round 1;bang;Sentinels;39;97;186;10;0,64;129;74;33;1;13;0,33;0,33;1/3;22;29;29;13;4;5;47;9;9;4;32
5162;Valorant Masters Bangkok 2025;Swiss Stage;Round 1;N4RRATE;Sentinels;23;113;206;10;0,87;150;65;7;9;4;0,25;0,2;1/5;15;15;15;16;2;1;41;9;9;4;32
5163;Valorant Masters Bangkok 2025;Swiss Stage;Round 1;N4RRATE;Sentinels;39;86;161;71;0,72;122;51;49;1;3;0,25;0,17;1/6;15;20;28;19;4;1;41;9;9;4;32
5164;Valorant Masters Bangkok 2025;Swiss Stage;Round 1;zekken;Sentinels;23;81;172;88;0,74;123;61;4;13;17;0,34;0,33;1/3;14;14;16;1;3;4;42;9;9;4;32
5165;Valorant Masters Bangkok 2025;Swiss Stage;Round 1;zekken;Sentinels;39;77;176;79;0,69;122;59;8;13;18;0,26;0,17;1/6;14;23;29;3;5;7;42;9;9;4;32
5166;Valorant Masters Bangkok 2025;Swiss Stage;Round 1;Smoggy;EDward Gaming;19;126;199;14;0,74;134;74;21;16;5;0,37;0,33;1/3;14;14;10;4;3;1;61;14;9;4;32
5167;Valorant Masters Bangkok 2025;Swiss Stage;Round 1;Smoggy;EDward Gaming;34;65;132;56;0,68;77;44;5;9;3;0,29;0,5;1/2;15;15;27;17;3;1;61;14;9;4;32
5168;Valorant Masters Bangkok 2025;Swiss Stage;Round 1;Smoggy;EDward Gaming;53;87;166;78;0,7;97;55;4;11;4;0,33;0,4;2/5;15;29;37;21;6;2;61;14;9;4;32
5169;Valorant Masters Bangkok 2025;Swiss Stage;Round 1;S1Mon;EDward Gaming;34;75;140;7;0,62;102;47;35;0;6;0,29;0,33;1/3;16;16;23;12;0;2;237;14;9;4;32
5170;Valorant Masters Bangkok 2025;Swiss Stage;Round 1;S1Mon;EDward Gaming;19;11;181;127;0,68;118;74;32;11;0;0,37;0,5;1/2;14;14;11;6;2;0;237;14;9;4;32
5171;Valorant Masters Bangkok 2025;Swiss Stage;Round 1;S1Mon;EDward Gaming;53;88;160;88;0,64;108;57;34;4;4;0,32;0,4;2/5;16;30;34;18;2;2;237;14;9;4;32
5172;Valorant Masters Bangkok 2025;Swiss Stage;Round 1;CHICHOO;EDward Gaming;34;141;287;144;0,71;181;106;24;6;9;0,38;0,33;2/6;36;36;25;8;2;3;62;14;9;4;32
5173;Valorant Masters Bangkok 2025;Swiss Stage;Round 1;CHICHOO;EDward Gaming;53;143;266;154;0,74;172;102;28;6;8;0,35;0,29;2/7;36;54;35;15;3;4;62;14;9;4;32
5174;Valorant Masters Bangkok 2025;Swiss Stage;Round 1;kamyk;Team Liquid;34;10;184;10;0,76;126;68;38;9;6;0,33;0,2;1/5;23;23;23;13;3;2;107;13;9;4;32
5175;Valorant Masters Bangkok 2025;Swiss Stage;Round 1;kamyk;Team Liquid;53;88;172;82;0,74;122;58;4;8;8;0,33;0,17;1/6;23;31;38;21;4;4;107;13;9;4;32
5176;Valorant Masters Bangkok 2025;Swiss Stage;Round 1;nAts;Team Liquid;34;97;205;96;0,71;136;74;32;6;15;0,16;0,25;1/4;25;25;26;11;2;5;64;13;9;4;32
5177;Valorant Masters Bangkok 2025;Swiss Stage;Round 1;nAts;Team Liquid;53;98;190;10;0,68;131;72;21;8;19;0,18;0,11;1/9;25;38;38;11;4;10;64;13;9;4;32
5178;Valorant Masters Bangkok 2025;Swiss Stage;Round 1;kamo;Team Liquid;53;127;253;123;0,66;170;91;13;17;11;0,27;0,14;1/7;34;48;39;7;9;6;65;13;9;4;32
5179;Valorant Masters Bangkok 2025;Swiss Stage;Round 1;Biank;Trace Esports;21;115;184;108;0,67;123;67;29;19;5;0,11;1;1/1;14;14;13;6;4;1;239;42;9;4;32
5180;Valorant Masters Bangkok 2025;Swiss Stage;Round 1;Biank;Trace Esports;37;86;158;77;0,65;112;54;16;11;5;0,13;0,25;1/4;14;20;26;6;4;2;239;42;9;4;32
5181;Valorant Masters Bangkok 2025;Swiss Stage;Round 1;BeYN;DRX;39;131;202;142;0,87;132;69;51;3;5;0,2;0,25;1/4;15;27;19;20;1;2;15;5;9;4;32
5182;Valorant Masters Bangkok 2025;Swiss Stage;Round 1;Derke;Team Vitality;45;126;258;14;0,73;157;93;2;22;2;0,19;1;1/1;22;42;30;9;10;9;109;20;9;4;32
5183;Valorant Masters Bangkok 2025;Swiss Stage;Round 1;Sayf;Team Vitality;45;68;116;7;0,71;85;42;16;4;7;0,26;0,25;1/4;15;19;27;7;2;3;86;20;9;4;32
5184;Valorant Masters Bangkok 2025;Swiss Stage;Round 1;stax;T1;22;102;203;94;0,73;128;77;32;18;0;0,41;0,2;1/5;17;17;18;7;4;0;72;16;9;4;32
5185;Valorant Masters Bangkok 2025;Swiss Stage;Round 1;stax;T1;45;88;152;81;0,64;99;58;24;9;0;0,37;0,14;1/7;17;26;32;11;4;0;72;16;9;4;32
5186;Valorant Masters Bangkok 2025;Swiss Stage;Round 1;carpe;T1;45;63;140;57;0,67;92;44;38;9;13;0,27;0,25;1/4;14;20;35;17;4;6;240;16;9;4;32
5187;Valorant Masters Bangkok 2025;Swiss Stage;Round 1;iZu;T1;22;96;186;82;0,64;121;64;23;5;5;0,44;0,25;1/4;14;14;17;5;1;1;71;16;9;4;32
5188;Valorant Masters Bangkok 2025;Swiss Stage;Round 1;iZu;T1;23;84;161;75;0,7;109;52;13;4;9;0,18;0,25;1/4;12;12;16;3;1;2;71;16;9;4;32
5189;Valorant Masters Bangkok 2025;Swiss Stage;Round 1;iZu;T1;45;9;174;79;0,67;115;58;18;4;7;0,29;0,25;2/8;14;26;33;8;2;3;71;16;9;4;32
5190;Valorant Masters Bangkok 2025;Swiss Stage;Round 1;BuZz;T1;45;95;236;89;0,69;152;73;29;2;9;0,13;0,2;1/5;17;33;37;13;9;4;69;16;9;4;32
5191;Valorant Masters Bangkok 2025;Swiss Stage;Round 1;Meteor;T1;45;94;206;84;0,67;148;71;22;13;16;0,32;0,14;1/7;17;32;38;10;6;7;68;16;9;4;32
5192;Valorant Masters Bangkok 2025;Swiss Stage;Round 2 (1-0);JonahP;G2 Esports;34;76;146;71;0,74;88;5;26;15;12;0,19;0,17;1/6;17;17;24;9;5;4;36;3;9;4;33
5193;Valorant Masters Bangkok 2025;Swiss Stage;Round 2 (1-0);JonahP;G2 Esports;72;83;181;77;0,74;114;6;4;11;11;0,23;0,1;1/10;17;43;56;29;8;8;36;3;9;4;33
5194;Valorant Masters Bangkok 2025;Swiss Stage;Round 2 (1-0);leaf;G2 Esports;34;79;184;81;0,65;128;62;18;12;9;0,27;0,33;1/3;21;21;26;6;4;3;8;3;9;4;33
5195;Valorant Masters Bangkok 2025;Swiss Stage;Round 2 (1-0);leaf;G2 Esports;72;75;160;7;0,65;116;56;19;8;1;0,25;0,08;1/13;21;40;57;14;6;7;8;3;9;4;33
5196;Valorant Masters Bangkok 2025;Swiss Stage;Round 2 (1-0);trent;G2 Esports;34;119;227;124;0,74;147;76;29;6;6;0,21;0,25;1/4;26;26;21;10;2;2;9;3;9;4;33
5197;Valorant Masters Bangkok 2025;Swiss Stage;Round 2 (1-0);trent;G2 Esports;38;104;196;86;0,63;133;63;37;5;18;0,24;0,25;2/8;13;24;28;14;2;7;9;3;9;4;33
5198;Valorant Masters Bangkok 2025;Swiss Stage;Round 2 (1-0);trent;G2 Esports;72;111;206;102;0,68;140;69;33;6;13;0,23;0,25;3/12;26;50;49;24;4;9;9;3;9;4;33
5199;Valorant Masters Bangkok 2025;Swiss Stage;Round 2 (1-0);Smoggy;EDward Gaming;34;116;203;104;0,76;135;71;59;15;0;0,28;0,2;1/5;24;24;23;20;5;0;61;14;9;4;33
5200;Valorant Masters Bangkok 2025;Swiss Stage;Round 2 (1-0);Smoggy;EDward Gaming;38;128;214;132;0,79;146;76;58;11;0;0,22;0,4;2/5;18;29;22;22;4;0;61;14;9;4;33
5201;Valorant Masters Bangkok 2025;Swiss Stage;Round 2 (1-0);Smoggy;EDward Gaming;72;122;211;118;0,78;141;74;58;13;0;0,25;0,3;3/10;24;53;45;42;9;0;61;14;9;4;33
5202;Valorant Masters Bangkok 2025;Swiss Stage;Round 2 (1-0);S1Mon;EDward Gaming;17;124;180;133;0,94;123;71;94;6;6;0,39;1;1/1;12;12;9;16;1;1;237;14;9;4;33
5203;Valorant Masters Bangkok 2025;Swiss Stage;Round 2 (1-0);S1Mon;EDward Gaming;34;73;149;71;0,62;92;5;12;6;3;0,31;0,2;1/5;17;17;24;4;2;1;237;14;9;4;33
5204;Valorant Masters Bangkok 2025;Swiss Stage;Round 2 (1-0);S1Mon;EDward Gaming;72;95;175;91;0,75;110;6;46;6;6;0,32;0,29;2/7;17;43;47;33;4;4;237;14;9;4;33
5205;Valorant Masters Bangkok 2025;Swiss Stage;Round 2 (1-0);CHICHOO;EDward Gaming;17;163;269;225;0,88;167;106;35;6;0;0,19;0,33;1/3;18;18;8;6;1;0;62;14;9;4;33
5206;Valorant Masters Bangkok 2025;Swiss Stage;Round 2 (1-0);CHICHOO;EDward Gaming;55;119;218;132;0,65;154;82;22;9;11;0,22;0,17;1/6;33;45;34;12;5;6;62;14;9;4;33
5207;Valorant Masters Bangkok 2025;Swiss Stage;Round 2 (1-0);CHICHOO;EDward Gaming;72;13;235;15;0,71;157;88;25;8;8;0,21;0,22;2/9;33;63;42;18;6;6;62;14;9;4;33
5208;Valorant Masters Bangkok 2025;Swiss Stage;Round 2 (1-0);nobody;EDward Gaming;72;107;206;114;0,69;118;67;22;1;7;0,29;0,25;1/4;17;48;42;16;7;5;60;14;9;4;33
5209;Valorant Masters Bangkok 2025;Swiss Stage;Round 2 (1-0);Less;Team Vitality;24;84;156;72;0,67;113;54;46;0;13;0,38;0,25;1/4;13;13;18;11;0;3;104;20;9;4;33
5210;Valorant Masters Bangkok 2025;Swiss Stage;Round 2 (1-0);Less;Team Vitality;45;104;212;119;0,69;140;82;2;4;13;0,21;0,67;2/3;20;37;31;9;2;6;104;20;9;4;33
5211;Valorant Masters Bangkok 2025;Swiss Stage;Round 2 (1-0);Less;Team Vitality;69;97;193;102;0,68;130;72;29;3;13;0,26;0,43;3/7;20;50;49;20;2;9;104;20;9;4;33
5212;Valorant Masters Bangkok 2025;Swiss Stage;Round 2 (1-0);Kicks;Team Vitality;48;89;166;88;0,73;113;6;29;0;4;0,27;0,25;2/8;15;29;33;14;0;2;85;20;9;4;33
5213;Valorant Masters Bangkok 2025;Swiss Stage;Round 2 (1-0);Kicks;Team Vitality;21;127;223;142;0,67;133;81;38;1;5;0,22;0,33;1/3;17;17;12;8;2;1;85;20;9;4;33
5214;Valorant Masters Bangkok 2025;Swiss Stage;Round 2 (1-0);Kicks;Team Vitality;69;101;185;102;0,71;119;67;32;3;4;0,25;0,27;3/11;17;46;45;22;2;3;85;20;9;4;33
5215;Valorant Masters Bangkok 2025;Swiss Stage;Round 2 (1-0);Derke;Team Vitality;24;169;359;188;0,71;223;133;13;29;25;0,34;0,5;1/2;32;32;17;3;7;6;109;20;9;4;33
5216;Valorant Masters Bangkok 2025;Swiss Stage;Round 2 (1-0);Derke;Team Vitality;45;132;293;124;0,78;195;102;16;27;11;0,19;0,25;1/4;25;46;37;7;12;5;109;20;9;4;33
5217;Valorant Masters Bangkok 2025;Swiss Stage;Round 2 (1-0);Derke;Team Vitality;69;145;315;144;0,75;205;113;14;28;16;0,23;0,33;2/6;32;78;54;10;19;11;109;20;9;4;33
5218;Valorant Masters Bangkok 2025;Swiss Stage;Round 2 (1-0);Sayf;Team Vitality;24;103;186;94;0,83;116;63;46;8;13;0,22;0,33;1/3;15;15;16;11;2;3;86;20;9;4;33
5219;Valorant Masters Bangkok 2025;Swiss Stage;Round 2 (1-0);Sayf;Team Vitality;69;74;143;7;0,67;91;48;35;7;14;0,17;0,14;1/7;15;33;47;24;5;10;86;20;9;4;33
5220;Valorant Masters Bangkok 2025;Swiss Stage;Round 2 (1-0);BeYN;DRX;24;122;188;121;0,83;107;71;42;4;4;0,26;0,6;3/5;17;17;14;10;1;1;15;5;9;4;33
5221;Valorant Masters Bangkok 2025;Swiss Stage;Round 2 (1-0);BeYN;DRX;69;102;176;93;0,77;113;62;41;1;3;0,29;0,27;3/11;17;43;46;28;7;2;15;5;9;4;33
5222;Valorant Masters Bangkok 2025;Swiss Stage;Round 2 (1-0);MaKo;DRX;21;68;136;53;0,76;100;43;52;5;5;0,26;0,25;1/4;9;9;17;11;1;1;16;5;9;4;33
5223;Valorant Masters Bangkok 2025;Swiss Stage;Round 2 (1-0);MaKo;DRX;69;98;195;94;0,75;138;68;48;6;1;0,26;0,11;1/9;25;47;50;33;4;7;16;5;9;4;33
5224;Valorant Masters Bangkok 2025;Swiss Stage;Round 2 (1-0);free1ng;DRX;69;104;207;104;0,75;142;71;29;9;1;0,29;0,11;1/9;24;49;47;20;6;7;14;5;9;4;33
5225;Valorant Masters Bangkok 2025;Swiss Stage;Round 2 (0-1);bang;Sentinels;30;53;103;48;0,67;62;33;37;1;1;0,31;1;1/1;10;10;21;11;3;3;47;9;9;4;34
5226;Valorant Masters Bangkok 2025;Swiss Stage;Round 2 (0-1);bang;Sentinels;64;91;186;84;0,7;104;59;31;11;9;0,3;0,2;1/5;17;38;45;20;7;6;47;9;9;4;34
5227;Valorant Masters Bangkok 2025;Swiss Stage;Round 2 (0-1);N4RRATE;Sentinels;30;147;319;143;0,87;205;11;4;17;3;0,31;0,2;1/5;33;33;23;12;5;1;41;9;9;4;34
5228;Valorant Masters Bangkok 2025;Swiss Stage;Round 2 (0-1);N4RRATE;Sentinels;64;116;230;112;0,78;165;86;33;14;5;0,28;0,11;1/9;33;55;49;21;9;3;41;9;9;4;34
5229;Valorant Masters Bangkok 2025;Swiss Stage;Round 2 (0-1);FengF;Trace Esports;16;52;152;53;0,63;100;5;19;6;31;0,12;0,5;1/2;8;8;15;3;1;5;241;42;9;4;34
5230;Valorant Masters Bangkok 2025;Swiss Stage;Round 2 (0-1);FengF;Trace Esports;37;44;130;47;0,59;87;41;22;11;22;0,2;0,2;1/5;8;15;32;8;4;8;241;42;9;4;34
5231;Valorant Masters Bangkok 2025;Swiss Stage;Round 2 (0-1);Biank;Trace Esports;21;87;191;76;0,52;132;62;19;5;1;0,3;0,5;1/2;13;13;17;4;1;2;239;42;9;4;34
5232;Valorant Masters Bangkok 2025;Swiss Stage;Round 2 (0-1);Biank;Trace Esports;37;83;176;68;0,54;120;57;32;3;11;0,26;0,2;1/5;13;21;31;12;1;4;239;42;9;4;34
5233;Valorant Masters Bangkok 2025;Swiss Stage;Round 2 (0-1);Kai;Trace Esports;21;143;273;143;0,71;176;95;1;19;14;0,3;0,25;1/4;20;20;14;2;4;3;242;42;9;4;34
5234;Valorant Masters Bangkok 2025;Swiss Stage;Round 2 (0-1);Kai;Trace Esports;37;118;241;11;0,68;150;86;11;16;14;0,31;0,11;1/9;20;32;29;4;6;5;242;42;9;4;34
5235;Valorant Masters Bangkok 2025;Swiss Stage;Round 2 (0-1);paTiTek;Team Liquid;14;65;96;38;0,93;55;21;79;7;7;0,23;1;1/1;3;3;8;11;1;1;59;13;9;4;34
5236;Valorant Masters Bangkok 2025;Swiss Stage;Round 2 (0-1);paTiTek;Team Liquid;64;88;152;74;0,83;109;5;56;6;6;0,26;0,14;1/7;18;32;43;36;4;4;59;13;9;4;34
5237;Valorant Masters Bangkok 2025;Swiss Stage;Round 2 (0-1);keiko;Team Liquid;14;128;198;183;0,79;131;79;36;7;7;0,22;0,33;1/3;11;11;6;5;1;1;58;13;9;4;34
5238;Valorant Masters Bangkok 2025;Swiss Stage;Round 2 (0-1);keiko;Team Liquid;50;121;220;126;0,8;146;86;44;12;1;0,4;0,14;1/7;29;43;34;22;6;5;58;13;9;4;34
5239;Valorant Masters Bangkok 2025;Swiss Stage;Round 2 (0-1);keiko;Team Liquid;64;123;212;135;0,8;143;84;42;11;9;0,36;0,2;2/10;29;54;40;27;7;6;58;13;9;4;34
5240;Valorant Masters Bangkok 2025;Swiss Stage;Round 2 (0-1);nAts;Team Liquid;50;118;230;128;0,68;142;82;16;6;12;0,27;0,29;2/7;22;41;32;8;3;6;64;13;9;4;34
5241;Valorant Masters Bangkok 2025;Swiss Stage;Round 2 (0-1);nAts;Team Liquid;64;143;305;165;0,75;174;103;2;9;9;0,26;0,29;2/7;25;66;40;13;6;6;64;13;9;4;34
5242;Valorant Masters Bangkok 2025;Swiss Stage;Round 2 (0-1);kamyk;Team Liquid;30;95;166;9;0,73;107;6;17;3;0;0,26;0,17;1/6;18;18;20;5;1;0;107;13;9;4;34
5243;Valorant Masters Bangkok 2025;Swiss Stage;Round 2 (0-1);kamyk;Team Liquid;64;87;177;89;0,72;108;61;2;6;3;0,28;0,11;1/9;18;39;44;13;4;2;107;13;9;4;34
5244;Valorant Masters Bangkok 2025;Swiss Stage;Round 2 (0-1);kamo;Team Liquid;14;142;257;217;0,79;175;93;29;21;14;0,24;1;1/1;13;13;6;4;3;2;65;13;9;4;34
5245;Valorant Masters Bangkok 2025;Swiss Stage;Round 2 (0-1);kamo;Team Liquid;64;82;190;89;0,69;124;64;19;17;22;0,27;0,33;1/3;22;41;46;12;11;14;65;13;9;4;34
5246;Valorant Masters Bangkok 2025;Swiss Stage;Round 2 (0-1);iZu;T1;37;155;242;271;0,86;158;103;8;14;3;0,43;0,57;4/7;20;38;14;3;5;1;71;16;9;4;34
5247;Valorant Masters Bangkok 2025;Swiss Stage;Round 3;stax;T1;24;71;129;56;0,79;94;38;63;4;4;0,22;0,5;2/4;9;9;16;15;1;1;72;16;9;4;36
5248;Valorant Masters Bangkok 2025;Swiss Stage;Round 3;stax;T1;41;10;163;92;0,83;113;54;51;2;5;0,3;0,5;2/4;13;22;24;21;1;2;72;16;9;4;36
5249;Valorant Masters Bangkok 2025;Swiss Stage;Round 3;Meteor;T1;17;86;208;127;0,65;118;82;6;24;24;0,3;1;1/1;14;14;11;1;4;4;68;16;9;4;36
5250;Valorant Masters Bangkok 2025;Swiss Stage;Round 3;Meteor;T1;41;124;262;162;0,76;172;102;1;24;15;0,3;0,25;1/4;28;42;26;4;10;6;68;16;9;4;36
5251;Valorant Masters Bangkok 2025;Swiss Stage;Round 3;iZu;T1;17;177;310;222;0,82;183;118;12;12;12;0,27;0,33;1/3;20;20;9;2;2;2;71;16;9;4;36
5252;Valorant Masters Bangkok 2025;Swiss Stage;Round 3;iZu;T1;41;134;240;171;0,78;144;88;12;7;5;0,28;0,2;1/5;20;36;21;5;3;2;71;16;9;4;36
5253;Valorant Masters Bangkok 2025;Swiss Stage;Round 3;valyn;G2 Esports;20;152;242;222;0,8;153;10;2;15;5;0,23;1;2/2;20;20;9;4;3;1;35;3;9;4;36
5254;Valorant Masters Bangkok 2025;Swiss Stage;Round 3;valyn;G2 Esports;38;138;211;16;0,71;137;84;34;8;3;0,21;0,67;2/3;20;32;20;13;3;1;35;3;9;4;36
5255;Valorant Masters Bangkok 2025;Swiss Stage;Round 3;trent;G2 Esports;38;109;189;10;0,79;112;63;34;8;8;0,26;0,29;2/7;12;24;24;13;3;3;9;3;9;4;36
5256;Valorant Masters Bangkok 2025;Swiss Stage;Round 3;jawgemo;G2 Esports;38;98;222;10;0,63;144;74;26;11;26;0,13;1;1/1;15;28;28;10;4;10;10;3;9;4;36
5257;Valorant Masters Bangkok 2025;Swiss Stage;Round 3;MaKo;DRX;17;8;162;69;0,71;112;53;47;0;0;0,21;0,33;1/3;9;9;13;8;0;0;16;5;9;4;36
5258;Valorant Masters Bangkok 2025;Swiss Stage;Round 3;MaKo;DRX;41;76;150;58;0,68;97;44;44;0;1;0,19;0,17;1/6;9;18;31;18;0;4;16;5;9;4;36
5259;Valorant Masters Bangkok 2025;Swiss Stage;Round 3;Flashback;DRX;24;9;166;88;0,67;125;58;8;8;13;0,21;1;2/2;14;14;16;2;2;3;38;5;9;4;36
5260;Valorant Masters Bangkok 2025;Swiss Stage;Round 3;Flashback;DRX;41;9;172;83;0,68;117;61;2;7;7;0,19;0,25;2/8;14;25;30;8;3;3;38;5;9;4;36
5261;Valorant Masters Bangkok 2025;All Stages;All Match Types;valyn;G2 Esports;66;9;161;71;0,79;101;53;58;5;9;0,21;0,1;1/10;17;35;49;38;3;6;35;3;9;3;25
5262;Valorant Masters Bangkok 2025;All Stages;All Match Types;valyn;G2 Esports;150;108;188;113;0,75;124;69;4;9;8;0,24;0,29;4/14;26;103;91;60;14;12;35;3;9;3;25
5263;Valorant Masters Bangkok 2025;All Stages;All Match Types;valyn;G2 Esports;360;108;187;106;0,76;122;68;44;8;8;0,23;0,14;5/37;26;244;231;158;29;27;35;3;9;3;25
5264;Valorant Masters Bangkok 2025;All Stages;All Match Types;JonahP;G2 Esports;275;10;185;94;0,79;118;65;48;8;7;0,24;0,07;2/30;20;180;192;133;21;20;36;3;9;3;25
5265;Valorant Masters Bangkok 2025;All Stages;All Match Types;JonahP;G2 Esports;64;87;172;84;0,72;106;59;28;11;6;0,23;0,17;2/12;21;38;45;18;7;4;36;3;9;3;25
5266;Valorant Masters Bangkok 2025;All Stages;All Match Types;JonahP;G2 Esports;360;98;188;93;0,78;119;65;46;8;7;0,24;0,09;4/44;21;235;254;164;30;26;36;3;9;3;25
5267;Valorant Masters Bangkok 2025;All Stages;All Match Types;leaf;G2 Esports;104;92;183;96;0,69;120;63;15;13;12;0,25;0,14;1/7;21;66;69;16;14;12;8;3;9;3;25
5268;Valorant Masters Bangkok 2025;All Stages;All Match Types;leaf;G2 Esports;171;118;234;13;0,79;151;85;24;11;8;0,22;0,13;3/23;24;146;112;41;18;13;8;3;9;3;25
5269;Valorant Masters Bangkok 2025;All Stages;All Match Types;leaf;G2 Esports;85;96;179;87;0,72;131;65;4;7;13;0,27;0,09;1/11;28;55;63;34;6;11;8;3;9;3;25
5270;Valorant Masters Bangkok 2025;All Stages;All Match Types;leaf;G2 Esports;360;106;207;109;0,74;138;74;25;11;1;0,24;0,12;5/41;28;267;244;91;38;36;8;3;9;3;25
5271;Valorant Masters Bangkok 2025;All Stages;All Match Types;jawgemo;G2 Esports;322;107;223;108;0,73;147;78;31;14;17;0,23;0,39;9/23;29;250;231;101;44;55;10;3;9;3;25
5272;Valorant Masters Bangkok 2025;All Stages;All Match Types;jawgemo;G2 Esports;360;103;218;106;0,71;143;77;29;13;18;0,23;0,38;9/24;29;277;262;104;47;64;10;3;9;3;25
5273;Valorant Masters Bangkok 2025;All Stages;All Match Types;trent;G2 Esports;104;123;211;128;0,78;139;74;37;1;7;0,29;0,27;3/11;26;77;60;38;10;7;9;3;9;3;25
5274;Valorant Masters Bangkok 2025;All Stages;All Match Types;trent;G2 Esports;256;121;223;119;0,73;150;77;3;8;9;0,24;0,3;11/37;25;197;166;78;21;24;9;3;9;3;25
5275;Valorant Masters Bangkok 2025;All Stages;All Match Types;trent;G2 Esports;360;121;220;121;0,75;147;76;32;9;9;0,25;0,29;14/48;26;274;226;116;31;31;9;3;9;3;25
5276;Valorant Masters Bangkok 2025;All Stages;All Match Types;Sylvan;T1;71;111;220;114;0,75;131;79;46;1;3;0,31;0,17;2/12;25;56;49;33;7;2;219;16;9;3;25
5277;Valorant Masters Bangkok 2025;All Stages;All Match Types;Sylvan;T1;86;103;174;84;0,76;108;53;97;6;3;0,27;0,17;1/6;18;46;55;83;5;3;219;16;9;3;25
5278;Valorant Masters Bangkok 2025;All Stages;All Match Types;Sylvan;T1;251;99;182;97;0,78;112;63;58;8;5;0,26;0,17;4/24;25;158;163;146;19;13;219;16;9;3;25
5279;Valorant Masters Bangkok 2025;All Stages;All Match Types;Sylvan;T1;408;102;186;97;0,77;115;64;64;8;4;0,27;0,17;7/42;25;260;267;262;31;18;219;16;9;3;25
5280;Valorant Masters Bangkok 2025;All Stages;All Match Types;stax;T1;73;89;146;82;0,68;102;51;42;3;4;0,27;0,33;3/9;19;37;45;31;2;3;72;16;9;3;25
5281;Valorant Masters Bangkok 2025;All Stages;All Match Types;stax;T1;84;11;174;115;0,7;126;65;3;4;5;0,4;0,23;3/13;20;55;48;25;3;4;72;16;9;3;25
5282;Valorant Masters Bangkok 2025;All Stages;All Match Types;stax;T1;58;111;186;111;0,79;118;72;53;9;3;0,34;0,17;1/6;17;42;38;31;5;2;72;16;9;3;25
5283;Valorant Masters Bangkok 2025;All Stages;All Match Types;stax;T1;214;98;174;97;0,75;123;62;29;4;5;0,29;0,07;2/27;22;132;136;61;8;10;72;16;9;3;25
5284;Valorant Masters Bangkok 2025;All Stages;All Match Types;stax;T1;24;112;214;12;0,83;138;75;25;8;4;0,23;0,25;1/4;18;18;15;6;2;1;72;16;9;3;25
5285;Valorant Masters Bangkok 2025;All Stages;All Match Types;stax;T1;453;101;174;101;0,74;120;63;34;4;4;0,31;0,17;10/59;22;284;282;154;20;20;72;16;9;3;25
5286;Valorant Masters Bangkok 2025;All Stages;All Match Types;carpe;T1;45;63;140;57;0,67;92;44;38;9;13;0,27;0,25;1/4;14;20;35;17;4;6;240;16;9;3;25
5287;Valorant Masters Bangkok 2025;All Stages;All Match Types;iZu;T1;143;121;219;142;0,76;139;83;23;9;9;0,36;0,38;11/29;21;119;84;33;13;13;71;16;9;3;25
5288;Valorant Masters Bangkok 2025;All Stages;All Match Types;iZu;T1;82;112;186;116;0,79;118;7;23;6;4;0,3;0,17;2/12;16;57;49;19;5;3;71;16;9;3;25
5289;Valorant Masters Bangkok 2025;All Stages;All Match Types;iZu;T1;73;10;173;107;0,75;120;64;11;5;5;0,27;0,22;2/9;19;47;44;8;4;4;71;16;9;3;25
5290;Valorant Masters Bangkok 2025;All Stages;All Match Types;iZu;T1;155;113;222;119;0,73;135;76;23;17;13;0,25;0,36;4/11;20;118;99;36;26;20;71;16;9;3;25
5291;Valorant Masters Bangkok 2025;All Stages;All Match Types;iZu;T1;453;113;207;124;0,75;131;75;21;11;9;0,3;0,31;19/61;21;341;276;96;48;40;71;16;9;3;25
5292;Valorant Masters Bangkok 2025;All Stages;All Match Types;Meteor;T1;143;106;219;111;0,69;150;78;18;17;11;0,39;0,22;2/9;21;112;101;26;25;16;68;16;9;3;25
5293;Valorant Masters Bangkok 2025;All Stages;All Match Types;Meteor;T1;71;9;209;102;0,68;139;76;17;17;15;0,31;0,25;1/4;25;54;53;12;12;11;68;16;9;3;25
5294;Valorant Masters Bangkok 2025;All Stages;All Match Types;Meteor;T1;84;104;227;102;0,75;152;79;36;14;4;0,28;0,23;3/13;30;66;65;30;12;3;68;16;9;3;25
5295;Valorant Masters Bangkok 2025;All Stages;All Match Types;Meteor;T1;131;115;265;123;0,74;175;93;21;18;13;0,33;0,07;1/14;28;122;99;28;23;17;68;16;9;3;25
5296;Valorant Masters Bangkok 2025;All Stages;All Match Types;Meteor;T1;453;104;229;109;0,71;153;81;23;17;11;0,33;0,16;7/45;30;366;337;103;75;50;68;16;9;3;25
5297;Valorant Masters Bangkok 2025;All Stages;All Match Types;BuZz;T1;275;103;239;108;0,71;149;8;2;19;13;0,16;0,17;4/24;22;219;203;55;53;35;69;16;9;3;25
5298;Valorant Masters Bangkok 2025;All Stages;All Match Types;BuZz;T1;83;132;266;153;0,73;167;98;28;16;13;0,2;0,4;2/5;25;81;53;23;13;11;69;16;9;3;25
5299;Valorant Masters Bangkok 2025;All Stages;All Match Types;BuZz;T1;453;108;240;112;0,72;150;82;24;17;14;0,17;0,2;6/30;26;370;331;107;78;62;69;16;9;3;25
5300;Valorant Masters Bangkok 2025;All Stages;All Match Types;Smoggy;EDward Gaming;77;106;177;98;0,74;117;64;45;13;6;0,3;0,25;3/12;24;49;50;35;10;5;61;14;9;3;25
5301;Valorant Masters Bangkok 2025;All Stages;All Match Types;Smoggy;EDward Gaming;100;102;183;91;0,75;124;64;55;9;8;0,23;0,4;4/10;19;64;70;55;9;8;61;14;9;3;25
5302;Valorant Masters Bangkok 2025;All Stages;All Match Types;Smoggy;EDward Gaming;115;92;191;85;0,73;119;61;49;8;5;0,35;0,11;2/18;21;70;82;56;9;6;61;14;9;3;25
5303;Valorant Masters Bangkok 2025;All Stages;All Match Types;Smoggy;EDward Gaming;313;101;191;93;0,74;125;65;49;1;6;0,3;0,2;9/45;24;203;219;152;30;20;61;14;9;3;25
5304;Valorant Masters Bangkok 2025;All Stages;All Match Types;S1Mon;EDward Gaming;179;78;137;67;0,7;94;49;45;2;7;0,28;0,11;2/18;16;87;130;80;3;13;237;14;9;3;25
5305;Valorant Masters Bangkok 2025;All Stages;All Match Types;S1Mon;EDward Gaming;77;92;185;96;0,7;117;65;25;5;3;0,37;0,33;3/9;19;50;52;19;4;2;237;14;9;3;25
5306;Valorant Masters Bangkok 2025;All Stages;All Match Types;S1Mon;EDward Gaming;57;85;156;74;0,72;98;56;6;4;5;0,28;0,13;1/8;14;32;43;34;2;3;237;14;9;3;25
5307;Valorant Masters Bangkok 2025;All Stages;All Match Types;S1Mon;EDward Gaming;313;83;152;75;0,71;101;54;42;3;6;0,3;0,17;6/35;19;169;225;133;9;18;237;14;9;3;25
5308;Valorant Masters Bangkok 2025;All Stages;All Match Types;CHICHOO;EDward Gaming;66;121;230;138;0,74;139;83;3;6;5;0,26;0,36;4/11;21;55;40;20;4;3;62;14;9;3;25
5309;Valorant Masters Bangkok 2025;All Stages;All Match Types;CHICHOO;EDward Gaming;92;126;242;127;0,71;166;88;2;4;7;0,31;0,27;4/15;36;81;64;18;4;6;62;14;9;3;25
5310;Valorant Masters Bangkok 2025;All Stages;All Match Types;CHICHOO;EDward Gaming;134;127;241;13;0,69;163;9;31;1;8;0,26;0,14;3/22;33;120;92;41;14;11;62;14;9;3;25
5311;Valorant Masters Bangkok 2025;All Stages;All Match Types;CHICHOO;EDward Gaming;313;123;236;127;0,71;158;87;28;8;7;0,28;0,22;11/51;36;271;213;87;24;22;62;14;9;3;25
5312;Valorant Masters Bangkok 2025;All Stages;All Match Types;nobody;EDward Gaming;292;92;178;89;0,7;123;62;23;8;9;0,3;0,04;1/23;25;181;203;67;24;26;60;14;9;3;25
5313;Valorant Masters Bangkok 2025;All Stages;All Match Types;nobody;EDward Gaming;313;94;180;9;0,71;124;62;23;9;9;0,3;0,04;1/24;25;195;216;71;27;27;60;14;9;3;25
5314;Valorant Masters Bangkok 2025;All Stages;All Match Types;ZmjjKK;EDward Gaming;115;114;257;118;0,66;162;93;9;22;23;0,25;0,08;1/13;33;107;91;10;25;26;238;14;9;3;25
5315;Valorant Masters Bangkok 2025;All Stages;All Match Types;ZmjjKK;EDward Gaming;313;101;236;104;0,7;151;83;19;21;22;0,23;0,04;1/27;33;260;249;59;66;70;238;14;9;3;25
5316;Valorant Masters Bangkok 2025;All Stages;All Match Types;kamyk;Team Liquid;34;10;184;10;0,76;126;68;38;9;6;0,33;0,2;1/5;23;23;23;13;3;2;107;13;9;3;25
5317;Valorant Masters Bangkok 2025;All Stages;All Match Types;kamyk;Team Liquid;49;84;164;74;0,71;110;53;27;4;4;0,28;0,14;1/7;18;26;35;13;2;2;107;13;9;3;25
5318;Valorant Masters Bangkok 2025;All Stages;All Match Types;kamyk;Team Liquid;155;86;180;85;0,74;118;61;25;6;6;0,31;0,1;2/21;23;95;112;38;9;9;107;13;9;3;25
5319;Valorant Masters Bangkok 2025;All Stages;All Match Types;keiko;Team Liquid;14;128;198;183;0,79;131;79;36;7;7;0,22;0,33;1/3;11;11;6;5;1;1;58;13;9;3;25
5320;Valorant Masters Bangkok 2025;All Stages;All Match Types;keiko;Team Liquid;88;107;196;107;0,78;131;74;4;13;8;0,33;0,09;1/11;29;65;61;35;11;7;58;13;9;3;25
5321;Valorant Masters Bangkok 2025;All Stages;All Match Types;keiko;Team Liquid;155;109;199;109;0,77;138;75;34;1;8;0,3;0,1;2/20;31;117;107;52;15;12;58;13;9;3;25
5322;Valorant Masters Bangkok 2025;All Stages;All Match Types;paTiTek;Team Liquid;14;65;96;38;0,93;55;21;79;7;7;0,23;1;1/1;3;3;8;11;1;1;59;13;9;3;25
5323;Valorant Masters Bangkok 2025;All Stages;All Match Types;paTiTek;Team Liquid;155;73;144;65;0,7;98;47;43;6;8;0,25;0,07;1/15;18;73;112;67;10;13;59;13;9;3;25
5324;Valorant Masters Bangkok 2025;All Stages;All Match Types;nAts;Team Liquid;88;117;242;128;0,69;148;89;15;8;9;0,32;0,14;2/14;22;78;61;13;7;8;64;13;9;3;25
5325;Valorant Masters Bangkok 2025;All Stages;All Match Types;nAts;Team Liquid;48;136;330;147;0,79;181;104;33;1;1;0,2;0,25;1/4;25;50;34;16;5;5;64;13;9;3;25
5326;Valorant Masters Bangkok 2025;All Stages;All Match Types;nAts;Team Liquid;155;121;258;132;0,72;155;91;19;9;12;0,26;0,13;3/23;25;141;107;29;14;18;64;13;9;3;25
5327;Valorant Masters Bangkok 2025;All Stages;All Match Types;kamo;Team Liquid;14;142;257;217;0,79;175;93;29;21;14;0,24;1;1/1;13;13;6;4;3;2;65;13;9;3;25
5328;Valorant Masters Bangkok 2025;All Stages;All Match Types;kamo;Team Liquid;73;99;201;96;0,6;142;74;15;14;14;0,25;0,14;1/7;34;54;56;11;10;10;65;13;9;3;25
5329;Valorant Masters Bangkok 2025;All Stages;All Match Types;kamo;Team Liquid;155;99;215;102;0,66;144;75;15;18;17;0,27;0,13;2/15;34;117;115;23;28;27;65;13;9;3;25
5330;Valorant Masters Bangkok 2025;All Stages;All Match Types;bang;Sentinels;53;86;178;84;0,72;105;6;38;11;11;0,31;0,5;2/4;22;32;38;20;6;6;47;9;9;3;25
5331;Valorant Masters Bangkok 2025;All Stages;All Match Types;bang;Sentinels;103;93;186;91;0,68;114;65;32;11;11;0,31;0,25;2/8;22;67;74;33;11;11;47;9;9;3;25
5332;Valorant Masters Bangkok 2025;All Stages;All Match Types;N4RRATE;Sentinels;23;113;206;10;0,87;150;65;7;9;4;0,25;0,2;1/5;15;15;15;16;2;1;41;9;9;3;25
5333;Valorant Masters Bangkok 2025;All Stages;All Match Types;N4RRATE;Sentinels;30;147;319;143;0,87;205;11;4;17;3;0,31;0,2;1/5;33;33;23;12;5;1;41;9;9;3;25
5334;Valorant Masters Bangkok 2025;All Stages;All Match Types;N4RRATE;Sentinels;103;105;202;97;0,76;148;73;39;13;4;0,27;0,13;2/15;33;75;77;40;13;4;41;9;9;3;25
5335;Valorant Masters Bangkok 2025;All Stages;All Match Types;zekken;Sentinels;53;93;195;108;0,75;132;74;6;15;25;0,35;0,25;1/4;25;39;36;3;8;13;42;9;9;3;25
5336;Valorant Masters Bangkok 2025;All Stages;All Match Types;zekken;Sentinels;103;92;197;99;0,69;135;7;11;16;23;0,29;0,14;1/7;25;72;73;11;16;24;42;9;9;3;25
5337;Valorant Masters Bangkok 2025;All Stages;All Match Types;Less;Team Vitality;24;84;156;72;0,67;113;54;46;0;13;0,38;0,25;1/4;13;13;18;11;0;3;104;20;9;3;25
5338;Valorant Masters Bangkok 2025;All Stages;All Match Types;Less;Team Vitality;161;107;212;109;0,69;133;77;28;7;11;0,28;0,25;5/20;23;124;114;45;12;18;104;20;9;3;25
5339;Valorant Masters Bangkok 2025;All Stages;All Match Types;Less;Team Vitality;225;103;197;103;0,68;129;72;31;6;12;0,29;0,2;6/30;23;163;159;69;14;26;104;20;9;3;25
5340;Valorant Masters Bangkok 2025;All Stages;All Match Types;Kicks;Team Vitality;89;79;144;75;0,74;100;53;33;1;9;0,26;0,23;3/13;15;47;63;29;1;8;85;20;9;3;25
5341;Valorant Masters Bangkok 2025;All Stages;All Match Types;Kicks;Team Vitality;71;117;219;124;0,73;134;79;44;6;8;0,27;0,38;3/8;20;56;45;31;4;6;85;20;9;3;25
5342;Valorant Masters Bangkok 2025;All Stages;All Match Types;Kicks;Team Vitality;225;94;174;93;0,73;115;63;36;5;11;0,27;0,22;6/27;20;142;153;82;11;25;85;20;9;3;25
5343;Valorant Masters Bangkok 2025;All Stages;All Match Types;trexx;Team Vitality;90;94;168;79;0,63;109;56;48;4;6;0,15;0,25;3/12;20;50;63;43;4;5;63;20;9;3;25
5344;Valorant Masters Bangkok 2025;All Stages;All Match Types;trexx;Team Vitality;225;109;207;102;0,72;134;68;44;5;5;0,19;0,09;3/32;28;153;150;98;12;11;63;20;9;3;25
5345;Valorant Masters Bangkok 2025;All Stages;All Match Types;Derke;Team Vitality;24;169;359;188;0,71;223;133;13;29;25;0,34;0,5;1/2;32;32;17;3;7;6;109;20;9;3;25
5346;Valorant Masters Bangkok 2025;All Stages;All Match Types;Derke;Team Vitality;184;114;255;116;0,71;164;89;17;2;18;0,2;0,31;4/13;25;163;140;32;36;34;109;20;9;3;25
5347;Valorant Masters Bangkok 2025;All Stages;All Match Types;Derke;Team Vitality;225;118;257;12;0,7;167;91;17;2;2;0,22;0,31;5/16;32;204;170;38;46;45;109;20;9;3;25
5348;Valorant Masters Bangkok 2025;All Stages;All Match Types;Sayf;Team Vitality;42;8;155;69;0,74;97;52;4;1;12;0,24;0,2;1/5;15;22;32;17;4;5;86;20;9;3;25
5349;Valorant Masters Bangkok 2025;All Stages;All Match Types;Sayf;Team Vitality;118;67;128;67;0,68;86;45;23;5;1;0,21;0,1;1/10;16;53;79;27;6;12;86;20;9;3;25
5350;Valorant Masters Bangkok 2025;All Stages;All Match Types;Sayf;Team Vitality;225;75;156;74;0,69;100;53;25;7;9;0,22;0,09;2/22;18;119;160;56;15;20;86;20;9;3;25
5351;Valorant Masters Bangkok 2025;All Stages;All Match Types;MaKo;DRX;17;8;162;69;0,71;112;53;47;0;0;0,21;0,33;1/3;9;9;13;8;0;0;16;5;9;3;25
5352;Valorant Masters Bangkok 2025;All Stages;All Match Types;MaKo;DRX;45;71;136;51;0,71;93;4;47;2;11;0,22;0,14;1/7;9;18;35;21;1;5;16;5;9;3;25
5353;Valorant Masters Bangkok 2025;All Stages;All Match Types;MaKo;DRX;149;92;173;83;0,74;118;57;48;5;11;0,24;0,13;2/15;25;85;103;72;8;16;16;5;9;3;25
5354;Valorant Masters Bangkok 2025;All Stages;All Match Types;BeYN;DRX;108;113;187;109;0,79;122;65;46;6;6;0,26;0,08;1/12;17;70;64;50;7;6;15;5;9;3;25
5355;Valorant Masters Bangkok 2025;All Stages;All Match Types;BeYN;DRX;24;122;188;121;0,83;107;71;42;4;4;0,26;0,6;3/5;17;17;14;10;1;1;15;5;9;3;25
5356;Valorant Masters Bangkok 2025;All Stages;All Match Types;BeYN;DRX;149;108;182;103;0,78;117;64;44;6;7;0,25;0,21;4/19;17;95;92;65;9;10;15;5;9;3;25
5357;Valorant Masters Bangkok 2025;All Stages;All Match Types;Flashback;DRX;132;101;181;103;0,71;129;68;15;9;8;0,27;0,11;2/19;26;90;87;20;12;11;38;5;9;3;25
5358;Valorant Masters Bangkok 2025;All Stages;All Match Types;Flashback;DRX;149;10;180;10;0,71;126;68;17;9;7;0,26;0,08;2/25;26;101;101;26;13;11;38;5;9;3;25
5359;Valorant Masters Bangkok 2025;All Stages;All Match Types;free1ng;DRX;149;11;227;116;0,77;147;79;26;12;11;0,29;0,07;1/15;24;117;101;38;18;16;14;5;9;3;25
5360;Valorant Masters Bangkok 2025;All Stages;All Match Types;FengF;Trace Esports;37;69;179;67;0,62;121;59;11;14;22;0,18;0,25;1/4;14;22;33;4;5;8;241;42;9;3;25
5361;Valorant Masters Bangkok 2025;All Stages;All Match Types;FengF;Trace Esports;74;55;151;56;0,57;105;47;16;11;2;0,21;0,13;1/8;14;35;63;12;8;15;241;42;9;3;25
5362;Valorant Masters Bangkok 2025;All Stages;All Match Types;Biank;Trace Esports;37;99;172;81;0,62;114;59;38;11;8;0,15;0,25;1/4;14;22;27;14;4;3;239;42;9;3;25
5363;Valorant Masters Bangkok 2025;All Stages;All Match Types;Biank;Trace Esports;37;71;161;63;0,57;117;51;11;3;8;0,25;0,2;1/5;13;19;30;4;1;3;239;42;9;3;25
5364;Valorant Masters Bangkok 2025;All Stages;All Match Types;Biank;Trace Esports;74;85;167;72;0,59;116;55;24;7;8;0,19;0,22;2/9;14;41;57;18;5;6;239;42;9;3;25
5365;Valorant Masters Bangkok 2025;All Stages;All Match Types;Kai;Trace Esports;37;102;202;10;0,68;138;76;5;16;16;0,28;0,2;1/5;20;28;28;2;6;6;242;42;9;3;25
5366;Valorant Masters Bangkok 2025;All Stages;All Match Types;Kai;Trace Esports;74;92;201;87;0,62;129;73;12;14;12;0,31;0,08;1/13;20;54;62;9;10;9;242;42;9;3;25
5367;VCT 2025: EMEA Kickoff;Main Event;Upper Round 1;SUYGETSU;Karmine Corp;38;143;229;16;0,82;148;84;32;11;3;0,39;0,4;2/5;19;32;20;12;4;1;81;19;10;5;26
5368;VCT 2025: EMEA Kickoff;Main Event;Upper Round 1;SUYGETSU;Karmine Corp;57;117;187;119;0,82;121;67;37;9;11;0,38;0,25;2/8;19;38;32;21;5;6;81;19;10;5;26
5369;VCT 2025: EMEA Kickoff;Main Event;Upper Round 1;saadhak;Karmine Corp;42;93;176;10;0,74;102;64;36;2;14;0,28;0,4;2/5;16;27;27;15;1;6;92;19;10;5;26
5370;VCT 2025: EMEA Kickoff;Main Event;Upper Round 1;saadhak;Karmine Corp;57;99;164;109;0,77;96;61;37;5;12;0,26;0,4;2/5;16;35;32;21;3;7;92;19;10;5;26
5371;VCT 2025: EMEA Kickoff;Main Event;Upper Round 1;Avez;Karmine Corp;42;133;260;13;0,79;176;83;4;7;1;0,39;0,33;1/3;22;35;27;17;3;4;84;19;10;5;26
5372;VCT 2025: EMEA Kickoff;Main Event;Upper Round 1;Avez;Karmine Corp;57;143;252;161;0,82;168;88;33;7;9;0,35;0,33;1/3;22;50;31;19;4;5;84;19;10;5;26
5373;VCT 2025: EMEA Kickoff;Main Event;Upper Round 1;PROFEK;BBL Esports;48;113;218;126;0,69;144;81;27;1;4;0,3;0,17;1/6;20;39;31;13;5;2;76;17;10;5;26
5374;VCT 2025: EMEA Kickoff;Main Event;Upper Round 1;PROFEK;BBL Esports;66;116;237;135;0,71;150;88;29;12;3;0,29;0,14;1/7;20;58;43;19;8;2;76;17;10;5;26
5375;VCT 2025: EMEA Kickoff;Main Event;Upper Round 1;Jamppi;BBL Esports;48;94;177;94;0,79;118;6;4;6;13;0,42;0,25;1/4;15;29;31;19;3;6;73;17;10;5;26
5376;VCT 2025: EMEA Kickoff;Main Event;Upper Round 1;Jamppi;BBL Esports;18;116;170;163;0,72;127;72;17;0;6;0,23;0,5;1/2;13;13;8;3;0;1;73;17;10;5;26
5377;VCT 2025: EMEA Kickoff;Main Event;Upper Round 1;Jamppi;BBL Esports;66;10;175;108;0,77;121;64;33;5;11;0,36;0,33;2/6;15;42;39;22;3;7;73;17;10;5;26
5378;VCT 2025: EMEA Kickoff;Main Event;Upper Round 1;sociablEE;BBL Esports;18;17;380;208;0,94;224;139;11;33;6;0,16;0,25;1/4;25;25;12;2;6;1;77;17;10;5;26
5379;VCT 2025: EMEA Kickoff;Main Event;Upper Round 1;sociablEE;BBL Esports;22;114;204;142;0,77;150;77;27;5;14;0,28;0,5;1/2;17;17;12;6;1;3;77;17;10;5;26
5380;VCT 2025: EMEA Kickoff;Main Event;Upper Round 1;sociablEE;BBL Esports;66;122;252;145;0,8;155;88;17;12;8;0,22;0,17;2/12;25;58;40;11;8;5;77;17;10;5;26
5381;VCT 2025: EMEA Kickoff;Main Event;Upper Round 1;Shao;Natus Vincere;23;121;191;133;0,87;128;7;43;9;4;0,28;0,75;3/4;16;16;12;10;2;1;78;18;10;5;26
5382;VCT 2025: EMEA Kickoff;Main Event;Upper Round 1;Shao;Natus Vincere;57;105;160;106;0,79;108;63;26;11;5;0,3;0,25;3/12;16;36;34;15;6;3;78;18;10;5;26
5383;VCT 2025: EMEA Kickoff;Main Event;Upper Round 1;koalanoob;Natus Vincere;23;123;274;15;0,78;180;104;17;26;22;0,28;0,5;1/2;24;24;16;4;6;5;204;18;10;5;26
5384;VCT 2025: EMEA Kickoff;Main Event;Upper Round 1;koalanoob;Natus Vincere;57;93;205;102;0,65;137;75;21;18;19;0,24;0,2;1/5;24;43;42;12;10;11;204;18;10;5;26
5385;VCT 2025: EMEA Kickoff;Main Event;Upper Round 1;Kada;Gentle Mates;26;95;144;75;0,65;96;46;5;4;0;0,31;0,5;1/2;12;12;16;13;1;0;211;21;10;5;26
5386;VCT 2025: EMEA Kickoff;Main Event;Upper Round 1;Kada;Gentle Mates;46;99;152;89;0,72;100;52;41;9;0;0,34;0,25;1/4;12;24;27;19;4;0;211;21;10;5;26
5387;VCT 2025: EMEA Kickoff;Main Event;Upper Round 1;Zyppan;Gentle Mates;26;112;219;122;0,73;143;85;19;8;15;0,31;0,5;1/2;22;22;18;5;2;4;212;21;10;5;26
5388;VCT 2025: EMEA Kickoff;Main Event;Upper Round 1;Zyppan;Gentle Mates;46;118;218;134;0,72;151;85;35;9;9;0,33;0,5;1/2;22;39;29;16;4;4;212;21;10;5;26
5389;VCT 2025: EMEA Kickoff;Main Event;Upper Round 1;Minny;Gentle Mates;26;127;242;147;0,73;143;96;23;4;8;0,44;0,14;1/7;25;25;17;6;1;2;89;21;10;5;26
5390;VCT 2025: EMEA Kickoff;Main Event;Upper Round 1;Minny;Gentle Mates;46;129;237;145;0,76;147;91;24;9;7;0,37;0,11;1/9;25;42;29;11;4;3;89;21;10;5;26
5391;VCT 2025: EMEA Kickoff;Main Event;Upper Round 1;Click;Gentle Mates;20;142;252;182;0,85;168;10;15;15;25;0,46;1;1/1;20;20;11;3;3;5;217;21;10;5;26
5392;VCT 2025: EMEA Kickoff;Main Event;Upper Round 1;Click;Gentle Mates;46;122;261;13;0,76;170;93;15;26;17;0,34;0,5;1/2;23;43;33;7;12;8;217;21;10;5;26
5393;VCT 2025: EMEA Kickoff;Main Event;Upper Round 1;AvovA;Apeks;20;97;180;8;0,75;114;6;3;15;5;0,33;0,2;1/5;12;12;15;6;3;1;102;24;10;5;26
5394;VCT 2025: EMEA Kickoff;Main Event;Upper Round 1;AvovA;Apeks;46;87;182;85;0,78;108;63;37;13;4;0,36;0,1;1/10;17;29;34;17;6;2;102;24;10;5;26
5395;VCT 2025: EMEA Kickoff;Main Event;Upper Round 1;oderus;Apeks;20;4;127;44;0,55;80;4;35;0;15;0,38;0,5;1/2;8;8;18;7;0;3;243;24;10;5;26
5396;VCT 2025: EMEA Kickoff;Main Event;Upper Round 1;oderus;Apeks;26;128;242;144;0,73;172;88;23;0;12;0,38;0,33;1/3;23;23;16;6;0;3;243;24;10;5;26
5397;VCT 2025: EMEA Kickoff;Main Event;Upper Round 1;oderus;Apeks;46;9;184;91;0,65;132;67;28;0;13;0,38;0,4;2/5;23;31;34;13;0;6;243;24;10;5;26
5398;VCT 2025: EMEA Kickoff;Main Event;Upper Round 1;florescent;Apeks;46;109;244;108;0,7;164;85;7;17;13;0,35;0,17;1/6;20;39;36;3;8;6;214;24;10;5;26
5399;VCT 2025: EMEA Kickoff;Main Event;Upper Round 1;grubinho;KOI;39;92;153;85;0,64;102;59;33;8;1;0,26;0,25;2/8;15;23;27;13;3;4;40;22;10;5;26
5400;VCT 2025: EMEA Kickoff;Main Event;Upper Round 1;grubinho;KOI;62;109;184;105;0,74;116;69;42;11;1;0,26;0,22;2/9;20;43;41;26;7;6;40;22;10;5;26
5401;VCT 2025: EMEA Kickoff;Main Event;Upper Round 1;soulcas;KOI;16;7;149;75;0,69;115;56;13;6;0;0,28;0,17;1/6;9;9;12;2;1;0;215;22;10;5;26
5402;VCT 2025: EMEA Kickoff;Main Event;Upper Round 1;soulcas;KOI;23;97;181;107;0,78;118;65;22;4;13;0,32;0,5;1/2;15;15;14;5;1;3;215;22;10;5;26
5403;VCT 2025: EMEA Kickoff;Main Event;Upper Round 1;soulcas;KOI;62;81;164;88;0,74;118;61;15;3;5;0,34;0,22;2/9;15;38;43;9;2;3;215;22;10;5;26
5404;VCT 2025: EMEA Kickoff;Main Event;Upper Round 1;Filu;KOI;23;92;200;94;0,7;139;74;13;22;22;0,25;0,33;1/3;17;17;18;3;5;5;111;22;10;5;26
5405;VCT 2025: EMEA Kickoff;Main Event;Upper Round 1;Filu;KOI;62;111;245;108;0,77;158;85;15;16;21;0,28;0,11;1/9;22;53;49;9;10;13;111;22;10;5;26
5406;VCT 2025: EMEA Kickoff;Main Event;Upper Round 1;sheydos;KOI;46;101;178;9;0,72;127;61;24;7;2;0,36;0,5;2/4;15;28;31;11;3;1;207;22;10;5;26
5407;VCT 2025: EMEA Kickoff;Main Event;Upper Round 1;sheydos;KOI;62;82;149;71;0,68;112;52;24;5;2;0,33;0,5;2/4;15;32;45;15;3;1;207;22;10;5;26
5408;VCT 2025: EMEA Kickoff;Main Event;Upper Round 1;tomaszy;GIANTX;48;11;197;103;0,71;139;71;38;6;8;0,3;0,17;1/6;23;34;33;18;3;4;213;2;10;5;26
5409;VCT 2025: EMEA Kickoff;Main Event;Upper Round 1;tomaszy;GIANTX;66;92;179;82;0,7;125;64;36;6;9;0,28;0,1;1/10;23;42;51;24;4;6;213;2;10;5;26
5410;VCT 2025: EMEA Kickoff;Main Event;Upper Round 1;runneR;GIANTX;26;105;165;88;0,65;99;58;42;0;0;0,42;0,2;1/5;15;15;17;11;0;0;208;2;10;5;26
5411;VCT 2025: EMEA Kickoff;Main Event;Upper Round 1;runneR;GIANTX;66;94;148;71;0,68;90;48;47;3;2;0,34;0,1;1/10;15;32;45;31;2;1;208;2;10;5;26
5412;VCT 2025: EMEA Kickoff;Main Event;Upper Round 1;Cloud;GIANTX;44;126;242;121;0,64;159;8;16;11;18;0,4;0,14;1/7;18;35;29;7;5;8;7;2;10;5;26
5413;VCT 2025: EMEA Kickoff;Main Event;Upper Round 1;Cloud;GIANTX;66;122;241;111;0,65;162;79;2;14;14;0,34;0,1;1/10;18;52;47;13;9;9;7;2;10;5;26
5414;VCT 2025: EMEA Kickoff;Main Event;Upper Round 1;westside;GIANTX;22;118;196;113;0,86;139;77;23;9;14;0,45;0,2;1/5;17;17;15;5;2;3;6;2;10;5;26
5415;VCT 2025: EMEA Kickoff;Main Event;Upper Round 1;westside;GIANTX;66;96;176;88;0,68;126;65;21;6;9;0,39;0,1;1/10;17;43;49;14;4;6;6;2;10;5;26
5416;VCT 2025: EMEA Kickoff;Main Event;Upper Round 1;paTiTek;Team Liquid;16;144;249;188;0,94;161;94;81;6;0;0,32;0,5;1/2;15;15;8;13;1;0;59;13;10;5;26
5417;VCT 2025: EMEA Kickoff;Main Event;Upper Round 1;paTiTek;Team Liquid;23;98;168;10;0,87;120;61;39;4;13;0,27;0,33;1/3;14;14;14;9;1;3;59;13;10;5;26
5418;VCT 2025: EMEA Kickoff;Main Event;Upper Round 1;paTiTek;Team Liquid;62;11;204;113;0,87;139;69;52;5;8;0,22;0,25;2/8;15;43;38;32;3;5;59;13;10;5;26
5419;VCT 2025: EMEA Kickoff;Main Event;Upper Round 1;keiko;Team Liquid;16;173;293;257;0,94;190;113;31;25;6;0,5;0,33;1/3;18;18;7;5;4;1;58;13;10;5;26
5420;VCT 2025: EMEA Kickoff;Main Event;Upper Round 1;keiko;Team Liquid;62;152;277;176;0,84;173;105;37;13;6;0,55;0,14;1/7;28;65;37;23;8;4;58;13;10;5;26
5421;VCT 2025: EMEA Kickoff;Main Event;Upper Round 1;kamyk;Team Liquid;16;119;166;157;0,81;112;69;19;0;0;0,12;1;1/1;11;11;7;3;0;0;107;13;10;5;26
5422;VCT 2025: EMEA Kickoff;Main Event;Upper Round 1;kamyk;Team Liquid;62;97;169;114;0,71;110;66;15;8;11;0,26;0,17;1/6;18;41;36;9;5;7;107;13;10;5;26
5423;VCT 2025: EMEA Kickoff;Main Event;Upper Quarterfinals;PROFEK;BBL Esports;42;116;217;117;0,64;148;83;21;7;1;0,28;0,43;3/7;22;35;30;9;3;4;76;17;10;5;1
5424;VCT 2025: EMEA Kickoff;Main Event;Upper Quarterfinals;PROFEK;BBL Esports;65;112;205;109;0,68;145;75;28;6;8;0,3;0,3;3/10;22;49;45;18;4;5;76;17;10;5;1
5425;VCT 2025: EMEA Kickoff;Main Event;Upper Quarterfinals;vakk;BBL Esports;23;115;220;113;0,7;135;78;22;4;0;0,44;0,5;2/4;18;18;16;5;1;0;244;17;10;5;1
5426;VCT 2025: EMEA Kickoff;Main Event;Upper Quarterfinals;vakk;BBL Esports;21;15;92;32;0,38;63;29;19;5;29;0,33;0,2;1/5;6;6;19;4;1;6;244;17;10;5;1
5427;VCT 2025: EMEA Kickoff;Main Event;Upper Quarterfinals;vakk;BBL Esports;65;67;142;64;0,6;92;49;22;5;9;0,38;0,3;3/10;18;32;50;14;3;6;244;17;10;5;1
5428;VCT 2025: EMEA Kickoff;Main Event;Upper Quarterfinals;Jamppi;BBL Esports;42;95;176;88;0,76;118;67;29;5;7;0,32;0,75;3/4;15;28;32;12;2;3;73;17;10;5;1
5429;VCT 2025: EMEA Kickoff;Main Event;Upper Quarterfinals;Jamppi;BBL Esports;65;83;166;8;0,72;108;62;31;5;9;0,26;0,5;3/6;15;40;50;20;3;6;73;17;10;5;1
5430;VCT 2025: EMEA Kickoff;Main Event;Upper Quarterfinals;sociablEE;BBL Esports;23;12;219;136;0,65;136;83;13;17;17;0,21;0,33;1/3;19;19;14;3;4;4;77;17;10;5;1
5431;VCT 2025: EMEA Kickoff;Main Event;Upper Quarterfinals;sociablEE;BBL Esports;21;89;219;83;0,71;152;71;33;0;0;0,27;0,33;1/3;15;15;18;7;0;0;77;17;10;5;1
5432;VCT 2025: EMEA Kickoff;Main Event;Upper Quarterfinals;sociablEE;BBL Esports;21;108;237;89;0,67;148;81;19;5;5;0,18;0,17;1/6;17;17;19;4;1;1;77;17;10;5;1
5433;VCT 2025: EMEA Kickoff;Main Event;Upper Quarterfinals;sociablEE;BBL Esports;65;106;225;10;0,68;145;78;22;8;8;0,21;0,25;3/12;19;51;51;14;5;5;77;17;10;5;1
5434;VCT 2025: EMEA Kickoff;Main Event;Upper Quarterfinals;LewN;BBL Esports;44;98;222;109;0,68;141;8;9;25;27;0,47;0,5;1/2;19;35;32;4;11;12;75;17;10;5;1
5435;VCT 2025: EMEA Kickoff;Main Event;Upper Quarterfinals;LewN;BBL Esports;65;85;195;84;0,69;128;66;18;18;25;0,41;0,2;1/5;19;43;51;12;12;16;75;17;10;5;1
5436;VCT 2025: EMEA Kickoff;Main Event;Upper Quarterfinals;AtaKaptan;FUT Esports;39;113;212;112;0,85;135;74;46;8;8;0,23;0,75;3/4;17;29;26;18;3;3;205;23;10;5;1
5437;VCT 2025: EMEA Kickoff;Main Event;Upper Quarterfinals;MrFaliN;FUT Esports;19;87;187;108;0,68;123;68;26;5;0;0,29;0,5;1/2;13;13;12;5;1;0;99;23;10;5;1
5438;VCT 2025: EMEA Kickoff;Main Event;Upper Quarterfinals;MrFaliN;FUT Esports;39;96;189;112;0,72;123;72;23;5;8;0,23;0,33;1/3;15;28;25;9;2;3;99;23;10;5;1
5439;VCT 2025: EMEA Kickoff;Main Event;Upper Quarterfinals;yetujey;FUT Esports;39;118;214;12;0,79;154;77;36;8;8;0,25;0,5;4/8;15;30;25;14;3;3;97;23;10;5;1
5440;VCT 2025: EMEA Kickoff;Main Event;Upper Quarterfinals;xeus;FUT Esports;20;113;193;133;0,75;113;8;15;15;2;0,42;0,33;1/3;16;16;12;3;3;4;206;23;10;5;1
5441;VCT 2025: EMEA Kickoff;Main Event;Upper Quarterfinals;xeus;FUT Esports;39;103;212;114;0,79;138;82;18;21;18;0,39;0,2;1/5;16;32;28;7;8;7;206;23;10;5;1
5442;VCT 2025: EMEA Kickoff;Main Event;Upper Quarterfinals;benjyfishy;Team Heretics;21;149;258;22;0,86;176;105;1;1;5;0,4;0,5;1/2;22;22;10;2;2;1;4;1;10;5;1
5443;VCT 2025: EMEA Kickoff;Main Event;Upper Quarterfinals;benjyfishy;Team Heretics;54;102;173;123;0,69;124;69;7;4;15;0,37;0,17;1/6;22;37;30;4;2;8;4;1;10;5;1
5444;VCT 2025: EMEA Kickoff;Main Event;Upper Quarterfinals;RieNs;Team Heretics;16;142;216;20;0,94;161;88;44;6;6;0,49;0,33;1/3;14;14;7;7;1;1;2;1;10;5;1
5445;VCT 2025: EMEA Kickoff;Main Event;Upper Quarterfinals;RieNs;Team Heretics;17;93;189;85;0,53;135;65;0;0;12;0,5;0,17;1/6;11;11;13;0;0;2;2;1;10;5;1
5446;VCT 2025: EMEA Kickoff;Main Event;Upper Quarterfinals;RieNs;Team Heretics;54;113;199;118;0,76;144;72;24;7;9;0,46;0,17;2/12;14;39;33;13;4;5;2;1;10;5;1
5447;VCT 2025: EMEA Kickoff;Main Event;Upper Quarterfinals;keiko;Team Liquid;19;63;146;5;0,63;109;42;21;11;11;0,28;0,33;1/3;8;8;16;4;2;2;58;13;10;5;1
5448;VCT 2025: EMEA Kickoff;Main Event;Upper Quarterfinals;keiko;Team Liquid;39;86;172;74;0,72;125;59;28;8;13;0,44;0,14;1/7;15;23;31;11;3;5;58;13;10;5;1
5449;VCT 2025: EMEA Kickoff;Main Event;Upper Quarterfinals;nAts;Team Liquid;39;102;226;103;0,82;156;79;28;3;3;0,29;0,14;1/7;17;31;30;11;1;1;64;13;10;5;1
5450;VCT 2025: EMEA Kickoff;Main Event;Upper Quarterfinals;crashies;FNATIC;42;105;201;115;0,79;147;71;29;7;5;0,38;0,13;1/8;21;30;26;12;3;2;17;6;10;5;1
5451;VCT 2025: EMEA Kickoff;Main Event;Upper Quarterfinals;crashies;FNATIC;65;106;186;121;0,8;129;71;26;6;3;0,38;0,08;1/13;21;46;38;17;4;2;17;6;10;5;1
5452;VCT 2025: EMEA Kickoff;Main Event;Upper Quarterfinals;Boaster;FNATIC;21;143;260;154;0,9;158;95;71;19;1;0,19;1;3/3;20;20;13;15;4;2;32;6;10;5;1
5453;VCT 2025: EMEA Kickoff;Main Event;Upper Quarterfinals;Boaster;FNATIC;65;113;221;111;0,74;141;77;49;14;12;0,22;0,5;3/6;20;50;45;32;9;8;32;6;10;5;1
5454;VCT 2025: EMEA Kickoff;Main Event;Upper Quarterfinals;Alfajer;FNATIC;21;87;200;10;0,76;132;71;43;33;1;0,17;0,5;1/2;15;15;15;9;7;2;18;6;10;5;1
5455;VCT 2025: EMEA Kickoff;Main Event;Upper Quarterfinals;Alfajer;FNATIC;65;107;231;11;0,74;150;83;34;18;5;0,22;0,13;1/8;21;54;49;22;12;3;18;6;10;5;1
5456;VCT 2025: EMEA Kickoff;Main Event;Upper Quarterfinals;SUYGETSU;Karmine Corp;54;97;188;103;0,69;114;67;3;7;4;0,48;0,14;1/7;19;36;35;16;4;2;81;19;10;5;1
5457;VCT 2025: EMEA Kickoff;Main Event;Upper Quarterfinals;SUYGETSU;Karmine Corp;18;125;250;121;0,72;162;94;44;6;17;0,34;0,2;1/5;17;17;14;8;1;3;81;19;10;5;1
5458;VCT 2025: EMEA Kickoff;Main Event;Upper Quarterfinals;SUYGETSU;Karmine Corp;72;104;209;108;0,69;126;74;33;7;7;0,42;0,17;2/12;19;53;49;24;5;5;81;19;10;5;1
5459;VCT 2025: EMEA Kickoff;Main Event;Upper Quarterfinals;saadhak;Karmine Corp;22;123;236;138;0,91;149;82;27;14;0;0,21;0,33;1/3;18;18;13;6;3;0;92;19;10;5;1
5460;VCT 2025: EMEA Kickoff;Main Event;Upper Quarterfinals;saadhak;Karmine Corp;72;88;178;82;0,75;119;58;36;1;13;0,27;0,13;1/8;18;42;51;26;7;9;92;19;10;5;1
5461;VCT 2025: EMEA Kickoff;Main Event;Upper Quarterfinals;Elite;Karmine Corp;54;97;166;91;0,81;123;56;35;7;9;0,38;0,1;1/10;19;30;33;19;4;5;91;19;10;5;1
5462;VCT 2025: EMEA Kickoff;Main Event;Upper Quarterfinals;Elite;Karmine Corp;72;95;180;94;0,78;130;63;26;7;13;0,4;0,08;1/13;19;45;48;19;5;9;91;19;10;5;1
5463;VCT 2025: EMEA Kickoff;Main Event;Upper Quarterfinals;marteen;Karmine Corp;72;95;192;10;0,67;127;69;22;14;15;0,3;0,25;1/4;26;50;50;16;10;11;82;19;10;5;1
5464;VCT 2025: EMEA Kickoff;Main Event;Upper Quarterfinals;Less;Team Vitality;32;97;125;81;0,69;83;41;56;3;3;0,28;0,57;4/7;13;13;16;18;1;1;104;20;10;5;1
5465;VCT 2025: EMEA Kickoff;Main Event;Upper Quarterfinals;Less;Team Vitality;18;138;214;167;0,72;147;83;17;11;0;0,38;0,33;1/3;15;15;9;3;2;0;104;20;10;5;1
5466;VCT 2025: EMEA Kickoff;Main Event;Upper Quarterfinals;Less;Team Vitality;72;9;157;86;0,63;101;51;36;6;6;0,3;0,45;5/11;15;37;43;26;4;4;104;20;10;5;1
5467;VCT 2025: EMEA Kickoff;Main Event;Upper Quarterfinals;Kicks;Team Vitality;18;115;261;121;0,83;155;94;5;22;6;0,36;1;1/1;17;17;14;9;4;1;85;20;10;5;1
5468;VCT 2025: EMEA Kickoff;Main Event;Upper Quarterfinals;Kicks;Team Vitality;72;92;194;89;0,76;115;67;46;11;7;0,35;0,5;1/2;18;48;54;33;8;5;85;20;10;5;1
5469;VCT 2025: EMEA Kickoff;Main Event;Upper Quarterfinals;trexx;Team Vitality;50;131;256;147;0,74;160;88;26;8;2;0,16;0,11;1/9;29;44;30;13;4;1;63;20;10;5;1
5470;VCT 2025: EMEA Kickoff;Main Event;Upper Quarterfinals;trexx;Team Vitality;72;121;243;122;0,71;155;76;43;1;3;0,15;0,07;1/15;29;55;45;31;7;2;63;20;10;5;1
5471;VCT 2025: EMEA Kickoff;Main Event;Upper Quarterfinals;Sayf;Team Vitality;18;83;178;92;0,72;113;67;39;17;11;0,19;0,5;1/2;12;12;13;7;3;2;86;20;10;5;1
5472;VCT 2025: EMEA Kickoff;Main Event;Upper Quarterfinals;Sayf;Team Vitality;54;9;158;94;0,69;113;57;2;6;15;0,31;0,25;1/4;19;31;33;11;3;8;86;20;10;5;1
5473;VCT 2025: EMEA Kickoff;Main Event;Upper Quarterfinals;Sayf;Team Vitality;72;88;165;93;0,69;113;6;25;8;14;0,28;0,33;2/6;19;43;46;18;6;10;86;20;10;5;1
5474;VCT 2025: EMEA Kickoff;Main Event;Upper Semifinals;Wo0t;Team Heretics;44;124;232;144;0,84;153;82;55;14;5;0,42;0,2;1/5;23;36;25;24;6;2;3;1;10;5;2
5475;VCT 2025: EMEA Kickoff;Main Event;Upper Semifinals;RieNs;Team Heretics;20;142;266;175;0,85;184;105;25;25;1;0,54;0,5;1/2;21;21;12;5;5;2;2;1;10;5;2
5476;VCT 2025: EMEA Kickoff;Main Event;Upper Semifinals;RieNs;Team Heretics;44;112;218;121;0,86;144;8;25;2;7;0,47;0,25;1/4;21;35;29;11;9;3;2;1;10;5;2
5477;VCT 2025: EMEA Kickoff;Main Event;Upper Semifinals;benjyfishy;Team Heretics;44;118;214;126;0,77;149;77;23;7;5;0,41;0,5;1/2;20;34;27;10;3;2;4;1;10;5;2
5478;VCT 2025: EMEA Kickoff;Main Event;Upper Semifinals;PROFEK;BBL Esports;24;88;138;59;0,63;96;42;63;0;8;0,3;0,33;2/6;10;10;17;15;0;2;76;17;10;5;2
5479;VCT 2025: EMEA Kickoff;Main Event;Upper Semifinals;PROFEK;BBL Esports;20;102;190;93;0,7;125;7;45;1;1;0,35;0,25;1/4;14;14;15;9;2;2;76;17;10;5;2
5480;VCT 2025: EMEA Kickoff;Main Event;Upper Semifinals;PROFEK;BBL Esports;44;95;164;75;0,66;110;55;55;5;9;0,32;0,3;3/10;14;24;32;24;2;4;76;17;10;5;2
5481;VCT 2025: EMEA Kickoff;Main Event;Upper Semifinals;AtaKaptan;FUT Esports;20;81;142;69;0,7;86;55;35;0;1;0,31;0,5;1/2;11;11;16;7;0;2;205;23;10;5;2
5482;VCT 2025: EMEA Kickoff;Main Event;Upper Semifinals;AtaKaptan;FUT Esports;37;66;123;52;0,68;78;43;41;0;11;0,32;0,25;1/4;11;16;31;15;0;4;205;23;10;5;2
5483;VCT 2025: EMEA Kickoff;Main Event;Upper Semifinals;yetujey;FUT Esports;17;51;135;44;0,76;96;41;29;6;12;0,16;0,5;1/2;7;7;16;5;1;2;97;23;10;5;2
5484;VCT 2025: EMEA Kickoff;Main Event;Upper Semifinals;yetujey;FUT Esports;37;76;178;71;0,76;122;59;16;11;8;0,23;0,1;1/10;15;22;31;6;4;3;97;23;10;5;2
5485;VCT 2025: EMEA Kickoff;Main Event;Upper Semifinals;trexx;Team Vitality;17;98;163;73;0,76;100;47;65;12;6;0,13;0,5;1/2;8;8;11;11;2;1;63;20;10;5;2
5486;VCT 2025: EMEA Kickoff;Main Event;Upper Semifinals;trexx;Team Vitality;37;93;148;77;0,73;98;46;46;8;5;0,14;0,33;1/3;9;17;22;17;3;2;63;20;10;5;2
5487;VCT 2025: EMEA Kickoff;Main Event;Upper Semifinals;Less;Team Vitality;37;114;204;135;0,7;137;73;24;3;8;0,27;0,5;1/2;14;27;20;9;1;3;104;20;10;5;2
5488;VCT 2025: EMEA Kickoff;Main Event;Upper Final;trexx;Team Vitality;37;157;275;183;0,73;185;89;41;3;5;0,27;0,38;3/8;17;33;18;15;1;2;63;20;10;5;3
5489;VCT 2025: EMEA Kickoff;Main Event;Upper Final;Wo0t;Team Heretics;14;78;187;69;0,5;118;64;7;14;14;0,3;0,33;1/3;9;9;13;1;2;2;3;1;10;5;3
5490;VCT 2025: EMEA Kickoff;Main Event;Upper Final;Wo0t;Team Heretics;37;10;203;10;0,7;138;73;24;8;8;0,28;0,2;1/5;18;27;27;9;3;3;3;1;10;5;3
5491;VCT 2025: EMEA Kickoff;Main Event;Upper Final;MiniBoo;Team Heretics;37;92;178;81;0,65;121;68;3;19;14;0,4;0,17;1/6;20;25;31;11;7;5;5;1;10;5;3
5492;VCT 2025: EMEA Kickoff;Main Event;Grand Final;kamyk;Team Liquid;20;126;215;131;0,7;147;85;0;0;1;0,36;0,14;1/7;17;17;13;0;0;2;107;13;10;5;4
5493;VCT 2025: EMEA Kickoff;Main Event;Grand Final;kamyk;Team Liquid;41;124;218;12;0,76;147;73;32;1;12;0,22;0,25;2/8;18;30;25;13;4;5;107;13;10;5;4
5494;VCT 2025: EMEA Kickoff;Main Event;Grand Final;kamyk;Team Liquid;103;114;204;113;0,72;136;75;2;9;1;0,28;0,12;3/25;19;77;68;21;9;10;107;13;10;5;4
5495;VCT 2025: EMEA Kickoff;Main Event;Grand Final;paTiTek;Team Liquid;23;145;238;182;0,91;155;87;22;22;0;0,26;0,33;1/3;20;20;11;5;5;0;59;13;10;5;4
5496;VCT 2025: EMEA Kickoff;Main Event;Grand Final;paTiTek;Team Liquid;103;93;162;88;0,68;109;59;22;12;4;0,24;0,11;1/9;20;61;69;23;12;4;59;13;10;5;4
5497;VCT 2025: EMEA Kickoff;Main Event;Grand Final;keiko;Team Liquid;20;85;140;85;0,7;98;55;1;1;15;0,5;1;1/1;11;11;13;2;2;3;58;13;10;5;4
5498;VCT 2025: EMEA Kickoff;Main Event;Grand Final;keiko;Team Liquid;103;117;238;117;0,75;156;85;21;11;8;0,33;0,08;1/12;25;88;75;22;11;8;58;13;10;5;4
5499;VCT 2025: EMEA Kickoff;Main Event;Grand Final;kamo;Team Liquid;60;84;198;83;0,67;134;65;15;7;13;0,28;0,25;1/4;18;39;47;9;4;8;65;13;10;5;4
5500;VCT 2025: EMEA Kickoff;Main Event;Grand Final;kamo;Team Liquid;103;88;197;92;0,7;128;68;14;1;17;0,29;0,2;1/5;18;70;76;14;10;17;65;13;10;5;4
5501;VCT 2025: EMEA Kickoff;Main Event;Grand Final;Kicks;Team Vitality;44;76;117;59;0,73;74;39;55;2;7;0,17;0,2;1/5;9;17;29;24;1;3;85;20;10;5;4
5502;VCT 2025: EMEA Kickoff;Main Event;Grand Final;Kicks;Team Vitality;39;111;215;12;0,82;127;77;33;15;1;0,25;0,17;1/6;15;30;25;13;6;4;85;20;10;5;4
5503;VCT 2025: EMEA Kickoff;Main Event;Grand Final;Kicks;Team Vitality;103;89;166;87;0,74;103;57;4;8;7;0,23;0,17;2/12;15;59;68;41;8;7;85;20;10;5;4
5504;VCT 2025: EMEA Kickoff;Main Event;Grand Final;Less;Team Vitality;62;123;218;136;0,74;148;85;24;5;5;0,35;0,43;3/7;22;53;39;15;3;3;104;20;10;5;4
5505;VCT 2025: EMEA Kickoff;Main Event;Grand Final;Less;Team Vitality;103;118;214;126;0,8;139;8;31;4;5;0,31;0,27;3/11;22;82;65;32;4;5;104;20;10;5;4
5506;VCT 2025: EMEA Kickoff;Main Event;Grand Final;trexx;Team Vitality;42;77;146;76;0,76;101;52;24;7;12;0,17;0,25;1/4;12;22;29;10;3;5;63;20;10;5;4
5507;VCT 2025: EMEA Kickoff;Main Event;Grand Final;trexx;Team Vitality;103;76;151;73;0,69;100;5;32;8;8;0,16;0,13;1/8;13;52;71;33;8;8;63;20;10;5;4
5508;VCT 2025: EMEA Kickoff;Main Event;Grand Final;Sayf;Team Vitality;41;138;248;165;0,73;149;93;2;15;5;0,17;0,25;2/8;22;38;23;8;6;2;86;20;10;5;4
5509;VCT 2025: EMEA Kickoff;Main Event;Grand Final;Sayf;Team Vitality;19;16;301;191;0,74;186;111;42;5;5;0,21;0,33;1/3;21;21;11;8;1;1;86;20;10;5;4
5510;VCT 2025: EMEA Kickoff;Main Event;Grand Final;Sayf;Team Vitality;103;115;233;124;0,67;143;84;22;11;7;0,21;0,17;3/18;22;87;70;23;11;7;86;20;10;5;4
5511;VCT 2025: EMEA Kickoff;Main Event;Lower Round 1;keiko;Team Liquid;24;147;305;147;0,67;219;104;42;13;8;0,45;0,2;1/5;25;25;17;10;3;2;58;13;10;5;5
5512;VCT 2025: EMEA Kickoff;Main Event;Lower Round 1;keiko;Team Liquid;65;143;278;151;0,8;188;10;43;8;5;0,5;0,13;1/8;25;65;43;28;5;3;58;13;10;5;5
5513;VCT 2025: EMEA Kickoff;Main Event;Lower Round 1;nAts;Team Liquid;65;101;194;109;0,69;133;72;25;8;8;0,26;0,11;1/9;19;47;43;16;5;5;64;13;10;5;5
5514;VCT 2025: EMEA Kickoff;Main Event;Lower Round 1;kamyk;Team Liquid;46;72;136;69;0,61;94;48;17;4;11;0,19;0,5;2/4;12;22;32;8;2;5;107;13;10;5;5
5515;VCT 2025: EMEA Kickoff;Main Event;Lower Round 1;kamyk;Team Liquid;65;9;162;93;0,66;112;57;2;9;8;0,22;0,4;2/5;15;37;40;13;6;5;107;13;10;5;5
5516;VCT 2025: EMEA Kickoff;Main Event;Lower Round 1;tomaszy;GIANTX;26;105;212;10;0,65;145;77;35;4;4;0,31;0,5;1/2;20;20;20;9;1;1;213;2;10;5;5
5517;VCT 2025: EMEA Kickoff;Main Event;Lower Round 1;tomaszy;GIANTX;21;78;134;77;0,67;79;48;43;1;19;0,31;0,33;1/3;10;10;13;9;2;4;213;2;10;5;5
5518;VCT 2025: EMEA Kickoff;Main Event;Lower Round 1;tomaszy;GIANTX;70;107;204;109;0,73;129;73;46;1;9;0,27;0,25;2/8;21;51;47;32;7;6;213;2;10;5;5
5519;VCT 2025: EMEA Kickoff;Main Event;Lower Round 1;runneR;GIANTX;21;127;239;20;0,9;146;95;1;19;0;0,29;0,33;1/3;20;20;10;2;4;0;208;2;10;5;5
5520;VCT 2025: EMEA Kickoff;Main Event;Lower Round 1;runneR;GIANTX;70;99;190;107;0,77;121;67;31;9;7;0,21;0,13;1/8;20;47;44;22;6;5;208;2;10;5;5
5521;VCT 2025: EMEA Kickoff;Main Event;Lower Round 1;Cloud;GIANTX;70;107;195;117;0,69;126;69;29;1;1;0,25;0,13;1/8;22;48;41;20;7;7;7;2;10;5;5
5522;VCT 2025: EMEA Kickoff;Main Event;Lower Round 1;AvovA;Apeks;46;105;181;97;0,72;130;65;28;2;7;0,31;0,14;1/7;17;30;31;13;1;3;102;24;10;5;5
5523;VCT 2025: EMEA Kickoff;Main Event;Lower Round 1;AvovA;Apeks;65;97;171;85;0,72;124;6;31;2;9;0,35;0,11;1/9;17;39;46;20;1;6;102;24;10;5;5
5524;VCT 2025: EMEA Kickoff;Main Event;Lower Round 1;MOLSI;Apeks;22;116;199;106;0,91;100;77;68;5;0;0,3;0,4;2/5;17;17;16;15;1;0;101;24;10;5;5
5525;VCT 2025: EMEA Kickoff;Main Event;Lower Round 1;MOLSI;Apeks;24;86;148;63;0,92;122;42;38;0;8;0,23;0,5;1/2;10;10;16;9;0;2;101;24;10;5;5
5526;VCT 2025: EMEA Kickoff;Main Event;Lower Round 1;MOLSI;Apeks;65;94;161;8;0,83;110;55;43;2;5;0,27;0,27;3/11;17;36;45;28;1;3;101;24;10;5;5
5527;VCT 2025: EMEA Kickoff;Main Event;Lower Round 1;batujnax;Apeks;24;143;288;169;0,71;177;113;25;25;21;0,19;0,5;1/2;27;27;16;6;6;5;218;24;10;5;5
5528;VCT 2025: EMEA Kickoff;Main Event;Lower Round 1;batujnax;Apeks;65;76;156;73;0,68;103;58;26;9;18;0,19;0,17;1/6;27;38;52;17;6;12;218;24;10;5;5
5529;VCT 2025: EMEA Kickoff;Main Event;Lower Round 1;Zyppan;Gentle Mates;36;88;136;86;0,69;88;5;39;3;11;0,33;0,25;1/4;11;18;21;14;1;4;212;21;10;5;5
5530;VCT 2025: EMEA Kickoff;Main Event;Lower Round 1;Zyppan;Gentle Mates;55;101;172;94;0,75;108;62;53;7;16;0,3;0,25;1/4;16;34;36;29;4;9;212;21;10;5;5
5531;VCT 2025: EMEA Kickoff;Main Event;Lower Round 1;Minny;Gentle Mates;19;171;307;23;0,89;192;121;11;21;5;0,43;0,4;2/5;23;23;10;2;4;1;89;21;10;5;5
5532;VCT 2025: EMEA Kickoff;Main Event;Lower Round 1;Minny;Gentle Mates;55;14;252;173;0,82;161;95;13;2;7;0,43;0,29;2/7;23;52;30;7;11;4;89;21;10;5;5
5533;VCT 2025: EMEA Kickoff;Main Event;Lower Round 1;Click;Gentle Mates;20;89;213;88;0,6;137;75;1;25;3;0,44;1;1/1;15;15;17;2;5;6;217;21;10;5;5
5534;VCT 2025: EMEA Kickoff;Main Event;Lower Round 1;Click;Gentle Mates;55;133;266;147;0,82;166;102;13;16;13;0,38;0,33;1/3;24;56;38;7;9;7;217;21;10;5;5
5535;VCT 2025: EMEA Kickoff;Main Event;Lower Round 1;RobbieBk;Gentle Mates;35;111;154;106;0,89;113;51;46;11;3;0,24;0,25;1/4;11;18;17;16;4;1;141;21;10;5;5
5536;VCT 2025: EMEA Kickoff;Main Event;Lower Round 1;RobbieBk;Gentle Mates;55;86;147;71;0,76;112;45;36;7;4;0,23;0,17;1/6;11;25;35;20;4;2;141;21;10;5;5
5537;VCT 2025: EMEA Kickoff;Main Event;Lower Round 1;Elite;Karmine Corp;23;99;144;109;0,83;93;52;26;0;9;0,33;0,33;1/3;12;12;11;6;0;2;91;19;10;5;5
5538;VCT 2025: EMEA Kickoff;Main Event;Lower Round 1;Elite;Karmine Corp;47;93;138;86;0,74;99;53;21;9;11;0,35;0,22;2/9;15;25;29;10;4;5;91;19;10;5;5
5539;VCT 2025: EMEA Kickoff;Main Event;Lower Round 1;Elite;Karmine Corp;70;95;140;93;0,77;97;53;23;6;1;0,34;0,25;3/12;15;37;40;16;4;7;91;19;10;5;5
5540;VCT 2025: EMEA Kickoff;Main Event;Lower Round 1;Avez;Karmine Corp;26;137;254;16;0,77;152;92;23;4;0;0,51;1;1/1;24;24;15;6;1;0;84;19;10;5;5
5541;VCT 2025: EMEA Kickoff;Main Event;Lower Round 1;Avez;Karmine Corp;70;98;178;89;0,77;123;6;39;3;6;0,4;0,2;1/5;24;42;47;27;2;4;84;19;10;5;5
5542;VCT 2025: EMEA Kickoff;Main Event;Lower Round 1;Shao;Natus Vincere;49;99;176;106;0,67;114;67;33;6;6;0,3;0,25;1/4;23;33;31;16;3;3;78;18;10;5;5
5543;VCT 2025: EMEA Kickoff;Main Event;Lower Round 1;Shao;Natus Vincere;71;109;207;12;0,68;131;76;32;7;6;0,28;0,13;1/8;23;54;45;23;5;4;78;18;10;5;5
5544;VCT 2025: EMEA Kickoff;Main Event;Lower Round 1;hiro;Natus Vincere;49;85;180;82;0,61;118;63;2;8;1;0,27;0,14;1/7;18;31;38;10;4;5;87;18;10;5;5
5545;VCT 2025: EMEA Kickoff;Main Event;Lower Round 1;hiro;Natus Vincere;71;91;199;92;0,66;130;69;18;1;11;0,31;0,11;1/9;18;49;53;13;7;8;87;18;10;5;5
5546;VCT 2025: EMEA Kickoff;Main Event;Lower Round 1;ANGE1;Natus Vincere;21;95;167;10;0,71;111;62;1;5;1;0,37;0,5;1/2;13;13;13;2;1;2;79;18;10;5;5
5547;VCT 2025: EMEA Kickoff;Main Event;Lower Round 1;ANGE1;Natus Vincere;50;71;136;61;0,58;103;46;26;4;8;0,34;0,29;2/7;12;23;38;13;2;4;79;18;10;5;5
5548;VCT 2025: EMEA Kickoff;Main Event;Lower Round 1;ANGE1;Natus Vincere;71;78;146;71;0,62;106;51;21;4;8;0,35;0,33;3/9;13;36;51;15;3;6;79;18;10;5;5
5549;VCT 2025: EMEA Kickoff;Main Event;Lower Round 1;koalanoob;Natus Vincere;21;115;246;12;0,71;160;86;24;19;14;0,31;0,33;1/3;18;18;15;5;4;3;204;18;10;5;5
5550;VCT 2025: EMEA Kickoff;Main Event;Lower Round 1;koalanoob;Natus Vincere;28;81;186;86;0,54;123;68;4;21;18;0,18;0,2;1/5;19;19;22;1;6;5;204;18;10;5;5
5551;VCT 2025: EMEA Kickoff;Main Event;Lower Round 1;koalanoob;Natus Vincere;71;84;196;88;0,62;131;69;14;15;15;0,23;0,22;2/9;19;49;56;10;11;11;204;18;10;5;5
5552;VCT 2025: EMEA Kickoff;Main Event;Lower Round 1;Boaster;FNATIC;28;81;144;88;0,75;94;54;39;0;7;0,21;1;1/1;15;15;17;11;0;2;32;6;10;5;5
5553;VCT 2025: EMEA Kickoff;Main Event;Lower Round 1;Boaster;FNATIC;71;75;145;71;0,7;94;49;49;7;7;0,17;0,17;1/6;15;35;49;35;5;5;32;6;10;5;5
5554;VCT 2025: EMEA Kickoff;Main Event;Lower Round 1;Alfajer;FNATIC;22;91;156;87;0,73;99;59;23;9;14;0,26;0,5;1/2;13;13;15;5;2;3;18;6;10;5;5
5555;VCT 2025: EMEA Kickoff;Main Event;Lower Round 1;Alfajer;FNATIC;71;127;232;118;0,73;159;83;31;15;1;0,31;0,1;1/10;32;59;50;22;11;7;18;6;10;5;5
5556;VCT 2025: EMEA Kickoff;Main Event;Lower Round 1;kaajak;FNATIC;50;132;277;15;0,8;180;108;24;18;1;0,39;0,25;2/8;32;54;36;12;9;5;19;6;10;5;5
5557;VCT 2025: EMEA Kickoff;Main Event;Lower Round 1;kaajak;FNATIC;71;13;261;146;0,76;170;103;17;17;13;0,41;0,22;2/9;32;73;50;12;12;9;19;6;10;5;5
5558;VCT 2025: EMEA Kickoff;Main Event;Lower Round 1;crashies;FNATIC;71;76;136;72;0,72;103;46;17;4;8;0,33;0,25;2/8;13;33;46;12;3;6;17;6;10;5;5
5559;VCT 2025: EMEA Kickoff;Main Event;Lower Round 1;flyuh;KOI;19;61;167;71;0,63;111;63;5;0;11;0,17;0,33;1/3;12;12;17;1;0;2;94;22;10;5;5
5560;VCT 2025: EMEA Kickoff;Main Event;Lower Round 1;flyuh;KOI;55;71;157;79;0,69;107;6;16;7;9;0,18;0,14;1/7;18;33;42;9;4;5;94;22;10;5;5
5561;VCT 2025: EMEA Kickoff;Main Event;Lower Round 1;grubinho;KOI;55;72;153;73;0,69;91;55;36;4;11;0,27;0,2;1/5;13;30;41;20;2;6;40;22;10;5;5
5562;VCT 2025: EMEA Kickoff;Main Event;Lower Round 1;sheydos;KOI;55;86;159;79;0,64;111;56;13;9;4;0,2;0,07;1/15;13;31;39;7;5;2;207;22;10;5;5
5563;VCT 2025: EMEA Kickoff;Main Event;Lower Round 2;Boaster;FNATIC;18;137;161;20;0,83;99;56;56;0;0;0,3;0,5;2/4;10;10;5;10;0;0;32;6;10;5;6
5564;VCT 2025: EMEA Kickoff;Main Event;Lower Round 2;Boaster;FNATIC;37;128;166;164;0,84;106;62;49;3;3;0,29;0,29;2/7;13;23;14;18;1;1;32;6;10;5;6
5565;VCT 2025: EMEA Kickoff;Main Event;Lower Round 2;Alfajer;FNATIC;19;103;213;125;0,53;132;79;5;26;16;0,29;0,5;1/2;15;15;12;1;5;3;18;6;10;5;6
5566;VCT 2025: EMEA Kickoff;Main Event;Lower Round 2;Alfajer;FNATIC;37;113;251;136;0,68;165;92;8;22;11;0,3;0,5;1/2;19;34;25;3;8;4;18;6;10;5;6
5567;VCT 2025: EMEA Kickoff;Main Event;Lower Round 2;crashies;FNATIC;37;81;96;71;0,7;76;32;14;3;5;0,24;0,25;1/4;8;12;17;5;1;2;17;6;10;5;6
5568;VCT 2025: EMEA Kickoff;Main Event;Lower Round 2;Kada;Gentle Mates;19;11;224;123;0,53;138;84;16;5;5;0,43;0,25;1/4;16;16;13;3;1;1;211;21;10;5;6
5569;VCT 2025: EMEA Kickoff;Main Event;Lower Round 2;Kada;Gentle Mates;37;105;210;121;0,59;134;78;14;3;5;0,42;0,13;1/8;16;29;24;5;1;2;211;21;10;5;6
5570;VCT 2025: EMEA Kickoff;Main Event;Lower Round 2;paTiTek;Team Liquid;21;128;204;136;0,86;147;71;52;5;14;0,37;0,33;1/3;15;15;11;11;1;3;59;13;10;5;6
5571;VCT 2025: EMEA Kickoff;Main Event;Lower Round 2;paTiTek;Team Liquid;40;114;190;113;0,85;132;65;5;3;8;0,24;0,25;1/4;15;26;23;20;1;3;59;13;10;5;6
5572;VCT 2025: EMEA Kickoff;Main Event;Lower Round 2;keiko;Team Liquid;19;168;326;208;0,79;236;132;11;11;16;0,3;0,67;2/3;25;25;12;2;2;3;58;13;10;5;6
5573;VCT 2025: EMEA Kickoff;Main Event;Lower Round 2;keiko;Team Liquid;40;123;244;129;0,8;172;9;35;1;13;0,32;0,67;2/3;25;36;28;14;4;5;58;13;10;5;6
5574;VCT 2025: EMEA Kickoff;Main Event;Lower Round 2;nAts;Team Liquid;19;114;243;115;0,74;162;79;47;5;16;0,13;1;1/1;15;15;13;9;1;3;64;13;10;5;6
5575;VCT 2025: EMEA Kickoff;Main Event;Lower Round 2;nAts;Team Liquid;40;121;234;122;0,8;155;83;4;5;13;0,24;0,25;1/4;18;33;27;16;2;5;64;13;10;5;6
5576;VCT 2025: EMEA Kickoff;Main Event;Lower Round 2;kamo;Team Liquid;19;117;226;131;0,74;152;89;21;16;11;0,27;0,33;1/3;17;17;13;4;3;2;65;13;10;5;6
5577;VCT 2025: EMEA Kickoff;Main Event;Lower Round 2;kamo;Team Liquid;40;13;258;144;0,7;165;98;18;23;13;0,27;0,33;1/3;22;39;27;7;9;5;65;13;10;5;6
5578;VCT 2025: EMEA Kickoff;Main Event;Lower Round 2;runneR;GIANTX;19;76;193;69;0,84;139;58;32;11;21;0,17;0,5;1/2;11;11;16;6;2;4;208;2;10;5;6
5579;VCT 2025: EMEA Kickoff;Main Event;Lower Round 2;runneR;GIANTX;40;69;176;62;0,83;126;53;43;5;15;0,2;0,33;1/3;11;21;34;17;2;6;208;2;10;5;6
5580;VCT 2025: EMEA Kickoff;Main Event;Lower Round 3;keiko;Team Liquid;22;107;220;112;0,68;142;86;14;14;0;0,31;0,2;1/5;19;19;17;3;3;0;58;13;10;5;7
5581;VCT 2025: EMEA Kickoff;Main Event;Lower Round 3;keiko;Team Liquid;24;117;219;127;0,67;144;79;33;17;0;0,53;0,5;1/2;19;19;15;8;4;0;58;13;10;5;7
5582;VCT 2025: EMEA Kickoff;Main Event;Lower Round 3;keiko;Team Liquid;69;115;223;122;0,68;145;81;22;13;3;0,32;0,22;2/9;19;56;46;15;9;2;58;13;10;5;7
5583;VCT 2025: EMEA Kickoff;Main Event;Lower Round 3;kamyk;Team Liquid;23;89;164;10;0,65;105;65;35;4;13;0,21;0,25;1/4;15;15;15;8;1;3;107;13;10;5;7
5584;VCT 2025: EMEA Kickoff;Main Event;Lower Round 3;kamyk;Team Liquid;22;139;270;125;0,68;185;91;32;5;0;0,27;0,33;1/3;20;20;16;7;1;0;107;13;10;5;7
5585;VCT 2025: EMEA Kickoff;Main Event;Lower Round 3;kamyk;Team Liquid;69;11;208;104;0,7;137;71;36;4;4;0,25;0,17;2/12;20;49;47;25;3;3;107;13;10;5;7
5586;VCT 2025: EMEA Kickoff;Main Event;Lower Round 3;kamo;Team Liquid;24;11;242;118;0,67;162;83;8;8;8;0,29;1;1/1;20;20;17;2;2;2;65;13;10;5;7
5587;VCT 2025: EMEA Kickoff;Main Event;Lower Round 3;kamo;Team Liquid;69;102;225;104;0,68;152;78;12;17;9;0,3;0,33;1/3;20;54;52;8;12;6;65;13;10;5;7
5588;VCT 2025: EMEA Kickoff;Main Event;Lower Round 3;AtaKaptan;FUT Esports;42;104;200;91;0,69;118;69;45;14;12;0,28;0,2;1/5;16;29;32;19;6;5;205;23;10;5;7
5589;VCT 2025: EMEA Kickoff;Main Event;Lower Round 3;MrFaliN;FUT Esports;19;111;162;9;0,74;107;47;74;5;0;0,16;0,67;2/3;9;9;10;14;1;0;99;23;10;5;7
5590;VCT 2025: EMEA Kickoff;Main Event;Lower Round 3;MrFaliN;FUT Esports;42;107;170;105;0,69;116;55;48;2;2;0,19;0,67;2/3;14;23;22;20;1;1;99;23;10;5;7
5591;VCT 2025: EMEA Kickoff;Main Event;Lower Round 3;xeus;FUT Esports;23;154;297;167;0,83;192;109;22;17;22;0,44;1;1/1;25;25;15;5;4;5;206;23;10;5;7
5592;VCT 2025: EMEA Kickoff;Main Event;Lower Round 3;xeus;FUT Esports;42;129;248;138;0,74;166;95;17;14;26;0,44;0,5;1/2;25;40;29;7;6;11;206;23;10;5;7
5593;VCT 2025: EMEA Kickoff;Main Event;Lower Round 3;vakk;BBL Esports;46;117;224;127;0,74;134;83;37;2;4;0,32;0,29;2/7;22;38;30;17;1;2;244;17;10;5;7
5594;VCT 2025: EMEA Kickoff;Main Event;Lower Round 3;vakk;BBL Esports;69;11;203;116;0,72;122;75;33;1;6;0,33;0,14;2/14;22;52;45;23;1;4;244;17;10;5;7
5595;VCT 2025: EMEA Kickoff;Main Event;Lower Round 3;PROFEK;BBL Esports;46;91;192;10;0,65;127;72;22;0;9;0,29;0,38;3/8;17;33;33;10;0;4;76;17;10;5;7
5596;VCT 2025: EMEA Kickoff;Main Event;Lower Round 3;PROFEK;BBL Esports;69;93;185;102;0,67;123;71;2;0;7;0,29;0,33;3/9;17;49;48;14;0;5;76;17;10;5;7
5597;VCT 2025: EMEA Kickoff;Main Event;Lower Round 3;LewN;BBL Esports;45;92;210;10;0,62;130;78;29;16;2;0,33;0,25;1/4;18;35;35;13;7;9;75;17;10;5;7
5598;VCT 2025: EMEA Kickoff;Main Event;Lower Round 3;LewN;BBL Esports;69;86;196;92;0,65;126;71;25;12;26;0,3;0,17;1/6;18;49;53;17;8;18;75;17;10;5;7
5599;VCT 2025: EMEA Kickoff;Main Event;Lower Round 3;Chronicle;FNATIC;42;83;168;8;0,67;106;57;38;2;5;0,32;0,17;1/6;13;24;30;16;1;2;26;6;10;5;7
5600;VCT 2025: EMEA Kickoff;Main Event;Lower Round 3;kaajak;FNATIC;19;84;195;10;0,58;125;68;16;16;21;0,43;1;1/1;13;13;13;3;3;4;19;6;10;5;7
5601;VCT 2025: EMEA Kickoff;Main Event;Lower Round 3;kaajak;FNATIC;42;91;194;97;0,62;124;67;29;1;24;0,47;0,5;1/2;15;28;29;12;4;10;19;6;10;5;7
5602;VCT 2025: EMEA Kickoff;Main Event;Lower Round 3;crashies;FNATIC;42;91;198;93;0,71;133;67;36;5;5;0,35;0,1;1/10;17;28;30;15;2;2;17;6;10;5;7
5603;VCT 2025: EMEA Kickoff;Main Event;Lower Round 4;AtaKaptan;FUT Esports;17;91;185;85;0,59;124;65;18;6;6;0,24;0,25;1/4;11;11;13;3;1;1;205;23;10;5;37
5604;VCT 2025: EMEA Kickoff;Main Event;Lower Round 4;AtaKaptan;FUT Esports;61;76;155;71;0,57;110;52;25;3;13;0,27;0,14;1/7;12;32;45;15;2;8;205;23;10;5;37
5605;VCT 2025: EMEA Kickoff;Main Event;Lower Round 4;MrFaliN;FUT Esports;24;85;151;81;0,71;93;54;29;8;13;0,36;0,2;1/5;13;13;16;7;2;3;99;23;10;5;37
5606;VCT 2025: EMEA Kickoff;Main Event;Lower Round 4;MrFaliN;FUT Esports;61;85;152;69;0,67;100;51;34;7;1;0,33;0,08;1/13;13;31;45;21;4;6;99;23;10;5;37
5607;VCT 2025: EMEA Kickoff;Main Event;Lower Round 4;qRaxs;FUT Esports;41;86;136;75;0,78;85;51;63;2;2;0,22;0,33;1/3;15;21;28;26;1;1;98;23;10;5;37
5608;VCT 2025: EMEA Kickoff;Main Event;Lower Round 4;qRaxs;FUT Esports;61;75;132;62;0,75;85;46;57;2;5;0,24;0,2;1/5;15;28;45;35;1;3;98;23;10;5;37
5609;VCT 2025: EMEA Kickoff;Main Event;Lower Round 4;xeus;FUT Esports;37;77;192;77;0,54;124;65;11;5;32;0,43;0,5;1/2;15;24;31;4;2;12;206;23;10;5;37
5610;VCT 2025: EMEA Kickoff;Main Event;Lower Round 4;xeus;FUT Esports;61;95;218;96;0,59;143;77;11;8;25;0,37;0,5;1/2;23;47;49;7;5;15;206;23;10;5;37
5611;VCT 2025: EMEA Kickoff;Main Event;Lower Round 4;keiko;Team Liquid;24;147;260;179;0,88;132;104;17;4;0;0,22;0,2;1/5;25;25;14;4;1;0;58;13;10;5;37
5612;VCT 2025: EMEA Kickoff;Main Event;Lower Round 4;keiko;Team Liquid;61;125;218;144;0,8;129;85;25;1;5;0,35;0,14;1/7;25;52;36;15;6;3;58;13;10;5;37
5613;VCT 2025: EMEA Kickoff;Main Event;Lower Round 4;nAts;Team Liquid;37;133;236;157;0,81;164;89;27;8;5;0,42;0,5;2/4;17;33;21;10;3;2;64;13;10;5;37
5614;VCT 2025: EMEA Kickoff;Main Event;Lower Round 4;nAts;Team Liquid;61;112;216;129;0,72;144;8;16;7;1;0,36;0,33;2/6;17;49;38;10;4;6;64;13;10;5;37
5615;VCT 2025: EMEA Kickoff;Main Event;Lower Round 4;kamyk;Team Liquid;17;183;312;225;1;195;106;41;18;0;0,17;1;2/2;18;18;8;7;3;0;107;13;10;5;37
5616;VCT 2025: EMEA Kickoff;Main Event;Lower Round 4;kamyk;Team Liquid;61;123;247;131;0,82;153;77;41;15;5;0,19;0,25;2/8;21;47;36;25;9;3;107;13;10;5;37
5617;VCT 2025: EMEA Kickoff;Main Event;Lower Round 4;kamo;Team Liquid;37;78;202;93;0,73;126;73;19;24;11;0,33;0,33;1/3;14;27;29;7;9;4;65;13;10;5;37
5618;VCT 2025: EMEA Kickoff;Main Event;Lower Round 4;kamo;Team Liquid;24;113;235;106;0,67;155;75;8;25;8;0,18;0,33;1/3;18;18;17;2;6;2;65;13;10;5;37
5619;VCT 2025: EMEA Kickoff;Main Event;Lower Round 4;kamo;Team Liquid;61;92;213;98;0,7;137;74;15;25;1;0,25;0,33;2/6;18;45;46;9;15;6;65;13;10;5;37
5620;VCT 2025: EMEA Kickoff;Main Event;Lower Final;Wo0t;Team Heretics;20;76;146;6;0,7;102;45;4;5;2;0,14;0,33;1/3;9;9;15;8;1;4;3;1;10;5;8
5621;VCT 2025: EMEA Kickoff;Main Event;Lower Final;Wo0t;Team Heretics;54;97;211;79;0,7;142;63;43;9;15;0,35;0,2;1/5;13;34;43;23;5;8;3;1;10;5;8
5622;VCT 2025: EMEA Kickoff;Main Event;Lower Final;benjyfishy;Team Heretics;17;88;201;8;0,65;135;71;12;6;24;0,48;0,33;1/3;12;12;15;2;1;4;4;1;10;5;8
5623;VCT 2025: EMEA Kickoff;Main Event;Lower Final;benjyfishy;Team Heretics;54;52;119;48;0,61;80;41;17;4;19;0,37;0,14;1/7;12;22;46;9;2;10;4;1;10;5;8
5624;VCT 2025: EMEA Kickoff;Main Event;Lower Final;paTiTek;Team Liquid;20;134;168;20;0,75;104;7;25;1;5;0,14;0,5;1/2;14;14;7;5;2;1;59;13;10;5;8
5625;VCT 2025: EMEA Kickoff;Main Event;Lower Final;paTiTek;Team Liquid;17;161;277;243;0,82;182;10;71;18;6;0,36;0,5;1/2;17;17;7;12;3;1;59;13;10;5;8
5626;VCT 2025: EMEA Kickoff;Main Event;Lower Final;paTiTek;Team Liquid;54;127;182;176;0,78;122;69;35;11;4;0,27;0,4;2/5;17;37;21;19;6;2;59;13;10;5;8
5627;VCT 2025: EMEA Kickoff;All Stages;All Match Types;keiko;Team Liquid;66;122;241;12;0,71;169;89;3;11;8;0,43;0,14;2/14;25;59;49;20;7;5;58;13;10;3;25
5628;VCT 2025: EMEA Kickoff;All Stages;All Match Types;keiko;Team Liquid;195;123;233;123;0,78;147;85;36;1;4;0,42;0,13;3/23;28;165;134;71;20;8;58;13;10;3;25
5629;VCT 2025: EMEA Kickoff;All Stages;All Match Types;keiko;Team Liquid;131;127;228;147;0,83;148;86;31;1;6;0,52;0,2;2/10;21;113;77;40;13;8;58;13;10;3;25
5630;VCT 2025: EMEA Kickoff;All Stages;All Match Types;keiko;Team Liquid;65;143;289;162;0,77;192;105;17;9;9;0,24;0,29;2/7;25;68;42;11;6;6;58;13;10;3;25
5631;VCT 2025: EMEA Kickoff;All Stages;All Match Types;keiko;Team Liquid;493;126;240;134;0,78;156;88;3;11;6;0,4;0,16;9/58;28;436;325;149;53;32;58;13;10;3;25
5632;VCT 2025: EMEA Kickoff;All Stages;All Match Types;kamyk;Team Liquid;65;10;180;115;0,69;115;71;32;8;9;0,3;0,1;1/10;19;46;40;21;5;6;107;13;10;3;25
5633;VCT 2025: EMEA Kickoff;All Stages;All Match Types;kamyk;Team Liquid;91;88;172;82;0,71;113;56;27;7;1;0,27;0,06;1/18;17;51;62;25;6;9;107;13;10;3;25
5634;VCT 2025: EMEA Kickoff;All Stages;All Match Types;kamyk;Team Liquid;119;99;182;104;0,72;121;65;23;8;7;0,22;0,3;3/10;21;77;74;27;9;8;107;13;10;3;25
5635;VCT 2025: EMEA Kickoff;All Stages;All Match Types;kamyk;Team Liquid;140;129;227;131;0,81;155;79;31;1;4;0,23;0,28;5/18;20;110;84;43;14;5;107;13;10;3;25
5636;VCT 2025: EMEA Kickoff;All Stages;All Match Types;kamyk;Team Liquid;493;107;202;11;0,74;133;71;28;9;8;0,25;0,15;10/68;21;352;319;138;44;37;107;13;10;3;25
5637;VCT 2025: EMEA Kickoff;All Stages;All Match Types;paTiTek;Team Liquid;182;9;161;87;0,72;108;57;34;8;1;0,22;0,11;2/19;15;104;120;62;14;19;59;13;10;3;25
5638;VCT 2025: EMEA Kickoff;All Stages;All Match Types;paTiTek;Team Liquid;65;113;192;119;0,85;127;68;32;9;0;0,22;0,17;1/6;20;44;37;21;6;0;59;13;10;3;25
5639;VCT 2025: EMEA Kickoff;All Stages;All Match Types;paTiTek;Team Liquid;119;114;206;117;0,77;136;71;56;8;4;0,32;0,2;2/10;22;84;72;67;9;5;59;13;10;3;25
5640;VCT 2025: EMEA Kickoff;All Stages;All Match Types;paTiTek;Team Liquid;91;92;162;88;0,75;105;58;29;12;9;0,26;0,1;1/10;16;53;60;26;11;8;59;13;10;3;25
5641;VCT 2025: EMEA Kickoff;All Stages;All Match Types;paTiTek;Team Liquid;493;99;174;98;0,75;116;61;37;9;7;0,26;0,13;6/46;22;302;309;180;42;33;59;13;10;3;25
5642;VCT 2025: EMEA Kickoff;All Stages;All Match Types;nAts;Team Liquid;279;11;217;117;0,76;147;78;25;1;6;0,31;0,12;4/33;19;218;186;69;29;18;64;13;10;3;25
5643;VCT 2025: EMEA Kickoff;All Stages;All Match Types;nAts;Team Liquid;156;83;184;83;0,63;125;62;28;11;12;0,23;0,1;1/10;19;96;115;44;17;19;64;13;10;3;25
5644;VCT 2025: EMEA Kickoff;All Stages;All Match Types;nAts;Team Liquid;493;98;200;102;0,71;135;71;26;11;9;0,29;0,11;5/47;19;348;340;130;52;42;64;13;10;3;25
5645;VCT 2025: EMEA Kickoff;All Stages;All Match Types;kamo;Team Liquid;197;84;208;98;0,71;131;76;13;21;19;0,29;0,09;1/11;18;149;152;26;42;37;65;13;10;3;25
5646;VCT 2025: EMEA Kickoff;All Stages;All Match Types;kamo;Team Liquid;189;111;241;116;0,7;162;82;15;14;12;0,26;0,38;3/8;22;155;134;28;27;23;65;13;10;3;25
5647;VCT 2025: EMEA Kickoff;All Stages;All Match Types;kamo;Team Liquid;65;109;213;114;0,71;142;75;2;15;15;0,27;0,2;1/5;19;49;43;13;10;10;65;13;10;3;25
5648;VCT 2025: EMEA Kickoff;All Stages;All Match Types;kamo;Team Liquid;493;98;220;105;0,7;144;77;16;17;15;0,27;0,16;5/31;22;381;364;77;84;74;65;13;10;3;25
5649;VCT 2025: EMEA Kickoff;All Stages;All Match Types;Shao;Natus Vincere;49;99;176;106;0,67;114;67;33;6;6;0,3;0,25;1/4;23;33;31;16;3;3;78;18;10;3;25
5650;VCT 2025: EMEA Kickoff;All Stages;All Match Types;Shao;Natus Vincere;23;121;191;133;0,87;128;7;43;9;4;0,28;0,75;3/4;16;16;12;10;2;1;78;18;10;3;25
5651;VCT 2025: EMEA Kickoff;All Stages;All Match Types;Shao;Natus Vincere;128;107;184;114;0,73;121;7;3;9;5;0,29;0,2;4/20;23;90;79;38;11;7;78;18;10;3;25
5652;VCT 2025: EMEA Kickoff;All Stages;All Match Types;hiro;Natus Vincere;49;85;180;82;0,61;118;63;2;8;1;0,27;0,14;1/7;18;31;38;10;4;5;87;18;10;3;25
5653;VCT 2025: EMEA Kickoff;All Stages;All Match Types;hiro;Natus Vincere;128;87;169;86;0,66;120;62;29;6;8;0,29;0,06;1/17;20;79;92;37;8;10;87;18;10;3;25
5654;VCT 2025: EMEA Kickoff;All Stages;All Match Types;ANGE1;Natus Vincere;21;95;167;10;0,71;111;62;1;5;1;0,37;0,5;1/2;13;13;13;2;1;2;79;18;10;3;25
5655;VCT 2025: EMEA Kickoff;All Stages;All Match Types;ANGE1;Natus Vincere;50;71;136;61;0,58;103;46;26;4;8;0,34;0,29;2/7;12;23;38;13;2;4;79;18;10;3;25
5656;VCT 2025: EMEA Kickoff;All Stages;All Match Types;ANGE1;Natus Vincere;128;68;148;63;0,63;100;47;3;8;9;0,29;0,3;3/10;13;60;95;38;10;11;79;18;10;3;25
5657;VCT 2025: EMEA Kickoff;All Stages;All Match Types;koalanoob;Natus Vincere;45;91;215;103;0,71;148;8;18;16;18;0,24;0,33;1/3;24;36;35;8;7;8;204;18;10;3;25
5658;VCT 2025: EMEA Kickoff;All Stages;All Match Types;koalanoob;Natus Vincere;36;92;192;89;0,58;128;67;17;17;17;0,26;0,2;1/5;18;24;27;6;6;6;204;18;10;3;25
5659;VCT 2025: EMEA Kickoff;All Stages;All Match Types;koalanoob;Natus Vincere;28;81;186;86;0,54;123;68;4;21;18;0,18;0,2;1/5;19;19;22;1;6;5;204;18;10;3;25
5660;VCT 2025: EMEA Kickoff;All Stages;All Match Types;koalanoob;Natus Vincere;128;88;201;94;0,63;134;72;17;16;17;0,23;0,21;3/14;24;92;98;22;21;22;204;18;10;3;25
5661;VCT 2025: EMEA Kickoff;All Stages;All Match Types;Wo0t;Team Heretics;99;115;210;109;0,76;141;71;55;1;8;0,45;0,08;1/12;23;70;64;54;10;8;3;1;10;3;25
5662;VCT 2025: EMEA Kickoff;All Stages;All Match Types;Wo0t;Team Heretics;31;91;218;79;0,61;144;71;19;19;1;0,34;0,25;1/4;13;22;28;6;6;3;3;1;10;3;25
5663;VCT 2025: EMEA Kickoff;All Stages;All Match Types;Wo0t;Team Heretics;59;103;187;111;0,78;126;68;37;7;12;0,21;0,2;1/5;18;40;36;22;4;7;3;1;10;3;25
5664;VCT 2025: EMEA Kickoff;All Stages;All Match Types;Wo0t;Team Heretics;189;108;205;103;0,74;137;7;43;11;1;0,35;0,14;3/21;23;132;128;82;20;18;3;1;10;3;25
5665;VCT 2025: EMEA Kickoff;All Stages;All Match Types;benjyfishy;Team Heretics;82;11;194;117;0,76;137;74;2;7;7;0,4;0,29;2/7;22;61;52;16;6;6;4;1;10;3;25
5666;VCT 2025: EMEA Kickoff;All Stages;All Match Types;benjyfishy;Team Heretics;31;74;191;66;0,71;133;61;32;6;13;0,41;0,25;1/4;12;19;29;10;2;4;4;1;10;3;25
5667;VCT 2025: EMEA Kickoff;All Stages;All Match Types;benjyfishy;Team Heretics;189;82;162;8;0,69;114;58;21;5;12;0,36;0,19;3/16;22;109;136;39;9;22;4;1;10;3;25
5668;VCT 2025: EMEA Kickoff;All Stages;All Match Types;RieNs;Team Heretics;37;117;232;114;0,76;159;86;41;16;11;0,49;0,2;1/5;21;32;28;15;6;4;2;1;10;3;25
5669;VCT 2025: EMEA Kickoff;All Stages;All Match Types;RieNs;Team Heretics;36;105;194;117;0,72;126;78;31;3;8;0,46;0,2;1/5;14;28;24;11;1;3;2;1;10;3;25
5670;VCT 2025: EMEA Kickoff;All Stages;All Match Types;RieNs;Team Heretics;71;106;210;95;0,68;141;73;18;1;3;0,41;0,05;1/20;19;52;55;13;7;2;2;1;10;3;25
5671;VCT 2025: EMEA Kickoff;All Stages;All Match Types;RieNs;Team Heretics;189;106;205;102;0,74;137;74;27;11;6;0,43;0,09;3/35;21;140;137;51;21;12;2;1;10;3;25
5672;VCT 2025: EMEA Kickoff;All Stages;All Match Types;MiniBoo;Team Heretics;54;74;162;66;0,61;111;57;26;15;15;0,37;0,14;1/7;20;31;47;14;8;8;5;1;10;3;25
5673;VCT 2025: EMEA Kickoff;All Stages;All Match Types;MiniBoo;Team Heretics;189;94;197;92;0,63;131;69;19;18;14;0,33;0,06;1/16;20;130;142;35;34;27;5;1;10;3;25
5674;VCT 2025: EMEA Kickoff;All Stages;All Match Types;Less;Team Vitality;46;115;188;118;0,72;110;57;57;2;2;0,28;0,57;4/7;13;26;22;26;1;1;104;20;10;3;25
5675;VCT 2025: EMEA Kickoff;All Stages;All Match Types;Less;Team Vitality;61;99;186;98;0,75;124;66;28;7;5;0,28;0,13;1/8;15;40;41;17;4;3;104;20;10;3;25
5676;VCT 2025: EMEA Kickoff;All Stages;All Match Types;Less;Team Vitality;121;106;199;116;0,68;134;74;24;4;7;0,31;0,4;4/10;22;89;77;29;5;9;104;20;10;3;25
5677;VCT 2025: EMEA Kickoff;All Stages;All Match Types;Less;Team Vitality;249;108;196;115;0,72;126;69;32;4;6;0,3;0,35;9/26;22;173;150;79;10;14;104;20;10;3;25
5678;VCT 2025: EMEA Kickoff;All Stages;All Match Types;Kicks;Team Vitality;107;99;182;93;0,8;106;6;61;6;7;0,25;0,17;1/6;18;64;69;65;6;7;85;20;10;3;25
5679;VCT 2025: EMEA Kickoff;All Stages;All Match Types;Kicks;Team Vitality;80;104;211;107;0,79;125;74;41;14;1;0,31;0,22;2/9;17;59;55;33;11;8;85;20;10;3;25
5680;VCT 2025: EMEA Kickoff;All Stages;All Match Types;Kicks;Team Vitality;249;101;195;10;0,78;118;67;47;9;6;0,29;0,16;3/19;20;168;168;117;22;15;85;20;10;3;25
5681;VCT 2025: EMEA Kickoff;All Stages;All Match Types;trexx;Team Vitality;59;83;152;75;0,76;101;51;36;8;1;0,15;0,33;2/6;12;30;40;21;5;6;63;20;10;3;25
5682;VCT 2025: EMEA Kickoff;All Stages;All Match Types;trexx;Team Vitality;107;123;233;13;0,69;153;78;31;6;5;0,2;0,22;4/18;29;83;64;33;6;5;63;20;10;3;25
5683;VCT 2025: EMEA Kickoff;All Stages;All Match Types;trexx;Team Vitality;249;103;194;101;0,71;128;63;39;8;6;0,17;0,18;6/34;29;157;156;96;19;14;63;20;10;3;25
5684;VCT 2025: EMEA Kickoff;All Stages;All Match Types;Sayf;Team Vitality;61;108;225;113;0,69;155;85;25;8;11;0,27;0,13;1/8;21;52;46;15;5;7;86;20;10;3;25
5685;VCT 2025: EMEA Kickoff;All Stages;All Match Types;Sayf;Team Vitality;129;118;220;138;0,74;138;79;2;11;9;0,26;0,21;3/14;22;102;74;26;14;12;86;20;10;3;25
5686;VCT 2025: EMEA Kickoff;All Stages;All Match Types;Sayf;Team Vitality;19;16;301;191;0,74;186;111;42;5;5;0,21;0,33;1/3;21;21;11;8;1;1;86;20;10;3;25
5687;VCT 2025: EMEA Kickoff;All Stages;All Match Types;Sayf;Team Vitality;249;11;214;122;0,71;138;78;24;9;8;0,26;0,19;5/27;22;195;160;60;22;21;86;20;10;3;25
5688;VCT 2025: EMEA Kickoff;All Stages;All Match Types;SUYGETSU;Karmine Corp;141;109;196;114;0,75;122;7;42;8;6;0,42;0,15;3/20;19;98;86;59;11;8;81;19;10;3;25
5689;VCT 2025: EMEA Kickoff;All Stages;All Match Types;SUYGETSU;Karmine Corp;58;105;190;10;0,74;125;67;43;9;19;0,42;0,1;1/10;17;39;39;25;5;11;81;19;10;3;25
5690;VCT 2025: EMEA Kickoff;All Stages;All Match Types;SUYGETSU;Karmine Corp;199;108;194;11;0,75;123;69;42;8;1;0,42;0,13;4/30;19;137;125;84;16;19;81;19;10;3;25
5691;VCT 2025: EMEA Kickoff;All Stages;All Match Types;saadhak;Karmine Corp;63;118;198;129;0,81;128;7;35;11;5;0,23;0,25;1/4;18;44;34;22;7;3;92;19;10;3;25
5692;VCT 2025: EMEA Kickoff;All Stages;All Match Types;saadhak;Karmine Corp;113;86;175;83;0,71;112;59;36;6;15;0,29;0,17;2/12;17;67;81;41;7;17;92;19;10;3;25
5693;VCT 2025: EMEA Kickoff;All Stages;All Match Types;saadhak;Karmine Corp;199;97;184;97;0,73;119;64;34;7;11;0,26;0,15;3/20;18;127;131;67;14;22;92;19;10;3;25
5694;VCT 2025: EMEA Kickoff;All Stages;All Match Types;Elite;Karmine Corp;23;99;144;109;0,83;93;52;26;0;9;0,33;0,33;1/3;12;12;11;6;0;2;91;19;10;3;25
5695;VCT 2025: EMEA Kickoff;All Stages;All Match Types;Elite;Karmine Corp;158;96;168;94;0,8;118;59;26;8;8;0,4;0,14;3/21;19;93;99;41;12;13;91;19;10;3;25
5696;VCT 2025: EMEA Kickoff;All Stages;All Match Types;Elite;Karmine Corp;199;96;170;96;0,79;118;6;24;7;1;0,4;0,15;4/27;19;120;125;47;13;19;91;19;10;3;25
5697;VCT 2025: EMEA Kickoff;All Stages;All Match Types;Avez;Karmine Corp;113;101;214;93;0,72;140;7;34;7;7;0,38;0,11;1/9;22;79;85;38;8;8;84;19;10;3;25
5698;VCT 2025: EMEA Kickoff;All Stages;All Match Types;Avez;Karmine Corp;63;138;228;175;0,83;138;89;21;6;5;0,35;0,33;1/3;24;56;32;13;4;3;84;19;10;3;25
5699;VCT 2025: EMEA Kickoff;All Stages;All Match Types;Avez;Karmine Corp;199;109;209;108;0,75;135;72;3;7;7;0,36;0,15;2/13;24;144;133;59;13;13;84;19;10;3;25
5700;VCT 2025: EMEA Kickoff;All Stages;All Match Types;marteen;Karmine Corp;199;95;204;97;0,66;135;72;19;17;18;0,28;0,08;1/12;26;144;148;38;34;36;82;19;10;3;25
5701;VCT 2025: EMEA Kickoff;All Stages;All Match Types;Chronicle;FNATIC;121;104;181;115;0,7;112;69;36;3;6;0,26;0,11;1/9;24;83;72;43;4;7;26;6;10;3;25
5702;VCT 2025: EMEA Kickoff;All Stages;All Match Types;Chronicle;FNATIC;215;106;196;11;0,7;131;69;35;7;8;0,24;0,06;1/18;24;149;135;75;14;17;26;6;10;3;25
5703;VCT 2025: EMEA Kickoff;All Stages;All Match Types;Boaster;FNATIC;63;97;155;89;0,75;104;52;44;8;6;0,27;0,2;2/10;12;33;37;28;5;4;32;6;10;3;25
5704;VCT 2025: EMEA Kickoff;All Stages;All Match Types;Boaster;FNATIC;80;95;172;91;0,74;110;61;55;13;9;0,21;0,33;3/9;20;49;54;44;10;7;32;6;10;3;25
5705;VCT 2025: EMEA Kickoff;All Stages;All Match Types;Boaster;FNATIC;72;92;182;92;0,69;118;63;39;7;11;0,23;0,25;1/4;17;45;49;28;5;8;32;6;10;3;25
5706;VCT 2025: EMEA Kickoff;All Stages;All Match Types;Boaster;FNATIC;215;95;170;91;0,73;111;59;47;9;9;0,23;0,26;6/23;20;127;140;100;20;19;32;6;10;3;25
5707;VCT 2025: EMEA Kickoff;All Stages;All Match Types;crashies;FNATIC;192;87;155;87;0,73;114;54;23;5;6;0,34;0,17;5/30;21;103;119;44;9;12;17;6;10;3;25
5708;VCT 2025: EMEA Kickoff;All Stages;All Match Types;crashies;FNATIC;215;89;155;91;0,74;112;55;23;5;6;0,34;0,14;5/35;21;119;131;49;10;12;17;6;10;3;25
5709;VCT 2025: EMEA Kickoff;All Stages;All Match Types;Alfajer;FNATIC;80;98;210;105;0,66;134;75;21;23;1;0,22;0,15;2/13;16;60;57;17;18;8;18;6;10;3;25
5710;VCT 2025: EMEA Kickoff;All Stages;All Match Types;Alfajer;FNATIC;43;115;214;11;0,74;140;79;35;9;7;0,26;0,17;1/6;21;34;31;15;4;3;18;6;10;3;25
5711;VCT 2025: EMEA Kickoff;All Stages;All Match Types;Alfajer;FNATIC;215;112;234;115;0,71;153;84;22;18;8;0,29;0,13;3/24;32;181;157;48;38;18;18;6;10;3;25
5712;VCT 2025: EMEA Kickoff;All Stages;All Match Types;kaajak;FNATIC;80;123;252;139;0,7;169;89;18;15;13;0,34;0,5;1/2;27;71;51;14;12;10;19;6;10;3;25
5713;VCT 2025: EMEA Kickoff;All Stages;All Match Types;kaajak;FNATIC;135;112;240;125;0,69;151;89;23;15;19;0,39;0,18;2/11;32;120;96;31;20;25;19;6;10;3;25
5714;VCT 2025: EMEA Kickoff;All Stages;All Match Types;kaajak;FNATIC;215;116;245;13;0,69;158;89;21;15;16;0,37;0,23;3/13;32;191;147;45;32;35;19;6;10;3;25
5715;VCT 2025: EMEA Kickoff;All Stages;All Match Types;vakk;BBL Esports;46;104;190;103;0,7;116;7;24;2;4;0,39;0,18;2/11;18;32;31;11;1;2;244;17;10;3;25
5716;VCT 2025: EMEA Kickoff;All Stages;All Match Types;vakk;BBL Esports;89;49;117;51;0,57;80;42;2;4;11;0,26;0,1;1/10;12;37;72;18;4;10;244;17;10;3;25
5717;VCT 2025: EMEA Kickoff;All Stages;All Match Types;vakk;BBL Esports;88;96;174;102;0,74;110;66;3;2;6;0,35;0,2;2/10;22;58;57;26;2;5;244;17;10;3;25
5718;VCT 2025: EMEA Kickoff;All Stages;All Match Types;vakk;BBL Esports;244;78;150;77;0,67;97;55;25;3;7;0,32;0,16;5/32;22;135;175;60;8;17;244;17;10;3;25
5719;VCT 2025: EMEA Kickoff;All Stages;All Match Types;PROFEK;BBL Esports;130;103;205;105;0,66;133;75;31;5;8;0,29;0,36;8/22;22;97;92;40;6;10;76;17;10;3;25
5720;VCT 2025: EMEA Kickoff;All Stages;All Match Types;PROFEK;BBL Esports;114;106;195;109;0,7;134;73;31;7;5;0,31;0,14;2/14;20;83;76;35;8;6;76;17;10;3;25
5721;VCT 2025: EMEA Kickoff;All Stages;All Match Types;PROFEK;BBL Esports;244;105;201;107;0,68;134;74;31;6;7;0,3;0,28;10/36;22;180;168;75;14;16;76;17;10;3;25
5722;VCT 2025: EMEA Kickoff;All Stages;All Match Types;Jamppi;BBL Esports;110;10;191;91;0,8;127;65;37;7;1;0,34;0,4;4/10;15;72;79;41;8;11;73;17;10;3;25
5723;VCT 2025: EMEA Kickoff;All Stages;All Match Types;Jamppi;BBL Esports;64;116;221;116;0,8;164;78;31;3;3;0,26;0,25;1/4;22;50;43;20;2;2;73;17;10;3;25
5724;VCT 2025: EMEA Kickoff;All Stages;All Match Types;Jamppi;BBL Esports;244;94;189;88;0,74;128;64;34;5;8;0,29;0,23;5/22;22;157;178;83;13;20;73;17;10;3;25
5725;VCT 2025: EMEA Kickoff;All Stages;All Match Types;sociablEE;BBL Esports;64;11;255;123;0,75;150;91;9;22;22;0,18;0,11;1/9;25;58;47;6;14;14;77;17;10;3;25
5726;VCT 2025: EMEA Kickoff;All Stages;All Match Types;sociablEE;BBL Esports;42;111;208;119;0,76;142;76;33;2;1;0,25;0,17;1/6;17;32;27;14;1;4;77;17;10;3;25
5727;VCT 2025: EMEA Kickoff;All Stages;All Match Types;sociablEE;BBL Esports;46;104;207;103;0,67;136;72;22;15;2;0,18;0,2;1/5;19;33;32;10;7;9;77;17;10;3;25
5728;VCT 2025: EMEA Kickoff;All Stages;All Match Types;sociablEE;BBL Esports;47;93;195;91;0,72;130;66;21;2;2;0,24;0,11;1/9;16;31;34;10;1;1;77;17;10;3;25
5729;VCT 2025: EMEA Kickoff;All Stages;All Match Types;sociablEE;BBL Esports;21;108;237;89;0,67;148;81;19;5;5;0,18;0,17;1/6;17;17;19;4;1;1;77;17;10;3;25
5730;VCT 2025: EMEA Kickoff;All Stages;All Match Types;sociablEE;BBL Esports;244;109;228;112;0,73;145;8;2;11;13;0,22;0,14;5/36;25;196;175;50;28;32;77;17;10;3;25
5731;VCT 2025: EMEA Kickoff;All Stages;All Match Types;LewN;BBL Esports;131;94;205;105;0,64;131;76;18;17;23;0,4;0,29;2/7;19;99;94;23;22;30;75;17;10;3;25
5732;VCT 2025: EMEA Kickoff;All Stages;All Match Types;LewN;BBL Esports;244;93;205;98;0,66;133;73;19;16;23;0,36;0,13;2/16;25;179;182;46;40;56;75;17;10;3;25
5733;VCT 2025: EMEA Kickoff;All Stages;All Match Types;AvovA;Apeks;66;103;181;91;0,73;125;64;29;6;6;0,32;0,17;2/12;17;42;46;19;4;4;102;24;10;3;25
5734;VCT 2025: EMEA Kickoff;All Stages;All Match Types;AvovA;Apeks;111;93;175;85;0,75;117;61;33;6;7;0,35;0,11;2/19;17;68;80;37;7;8;102;24;10;3;25
5735;VCT 2025: EMEA Kickoff;All Stages;All Match Types;MOLSI;Apeks;42;95;172;81;0,83;98;62;62;2;5;0,27;0,2;2/10;17;26;32;26;1;2;101;24;10;3;25
5736;VCT 2025: EMEA Kickoff;All Stages;All Match Types;MOLSI;Apeks;24;86;148;63;0,92;122;42;38;0;8;0,23;0,5;1/2;10;10;16;9;0;2;101;24;10;3;25
5737;VCT 2025: EMEA Kickoff;All Stages;All Match Types;MOLSI;Apeks;111;85;150;7;0,79;101;5;46;2;7;0,27;0,15;3/20;17;55;79;51;2;8;101;24;10;3;25
5738;VCT 2025: EMEA Kickoff;All Stages;All Match Types;oderus;Apeks;20;4;127;44;0,55;80;4;35;0;15;0,38;0,5;1/2;8;8;18;7;0;3;243;24;10;3;25
5739;VCT 2025: EMEA Kickoff;All Stages;All Match Types;oderus;Apeks;26;128;242;144;0,73;172;88;23;0;12;0,38;0,33;1/3;23;23;16;6;0;3;243;24;10;3;25
5740;VCT 2025: EMEA Kickoff;All Stages;All Match Types;oderus;Apeks;46;9;184;91;0,65;132;67;28;0;13;0,38;0,4;2/5;23;31;34;13;0;6;243;24;10;3;25
5741;VCT 2025: EMEA Kickoff;All Stages;All Match Types;florescent;Apeks;87;109;250;106;0,68;166;86;11;22;15;0,35;0,1;1/10;21;75;71;10;19;13;214;24;10;3;25
5742;VCT 2025: EMEA Kickoff;All Stages;All Match Types;florescent;Apeks;111;117;257;116;0,69;173;91;15;2;14;0,38;0,08;1/12;26;101;87;17;22;15;214;24;10;3;25
5743;VCT 2025: EMEA Kickoff;All Stages;All Match Types;batujnax;Apeks;24;143;288;169;0,71;177;113;25;25;21;0,19;0,5;1/2;27;27;16;6;6;5;218;24;10;3;25
5744;VCT 2025: EMEA Kickoff;All Stages;All Match Types;batujnax;Apeks;65;76;156;73;0,68;103;58;26;9;18;0,19;0,17;1/6;27;38;52;17;6;12;218;24;10;3;25
5745;VCT 2025: EMEA Kickoff;All Stages;All Match Types;Kada;Gentle Mates;19;11;224;123;0,53;138;84;16;5;5;0,43;0,25;1/4;16;16;13;3;1;1;211;21;10;3;25
5746;VCT 2025: EMEA Kickoff;All Stages;All Match Types;Kada;Gentle Mates;62;111;202;111;0,71;117;68;34;5;5;0,36;0,14;1/7;20;42;38;21;3;3;211;21;10;3;25
5747;VCT 2025: EMEA Kickoff;All Stages;All Match Types;Kada;Gentle Mates;192;104;182;103;0,7;114;64;36;5;4;0,36;0,08;2/24;20;122;119;70;9;8;211;21;10;3;25
5748;VCT 2025: EMEA Kickoff;All Stages;All Match Types;Minny;Gentle Mates;81;121;222;13;0,7;141;8;19;11;6;0,41;0,08;1/13;25;65;50;15;9;5;89;21;10;3;25
5749;VCT 2025: EMEA Kickoff;All Stages;All Match Types;Minny;Gentle Mates;60;111;209;118;0,72;133;77;15;12;1;0,35;0,25;2/8;23;46;39;9;7;6;89;21;10;3;25
5750;VCT 2025: EMEA Kickoff;All Stages;All Match Types;Minny;Gentle Mates;192;118;220;126;0,71;140;79;17;14;7;0,38;0,11;3/28;25;151;120;32;27;14;89;21;10;3;25
5751;VCT 2025: EMEA Kickoff;All Stages;All Match Types;Zyppan;Gentle Mates;81;9;150;85;0,69;104;56;36;5;11;0,31;0,33;2/6;22;45;53;29;4;9;212;21;10;3;25
5752;VCT 2025: EMEA Kickoff;All Stages;All Match Types;Zyppan;Gentle Mates;192;98;180;91;0,69;121;63;43;8;1;0,31;0,12;2/17;22;121;133;82;16;19;212;21;10;3;25
5753;VCT 2025: EMEA Kickoff;All Stages;All Match Types;RobbieBk;Gentle Mates;137;101;163;95;0,77;116;53;31;7;7;0,3;0,06;1/17;18;73;77;43;10;10;141;21;10;3;25
5754;VCT 2025: EMEA Kickoff;All Stages;All Match Types;RobbieBk;Gentle Mates;192;9;154;77;0,71;111;49;29;7;7;0,28;0,04;1/25;18;95;124;56;14;13;141;21;10;3;25
5755;VCT 2025: EMEA Kickoff;All Stages;All Match Types;Click;Gentle Mates;95;122;229;144;0,73;145;93;8;18;14;0,4;0,25;1/4;24;88;61;8;17;13;217;21;10;3;25
5756;VCT 2025: EMEA Kickoff;All Stages;All Match Types;Click;Gentle Mates;20;89;213;88;0,6;137;75;1;25;3;0,44;1;1/1;15;15;17;2;5;6;217;21;10;3;25
5757;VCT 2025: EMEA Kickoff;All Stages;All Match Types;Click;Gentle Mates;192;102;210;112;0,68;134;81;9;19;19;0,38;0,25;2/8;24;155;138;17;36;36;217;21;10;3;25
5758;VCT 2025: EMEA Kickoff;All Stages;All Match Types;AtaKaptan;FUT Esports;118;94;174;84;0,72;111;61;43;8;12;0,27;0,33;4/12;17;72;86;51;10;14;205;23;10;3;25
5759;VCT 2025: EMEA Kickoff;All Stages;All Match Types;AtaKaptan;FUT Esports;20;81;142;69;0,7;86;55;35;0;1;0,31;0,5;1/2;11;11;16;7;0;2;205;23;10;3;25
5760;VCT 2025: EMEA Kickoff;All Stages;All Match Types;AtaKaptan;FUT Esports;17;91;185;85;0,59;124;65;18;6;6;0,24;0,25;1/4;11;11;13;3;1;1;205;23;10;3;25
5761;VCT 2025: EMEA Kickoff;All Stages;All Match Types;AtaKaptan;FUT Esports;179;89;171;79;0,68;111;59;37;6;11;0,27;0,3;6/20;17;106;134;67;11;20;205;23;10;3;25
5762;VCT 2025: EMEA Kickoff;All Stages;All Match Types;MrFaliN;FUT Esports;72;83;160;75;0,65;103;53;43;3;3;0,19;0,23;3/13;13;38;51;31;2;2;99;23;10;3;25
5763;VCT 2025: EMEA Kickoff;All Stages;All Match Types;MrFaliN;FUT Esports;24;85;151;81;0,71;93;54;29;8;13;0,36;0,2;1/5;13;13;16;7;2;3;99;23;10;3;25
5764;VCT 2025: EMEA Kickoff;All Stages;All Match Types;MrFaliN;FUT Esports;179;91;165;84;0,67;110;56;33;4;9;0,23;0,17;4/24;15;101;120;59;8;16;99;23;10;3;25
5765;VCT 2025: EMEA Kickoff;All Stages;All Match Types;yetujey;FUT Esports;116;112;232;113;0,75;152;81;26;12;8;0,25;0,28;5/18;22;94;83;30;14;9;97;23;10;3;25
5766;VCT 2025: EMEA Kickoff;All Stages;All Match Types;yetujey;FUT Esports;179;113;231;115;0,75;151;81;23;14;8;0,26;0,15;5/33;22;145;126;41;25;14;97;23;10;3;25
5767;VCT 2025: EMEA Kickoff;All Stages;All Match Types;qRaxs;FUT Esports;99;99;188;9;0,74;122;66;52;6;4;0,23;0,17;1/6;18;65;72;51;6;4;98;23;10;3;25
5768;VCT 2025: EMEA Kickoff;All Stages;All Match Types;qRaxs;FUT Esports;179;9;179;85;0,74;118;61;41;6;5;0,26;0,07;1/14;19;110;130;74;11;9;98;23;10;3;25
5769;VCT 2025: EMEA Kickoff;All Stages;All Match Types;xeus;FUT Esports;80;108;219;112;0,68;141;81;15;11;26;0,43;0,5;3/6;25;65;58;12;9;21;206;23;10;3;25
5770;VCT 2025: EMEA Kickoff;All Stages;All Match Types;xeus;FUT Esports;179;105;232;109;0,67;149;85;15;14;22;0,38;0,25;3/12;25;153;140;26;25;40;206;23;10;3;25
5771;VCT 2025: EMEA Kickoff;All Stages;All Match Types;grubinho;KOI;39;92;153;85;0,64;102;59;33;8;1;0,26;0,25;2/8;15;23;27;13;3;4;40;22;10;3;25
5772;VCT 2025: EMEA Kickoff;All Stages;All Match Types;grubinho;KOI;55;72;153;73;0,69;91;55;36;4;11;0,27;0,2;1/5;13;30;41;20;2;6;40;22;10;3;25
5773;VCT 2025: EMEA Kickoff;All Stages;All Match Types;grubinho;KOI;117;91;168;89;0,72;104;62;39;8;1;0,26;0,21;3/14;20;73;82;46;9;12;40;22;10;3;25
5774;VCT 2025: EMEA Kickoff;All Stages;All Match Types;flyuh;KOI;42;77;168;84;0,64;116;62;5;2;19;0,26;0,17;1/6;14;26;31;2;1;8;94;22;10;3;25
5775;VCT 2025: EMEA Kickoff;All Stages;All Match Types;flyuh;KOI;117;77;169;77;0,68;112;6;25;9;14;0,24;0,07;1/15;18;70;91;29;10;16;94;22;10;3;25
5776;VCT 2025: EMEA Kickoff;All Stages;All Match Types;soulcas;KOI;32;57;128;58;0,53;93;47;19;6;6;0,3;0,14;1/7;9;15;26;6;2;2;215;22;10;3;25
5777;VCT 2025: EMEA Kickoff;All Stages;All Match Types;soulcas;KOI;23;97;181;107;0,78;118;65;22;4;13;0,32;0,5;1/2;15;15;14;5;1;3;215;22;10;3;25
5778;VCT 2025: EMEA Kickoff;All Stages;All Match Types;soulcas;KOI;117;92;185;93;0,72;125;68;24;8;6;0,33;0,14;2/14;20;79;85;28;9;7;215;22;10;3;25
5779;VCT 2025: EMEA Kickoff;All Stages;All Match Types;Filu;KOI;23;92;200;94;0,7;139;74;13;22;22;0,25;0,33;1/3;17;17;18;3;5;5;111;22;10;3;25
5780;VCT 2025: EMEA Kickoff;All Stages;All Match Types;Filu;KOI;117;97;229;99;0,71;150;79;17;15;22;0,28;0,08;1/13;22;92;93;20;17;26;111;22;10;3;25
5781;VCT 2025: EMEA Kickoff;All Stages;All Match Types;sheydos;KOI;101;93;167;84;0,67;118;58;18;8;3;0,27;0,16;3/19;15;59;70;18;8;3;207;22;10;3;25
5782;VCT 2025: EMEA Kickoff;All Stages;All Match Types;sheydos;KOI;117;84;154;75;0,66;112;54;19;7;3;0,27;0,16;3/19;15;63;84;22;8;3;207;22;10;3;25
5783;VCT 2025: EMEA Kickoff;All Stages;All Match Types;tomaszy;GIANTX;44;8;178;74;0,66;122;64;34;5;7;0,29;0,17;1/6;20;28;38;15;2;3;213;2;10;3;25
5784;VCT 2025: EMEA Kickoff;All Stages;All Match Types;tomaszy;GIANTX;88;93;162;84;0,72;113;59;36;7;13;0,29;0,14;2/14;23;52;62;32;6;11;213;2;10;3;25
5785;VCT 2025: EMEA Kickoff;All Stages;All Match Types;tomaszy;GIANTX;176;97;182;91;0,72;121;66;41;8;9;0,3;0,13;3/24;23;116;128;73;14;15;213;2;10;3;25
5786;VCT 2025: EMEA Kickoff;All Stages;All Match Types;runneR;GIANTX;70;95;169;8;0,71;107;56;51;1;6;0,27;0,14;1/7;15;39;49;36;1;4;208;2;10;3;25
5787;VCT 2025: EMEA Kickoff;All Stages;All Match Types;runneR;GIANTX;19;76;193;69;0,84;139;58;32;11;21;0,17;0,5;1/2;11;11;16;6;2;4;208;2;10;3;25
5788;VCT 2025: EMEA Kickoff;All Stages;All Match Types;runneR;GIANTX;43;111;189;129;0,81;108;72;28;12;0;0,31;0,2;1/5;20;31;24;12;5;0;208;2;10;3;25
5789;VCT 2025: EMEA Kickoff;All Stages;All Match Types;runneR;GIANTX;176;9;171;81;0,75;110;57;4;6;7;0,24;0,14;3/21;20;100;123;70;10;12;208;2;10;3;25
5790;VCT 2025: EMEA Kickoff;All Stages;All Match Types;Cloud;GIANTX;113;105;205;104;0,71;137;71;3;12;8;0,25;0,07;1/15;22;80;77;34;14;9;7;2;10;3;25
5791;VCT 2025: EMEA Kickoff;All Stages;All Match Types;Cloud;GIANTX;44;126;242;121;0,64;159;8;16;11;18;0,4;0,14;1/7;18;35;29;7;5;8;7;2;10;3;25
5792;VCT 2025: EMEA Kickoff;All Stages;All Match Types;Cloud;GIANTX;176;107;206;103;0,68;140;71;26;11;1;0,3;0,08;2/25;22;125;121;45;19;18;7;2;10;3;25
5793;VCT 2025: EMEA Kickoff;All Stages;All Match Types;westside;GIANTX;88;99;189;92;0,8;121;66;31;1;5;0,37;0,08;1/12;17;58;63;27;9;4;6;2;10;3;25
5794;VCT 2025: EMEA Kickoff;All Stages;All Match Types;westside;GIANTX;176;83;164;78;0,67;111;57;24;7;8;0,36;0,05;1/21;17;101;129;42;12;14;6;2;10;3;25
5795;VCT 2025: Pacific Kickoff;Main Event;Upper Round 1;Estrella;Rex Regum Qeon;16;153;202;233;0,75;138;88;13;13;13;0,43;0,33;1/3;14;14;6;2;2;2;187;12;11;5;26
5796;VCT 2025: Pacific Kickoff;Main Event;Upper Round 1;Estrella;Rex Regum Qeon;16;88;124;75;0,88;77;38;75;0;6;0,15;0,5;1/2;6;6;8;12;0;1;187;12;11;5;26
5797;VCT 2025: Pacific Kickoff;Main Event;Upper Round 1;Estrella;Rex Regum Qeon;58;101;167;97;0,79;112;59;52;9;12;0,22;0,18;2/11;14;34;35;30;5;7;187;12;11;5;26
5798;VCT 2025: Pacific Kickoff;Main Event;Upper Round 1;xffero;Rex Regum Qeon;16;118;236;127;0,94;169;88;19;19;6;0,39;0,5;1/2;14;14;11;3;3;1;50;12;11;5;26
5799;VCT 2025: Pacific Kickoff;Main Event;Upper Round 1;xffero;Rex Regum Qeon;58;97;173;10;0,81;117;64;29;1;7;0,34;0,14;1/7;16;37;37;17;6;4;50;12;11;5;26
5800;VCT 2025: Pacific Kickoff;Main Event;Upper Round 1;Kushy;Rex Regum Qeon;58;134;230;15;0,79;154;83;28;7;2;0,39;0,5;2/4;21;48;32;16;4;1;51;12;11;5;26
5801;VCT 2025: Pacific Kickoff;Main Event;Upper Round 1;Persia;Nongshim RedForce;22;148;247;15;0,82;165;95;36;5;9;0,24;0,2;1/5;21;21;14;8;1;2;154;33;11;5;26
5802;VCT 2025: Pacific Kickoff;Main Event;Upper Round 1;Persia;Nongshim RedForce;44;141;236;15;0,84;152;89;5;9;5;0,25;0,17;1/6;21;39;26;22;4;2;154;33;11;5;26
5803;VCT 2025: Pacific Kickoff;Main Event;Upper Round 1;Ivy;Nongshim RedForce;22;143;292;16;0,73;181;109;23;14;0;0,31;0,67;2/3;24;24;15;5;3;0;192;33;11;5;26
5804;VCT 2025: Pacific Kickoff;Main Event;Upper Round 1;Ivy;Nongshim RedForce;44;133;250;148;0,77;158;91;32;11;5;0,27;0,5;2/4;24;40;27;14;5;2;192;33;11;5;26
5805;VCT 2025: Pacific Kickoff;Main Event;Upper Round 1;Papi;Global Esports;39;136;204;155;0,77;127;79;36;1;0;0,38;0,57;4/7;16;31;20;14;4;0;170;37;11;5;26
5806;VCT 2025: Pacific Kickoff;Main Event;Upper Round 1;Papi;Global Esports;55;123;197;132;0,73;128;75;33;9;0;0,4;0,33;4/12;16;41;31;18;5;0;170;37;11;5;26
5807;VCT 2025: Pacific Kickoff;Main Event;Upper Round 1;Deryeon;Global Esports;20;78;133;69;0,65;94;45;25;0;2;0,26;0,5;1/2;9;9;13;5;0;4;245;37;11;5;26
5808;VCT 2025: Pacific Kickoff;Main Event;Upper Round 1;Deryeon;Global Esports;55;96;157;103;0,73;107;6;2;2;11;0,23;0,13;1/8;16;33;32;11;1;6;245;37;11;5;26
5809;VCT 2025: Pacific Kickoff;Main Event;Upper Round 1;dos9;BOOM Esports;24;127;221;125;0,75;137;83;25;4;4;0,32;0,14;1/7;20;20;16;6;1;1;185;40;11;5;26
5810;VCT 2025: Pacific Kickoff;Main Event;Upper Round 1;dos9;BOOM Esports;65;108;188;93;0,8;127;65;49;5;3;0,3;0,06;1/16;20;42;45;32;3;2;185;40;11;5;26
5811;VCT 2025: Pacific Kickoff;Main Event;Upper Round 1;BerserX;BOOM Esports;20;64;139;63;0,55;102;5;1;15;0;0,23;0,33;1/3;10;10;16;2;3;0;186;40;11;5;26
5812;VCT 2025: Pacific Kickoff;Main Event;Upper Round 1;BerserX;BOOM Esports;65;111;211;122;0,71;139;77;15;11;5;0,27;0,13;1/8;22;50;41;10;7;3;186;40;11;5;26
5813;VCT 2025: Pacific Kickoff;Main Event;Upper Round 1;Shiro;BOOM Esports;45;116;205;107;0,76;122;69;49;13;11;0,17;0,25;1/4;18;31;29;22;6;5;194;40;11;5;26
5814;VCT 2025: Pacific Kickoff;Main Event;Upper Round 1;Shiro;BOOM Esports;65;97;183;87;0,69;115;6;45;12;11;0,16;0,25;1/4;18;39;45;29;8;7;194;40;11;5;26
5815;VCT 2025: Pacific Kickoff;Main Event;Upper Round 1;Famouz;BOOM Esports;44;104;231;106;0,66;129;8;14;25;27;0,13;0,14;1/7;24;35;33;6;11;12;191;40;11;5;26
5816;VCT 2025: Pacific Kickoff;Main Event;Upper Round 1;Famouz;BOOM Esports;65;112;239;12;0,69;144;83;17;2;2;0,15;0,14;1/7;24;54;45;11;13;13;191;40;11;5;26
5817;VCT 2025: Pacific Kickoff;Main Event;Upper Round 1;Jinboong;DetonatioN FocusMe;26;89;201;10;0,65;127;73;12;4;15;0,43;0,33;1/3;19;19;19;3;1;4;164;36;11;5;26
5818;VCT 2025: Pacific Kickoff;Main Event;Upper Round 1;Jinboong;DetonatioN FocusMe;16;65;96;45;0,5;77;31;13;0;6;0,2;0,25;1/4;5;5;11;2;0;1;164;36;11;5;26
5819;VCT 2025: Pacific Kickoff;Main Event;Upper Round 1;Jinboong;DetonatioN FocusMe;58;81;162;85;0,64;113;6;9;7;14;0,34;0,25;2/8;19;35;41;5;4;8;164;36;11;5;26
5820;VCT 2025: Pacific Kickoff;Main Event;Upper Round 1;gyen;DetonatioN FocusMe;16;5;108;33;0,69;75;25;56;6;0;0,27;0,17;1/6;4;4;12;9;1;0;167;36;11;5;26
5821;VCT 2025: Pacific Kickoff;Main Event;Upper Round 1;gyen;DetonatioN FocusMe;58;69;149;62;0,62;101;48;34;5;9;0,26;0,09;1/11;13;28;45;20;3;5;167;36;11;5;26
5822;VCT 2025: Pacific Kickoff;Main Event;Upper Round 1;Meiy;DetonatioN FocusMe;26;162;322;178;0,69;210;123;4;15;15;0,4;0,5;3/6;32;32;18;1;4;4;165;36;11;5;26
5823;VCT 2025: Pacific Kickoff;Main Event;Upper Round 1;Meiy;DetonatioN FocusMe;58;106;205;107;0,67;145;84;1;14;12;0,39;0,33;3/9;32;49;46;6;8;7;165;36;11;5;26
5824;VCT 2025: Pacific Kickoff;Main Event;Upper Round 1;Sylvan;T1;24;85;147;88;0,75;97;58;46;8;0;0,3;0,4;2/5;14;14;16;11;2;0;219;16;11;5;26
5825;VCT 2025: Pacific Kickoff;Main Event;Upper Round 1;Sylvan;T1;41;112;194;10;0,76;133;71;51;0;1;0,24;0,4;2/5;19;29;29;21;0;4;219;16;11;5;26
5826;VCT 2025: Pacific Kickoff;Main Event;Upper Round 1;Sylvan;T1;65;102;178;96;0,75;120;66;49;3;6;0,26;0,4;4/10;19;43;45;32;2;4;219;16;11;5;26
5827;VCT 2025: Pacific Kickoff;Main Event;Upper Round 1;BuZz;T1;21;126;255;143;0,67;159;95;5;19;14;0,07;0,2;1/5;20;20;14;1;4;3;69;16;11;5;26
5828;VCT 2025: Pacific Kickoff;Main Event;Upper Round 1;BuZz;T1;65;103;214;114;0,68;134;75;17;15;15;0,18;0,17;1/6;20;49;43;11;10;10;69;16;11;5;26
5829;VCT 2025: Pacific Kickoff;Main Event;Upper Round 1;2GE;Team Secret;16;146;271;16;1;156;10;56;19;0;0,12;0,33;1/3;16;16;10;9;3;0;225;38;11;5;26
5830;VCT 2025: Pacific Kickoff;Main Event;Upper Round 1;2GE;Team Secret;55;9;179;89;0,75;104;6;35;15;11;0,14;0,11;1/9;16;33;37;19;8;6;225;38;11;5;26
5831;VCT 2025: Pacific Kickoff;Main Event;Upper Round 1;JessieVash;Team Secret;20;104;227;107;0,65;161;8;2;5;5;0,33;0,14;1/7;16;16;15;4;1;1;224;38;11;5;26
5832;VCT 2025: Pacific Kickoff;Main Event;Upper Round 1;JessieVash;Team Secret;35;97;182;96;0,66;130;66;31;3;14;0,51;0,2;1/5;12;23;24;11;1;5;224;38;11;5;26
5833;VCT 2025: Pacific Kickoff;Main Event;Upper Round 1;JessieVash;Team Secret;55;99;197;10;0,65;141;71;27;4;11;0,42;0,17;2/12;16;39;39;15;2;6;224;38;11;5;26
5834;VCT 2025: Pacific Kickoff;Main Event;Upper Round 1;invy;Team Secret;35;95;166;87;0,86;102;57;49;3;9;0,35;0,33;1/3;14;20;23;17;1;3;193;38;11;5;26
5835;VCT 2025: Pacific Kickoff;Main Event;Upper Round 1;invy;Team Secret;55;83;163;82;0,82;101;56;42;4;7;0,27;0,33;1/3;14;31;38;23;2;4;193;38;11;5;26
5836;VCT 2025: Pacific Kickoff;Main Event;Upper Round 1;Jremy;Team Secret;35;129;275;155;0,66;161;97;9;2;17;0,29;0,5;1/2;21;34;22;3;7;6;220;38;11;5;26
5837;VCT 2025: Pacific Kickoff;Main Event;Upper Round 1;Jremy;Team Secret;55;116;271;137;0,64;161;95;7;25;13;0,27;0,25;1/4;21;52;38;4;14;7;220;38;11;5;26
5838;VCT 2025: Pacific Kickoff;Main Event;Upper Round 1;SyouTa;ZETA DIVISION;44;73;168;75;0,64;105;61;18;9;7;0,4;0,17;1/6;14;27;36;8;4;3;226;39;11;5;26
5839;VCT 2025: Pacific Kickoff;Main Event;Upper Round 1;SugarZ3ro;ZETA DIVISION;44;88;176;84;0,68;116;59;39;7;5;0,42;0,25;1/4;16;26;31;17;3;2;180;39;11;5;26
5840;VCT 2025: Pacific Kickoff;Main Event;Upper Quarterfinals;Crws;TALON;22;89;110;9;0,68;84;41;14;0;0;0,24;0,25;1/4;9;9;10;3;0;0;159;34;11;5;1
5841;VCT 2025: Pacific Kickoff;Main Event;Upper Quarterfinals;Crws;TALON;62;76;135;7;0,66;97;42;29;2;2;0,29;0,14;1/7;11;26;37;18;1;1;159;34;11;5;1
5842;VCT 2025: Pacific Kickoff;Main Event;Upper Quarterfinals;ban;TALON;21;83;164;92;0,71;109;57;24;1;14;0,39;0,5;1/2;12;12;13;5;2;3;171;34;11;5;1
5843;VCT 2025: Pacific Kickoff;Main Event;Upper Quarterfinals;ban;TALON;22;84;164;86;0,68;121;55;18;5;14;0,42;0,67;2/3;12;12;14;4;1;3;171;34;11;5;1
5844;VCT 2025: Pacific Kickoff;Main Event;Upper Quarterfinals;ban;TALON;62;86;176;98;0,66;114;63;18;1;16;0,44;0,5;3/6;15;39;40;11;6;10;171;34;11;5;1
5845;VCT 2025: Pacific Kickoff;Main Event;Upper Quarterfinals;Persia;Nongshim RedForce;19;107;161;11;0,74;106;58;42;0;11;0,35;0,5;1/2;11;11;10;8;0;2;154;33;11;5;1
5846;VCT 2025: Pacific Kickoff;Main Event;Upper Quarterfinals;Persia;Nongshim RedForce;22;94;175;8;0,82;109;55;73;5;14;0,37;0,5;1/2;12;12;15;16;1;3;154;33;11;5;1
5847;VCT 2025: Pacific Kickoff;Main Event;Upper Quarterfinals;Persia;Nongshim RedForce;65;99;174;91;0,75;109;6;55;2;9;0,34;0,29;2/7;16;39;43;36;1;6;154;33;11;5;1
5848;VCT 2025: Pacific Kickoff;Main Event;Upper Quarterfinals;margaret;Nongshim RedForce;24;103;179;107;0,71;109;67;25;13;8;0,2;0,14;1/7;16;16;15;6;3;2;221;33;11;5;1
5849;VCT 2025: Pacific Kickoff;Main Event;Upper Quarterfinals;margaret;Nongshim RedForce;65;92;191;104;0,69;122;72;14;9;11;0,26;0,1;1/10;17;47;45;9;6;7;221;33;11;5;1
5850;VCT 2025: Pacific Kickoff;Main Event;Upper Quarterfinals;Ivy;Nongshim RedForce;19;141;225;189;0,74;139;89;16;11;5;0,26;0,8;4/5;17;17;9;3;2;1;192;33;11;5;1
5851;VCT 2025: Pacific Kickoff;Main Event;Upper Quarterfinals;Ivy;Nongshim RedForce;65;112;207;107;0,83;132;69;42;6;5;0,27;0,5;4/8;17;45;42;27;4;3;192;33;11;5;1
5852;VCT 2025: Pacific Kickoff;Main Event;Upper Quarterfinals;Papi;Global Esports;62;96;175;10;0,74;115;63;26;1;8;0,42;0,2;1/5;16;39;39;16;6;5;170;37;11;5;1
5853;VCT 2025: Pacific Kickoff;Main Event;Upper Quarterfinals;Kr1stal;Global Esports;19;159;261;211;0,79;157;10;26;11;11;0,2;0,33;1/3;19;19;9;5;2;2;172;37;11;5;1
5854;VCT 2025: Pacific Kickoff;Main Event;Upper Quarterfinals;Kr1stal;Global Esports;62;121;217;128;0,73;143;74;19;1;5;0,25;0,1;1/10;19;46;36;12;6;3;172;37;11;5;1
5855;VCT 2025: Pacific Kickoff;Main Event;Upper Quarterfinals;MaKo;DRX;24;128;269;122;0,88;170;92;33;21;4;0,35;0,4;2/5;22;22;18;8;5;1;16;5;11;5;1
5856;VCT 2025: Pacific Kickoff;Main Event;Upper Quarterfinals;MaKo;DRX;65;101;212;96;0,8;138;71;4;14;9;0,25;0,25;2/8;22;46;48;26;9;6;16;5;11;5;1
5857;VCT 2025: Pacific Kickoff;Main Event;Upper Quarterfinals;BeYN;DRX;24;9;153;87;0,79;106;54;29;0;4;0,3;0,25;1/4;13;13;15;7;0;1;15;5;11;5;1
5858;VCT 2025: Pacific Kickoff;Main Event;Upper Quarterfinals;BeYN;DRX;65;82;140;74;0,77;97;49;34;2;6;0,24;0,13;1/8;13;32;43;22;1;4;15;5;11;5;1
5859;VCT 2025: Pacific Kickoff;Main Event;Upper Quarterfinals;Flashback;DRX;41;106;211;119;0,8;150;76;2;7;5;0,16;0,11;1/9;18;31;26;8;3;2;38;5;11;5;1
5860;VCT 2025: Pacific Kickoff;Main Event;Upper Quarterfinals;Flashback;DRX;65;85;183;89;0,78;128;6;23;5;11;0,18;0,08;1/12;18;39;44;15;3;7;38;5;11;5;1
5861;VCT 2025: Pacific Kickoff;Main Event;Upper Quarterfinals;free1ng;DRX;65;117;236;132;0,77;151;89;2;9;5;0,31;0,2;1/5;22;58;44;13;6;3;14;5;11;5;1
5862;VCT 2025: Pacific Kickoff;Main Event;Upper Quarterfinals;Estrella;Rex Regum Qeon;45;99;174;9;0,78;118;6;49;9;4;0,39;0,14;1/7;14;27;30;22;4;2;187;12;11;5;1
5863;VCT 2025: Pacific Kickoff;Main Event;Upper Quarterfinals;Estrella;Rex Regum Qeon;66;93;164;86;0,73;113;58;41;9;6;0,43;0,1;1/10;14;38;44;27;6;4;187;12;11;5;1
5864;VCT 2025: Pacific Kickoff;Main Event;Upper Quarterfinals;Jemkin;Rex Regum Qeon;19;116;245;123;0,84;144;84;42;16;5;0,32;0,5;1/2;16;16;13;8;3;1;57;12;11;5;1
5865;VCT 2025: Pacific Kickoff;Main Event;Upper Quarterfinals;Jemkin;Rex Regum Qeon;66;12;260;121;0,82;167;88;26;27;9;0,27;0,17;1/6;29;58;48;17;18;6;57;12;11;5;1
5866;VCT 2025: Pacific Kickoff;Main Event;Upper Quarterfinals;Kushy;Rex Regum Qeon;21;11;201;107;0,62;126;71;38;5;14;0,44;0,33;1/3;15;15;14;8;1;3;51;12;11;5;1
5867;VCT 2025: Pacific Kickoff;Main Event;Upper Quarterfinals;Kushy;Rex Regum Qeon;66;128;241;14;0,74;154;85;29;12;6;0,37;0,14;1/7;22;56;40;19;8;4;51;12;11;5;1
5868;VCT 2025: Pacific Kickoff;Main Event;Upper Quarterfinals;Monyet;Rex Regum Qeon;19;118;227;142;0,79;142;89;16;11;5;0,25;1;1/1;17;17;12;3;2;1;56;12;11;5;1
5869;VCT 2025: Pacific Kickoff;Main Event;Upper Quarterfinals;Monyet;Rex Regum Qeon;66;9;164;93;0,67;103;59;29;5;12;0,3;0,25;1/4;17;39;42;19;3;8;56;12;11;5;1
5870;VCT 2025: Pacific Kickoff;Main Event;Upper Quarterfinals;stax;T1;24;164;285;185;0,83;201;10;42;4;13;0,31;0,5;1/2;24;24;13;10;1;3;72;16;11;5;1
5871;VCT 2025: Pacific Kickoff;Main Event;Upper Quarterfinals;stax;T1;64;125;217;124;0,77;151;72;5;6;8;0,24;0,2;1/5;24;46;37;32;4;5;72;16;11;5;1
5872;VCT 2025: Pacific Kickoff;Main Event;Upper Quarterfinals;Sylvan;T1;24;89;205;94;0,75;129;71;42;4;8;0,3;0,33;1/3;17;17;18;10;1;2;219;16;11;5;1
5873;VCT 2025: Pacific Kickoff;Main Event;Upper Quarterfinals;Sylvan;T1;64;93;177;88;0,8;115;59;61;6;13;0,27;0,2;1/5;17;38;43;39;4;8;219;16;11;5;1
5874;VCT 2025: Pacific Kickoff;Main Event;Upper Quarterfinals;iZu;T1;19;104;190;118;0,84;125;68;26;16;5;0,24;0,5;1/2;13;13;11;5;3;1;71;16;11;5;1
5875;VCT 2025: Pacific Kickoff;Main Event;Upper Quarterfinals;iZu;T1;24;113;235;95;0,75;174;75;46;4;13;0,33;0,2;1/5;18;18;19;11;1;3;71;16;11;5;1
5876;VCT 2025: Pacific Kickoff;Main Event;Upper Quarterfinals;iZu;T1;64;99;193;91;0,73;136;66;3;9;9;0,24;0,25;2/8;18;42;46;19;6;6;71;16;11;5;1
5877;VCT 2025: Pacific Kickoff;Main Event;Upper Quarterfinals;BuZz;T1;21;95;165;10;0,48;107;67;5;14;1;0,36;0,33;1/3;14;14;14;1;3;2;69;16;11;5;1
5878;VCT 2025: Pacific Kickoff;Main Event;Upper Quarterfinals;BuZz;T1;64;111;238;12;0,67;153;86;17;16;9;0,22;0,17;1/6;23;55;46;11;10;6;69;16;11;5;1
5879;VCT 2025: Pacific Kickoff;Main Event;Upper Quarterfinals;something;Paper Rex;21;89;160;108;0,81;107;62;33;5;14;0,29;0,33;1/3;13;13;12;7;1;3;23;7;11;5;1
5880;VCT 2025: Pacific Kickoff;Main Event;Upper Quarterfinals;something;Paper Rex;64;85;170;85;0,73;112;61;27;9;13;0,23;0,11;1/9;17;39;46;17;6;8;23;7;11;5;1
5881;VCT 2025: Pacific Kickoff;Main Event;Upper Quarterfinals;mindfreak;Paper Rex;40;95;160;7;0,65;101;48;55;3;8;0,41;0,25;1/4;12;19;27;22;1;3;223;7;11;5;1
5882;VCT 2025: Pacific Kickoff;Main Event;Upper Quarterfinals;mindfreak;Paper Rex;64;97;174;78;0,66;116;55;5;2;5;0,32;0,11;1/9;16;35;45;32;1;3;223;7;11;5;1
5883;VCT 2025: Pacific Kickoff;Main Event;Upper Quarterfinals;Jinggg;Paper Rex;64;109;233;109;0,72;152;8;19;22;17;0,16;0,17;1/6;21;51;47;12;14;11;27;7;11;5;1
5884;VCT 2025: Pacific Kickoff;Main Event;Upper Quarterfinals;Karon;Gen.G;19;84;133;57;0,58;94;42;53;0;11;0,35;0,2;1/5;8;8;14;10;0;2;163;35;11;5;1
5885;VCT 2025: Pacific Kickoff;Main Event;Upper Quarterfinals;Karon;Gen.G;66;113;184;11;0,73;127;67;36;3;15;0,27;0,13;1/8;19;44;40;24;2;10;163;35;11;5;1
5886;VCT 2025: Pacific Kickoff;Main Event;Upper Quarterfinals;yoman;Gen.G;45;76;132;61;0,58;89;42;22;0;4;0,24;0,11;1/9;11;19;31;10;0;2;173;35;11;5;1
5887;VCT 2025: Pacific Kickoff;Main Event;Upper Quarterfinals;yoman;Gen.G;66;8;138;67;0,65;91;42;3;2;5;0,25;0,11;1/9;11;28;42;20;1;3;173;35;11;5;1
5888;VCT 2025: Pacific Kickoff;Main Event;Upper Quarterfinals;Foxy9;Gen.G;66;96;210;10;0,61;130;74;9;8;6;0,38;0,3;3/10;20;49;49;6;5;4;188;35;11;5;1
5889;VCT 2025: Pacific Kickoff;Main Event;Upper Semifinals;MaKo;DRX;22;113;161;92;0,77;122;55;5;5;9;0,17;0,2;1/5;12;12;13;11;1;2;16;5;11;5;2
5890;VCT 2025: Pacific Kickoff;Main Event;Upper Semifinals;MaKo;DRX;28;114;207;112;0,75;134;68;57;0;4;0,37;0,33;1/3;19;19;17;16;0;1;16;5;11;5;2
5891;VCT 2025: Pacific Kickoff;Main Event;Upper Semifinals;MaKo;DRX;50;114;184;103;0,76;128;62;54;2;6;0,28;0,25;2/8;19;31;30;27;1;3;16;5;11;5;2
5892;VCT 2025: Pacific Kickoff;Main Event;Upper Semifinals;JitBoyS;TALON;18;82;149;64;0,89;92;5;61;0;11;0,56;0,5;1/2;9;9;14;11;0;2;156;34;11;5;2
5893;VCT 2025: Pacific Kickoff;Main Event;Upper Semifinals;JitBoyS;TALON;22;114;189;94;0,77;145;68;36;0;5;0,25;0,25;1/4;15;15;16;8;0;1;156;34;11;5;2
5894;VCT 2025: Pacific Kickoff;Main Event;Upper Semifinals;JitBoyS;TALON;57;102;184;93;0,84;127;67;4;5;5;0,32;0,25;2/8;15;38;41;23;3;3;156;34;11;5;2
5895;VCT 2025: Pacific Kickoff;Main Event;Upper Semifinals;Crws;TALON;17;89;134;9;0,82;89;53;12;6;0;0,2;1;1/1;9;9;10;2;1;0;159;34;11;5;2
5896;VCT 2025: Pacific Kickoff;Main Event;Upper Semifinals;Crws;TALON;57;66;137;64;0,63;82;47;26;4;11;0,17;0,2;1/5;10;27;42;15;2;6;159;34;11;5;2
5897;VCT 2025: Pacific Kickoff;Main Event;Upper Semifinals;stax;T1;18;106;115;10;0,83;73;44;83;0;6;0,28;0,5;1/2;8;8;8;15;0;1;72;16;11;5;2
5898;VCT 2025: Pacific Kickoff;Main Event;Upper Semifinals;stax;T1;57;91;139;78;0,72;100;49;46;4;4;0,3;0,17;1/6;13;28;36;26;2;2;72;16;11;5;2
5899;VCT 2025: Pacific Kickoff;Main Event;Upper Semifinals;iZu;T1;22;11;199;142;0,77;141;77;14;5;9;0,33;0,33;1/3;17;17;12;3;1;2;71;16;11;5;2
5900;VCT 2025: Pacific Kickoff;Main Event;Upper Semifinals;iZu;T1;18;15;175;26;1;134;72;33;11;0;0,32;0,33;1/3;13;13;5;6;2;0;71;16;11;5;2
5901;VCT 2025: Pacific Kickoff;Main Event;Upper Semifinals;iZu;T1;57;112;179;128;0,82;127;72;21;5;9;0,32;0,18;2/11;17;41;32;12;3;5;71;16;11;5;2
5902;VCT 2025: Pacific Kickoff;Main Event;Upper Semifinals;BuZz;T1;35;12;247;111;0,69;173;86;26;17;9;0,15;0,5;1/2;21;30;27;9;6;3;69;16;11;5;2
5903;VCT 2025: Pacific Kickoff;Main Event;Upper Semifinals;BuZz;T1;22;158;258;183;0,86;176;10;36;32;9;0,35;0,67;2/3;22;22;12;8;7;2;69;16;11;5;2
5904;VCT 2025: Pacific Kickoff;Main Event;Upper Semifinals;BuZz;T1;57;135;251;133;0,75;174;91;3;23;9;0,22;0,6;3/5;22;52;39;17;13;5;69;16;11;5;2
5905;VCT 2025: Pacific Kickoff;Main Event;Upper Semifinals;Karon;Gen.G;28;9;139;76;0,71;97;46;43;0;4;0,29;0,33;1/3;13;13;17;12;0;1;163;35;11;5;2
5906;VCT 2025: Pacific Kickoff;Main Event;Upper Semifinals;Karon;Gen.G;50;92;164;79;0,7;102;54;52;2;6;0,34;0,2;1/5;14;27;34;26;1;3;163;35;11;5;2
5907;VCT 2025: Pacific Kickoff;Main Event;Upper Semifinals;t3xture;Gen.G;28;58;168;64;0,54;113;57;11;14;36;0,22;0,33;1/3;16;16;25;3;4;10;162;35;11;5;2
5908;VCT 2025: Pacific Kickoff;Main Event;Upper Semifinals;t3xture;Gen.G;50;76;204;86;0,54;121;72;6;18;28;0,24;0,25;1/4;20;36;42;3;9;14;162;35;11;5;2
5909;VCT 2025: Pacific Kickoff;Main Event;Upper Semifinals;Munchkin;Gen.G;22;75;170;65;0,77;118;5;5;5;9;0,18;0,33;1/3;11;11;17;11;1;2;189;35;11;5;2
5910;VCT 2025: Pacific Kickoff;Main Event;Upper Semifinals;Munchkin;Gen.G;50;78;170;68;0,74;115;52;44;4;12;0,18;0,14;1/7;15;26;38;22;2;6;189;35;11;5;2
5911;VCT 2025: Pacific Kickoff;Main Event;Upper Final;BeYN;DRX;24;78;169;68;0,67;123;54;33;0;4;0,24;0,14;1/7;13;13;19;8;0;1;15;5;11;5;3
5912;VCT 2025: Pacific Kickoff;Main Event;Upper Final;BeYN;DRX;75;79;150;72;0,69;98;51;37;3;4;0,24;0,09;1/11;13;38;53;28;2;3;15;5;11;5;3
5913;VCT 2025: Pacific Kickoff;Main Event;Upper Final;MaKo;DRX;52;117;204;119;0,79;129;73;42;1;12;0,23;0,8;4/5;19;38;32;22;5;6;16;5;11;5;3
5914;VCT 2025: Pacific Kickoff;Main Event;Upper Final;MaKo;DRX;75;125;230;134;0,8;140;84;43;11;9;0,25;0,5;4/8;25;63;47;32;8;7;16;5;11;5;3
5915;VCT 2025: Pacific Kickoff;Main Event;Upper Final;Flashback;DRX;28;111;180;106;0,79;113;61;29;14;11;0,22;0,2;1/5;17;17;16;8;4;3;38;5;11;5;3
5916;VCT 2025: Pacific Kickoff;Main Event;Upper Final;Flashback;DRX;47;61;124;67;0,57;74;47;17;0;21;0,26;0,25;1/4;14;22;33;8;0;10;38;5;11;5;3
5917;VCT 2025: Pacific Kickoff;Main Event;Upper Final;Flashback;DRX;75;8;143;8;0,65;89;52;21;5;17;0,24;0,22;2/9;17;39;49;16;4;13;38;5;11;5;3
5918;VCT 2025: Pacific Kickoff;Main Event;Upper Final;HYUNMIN;DRX;47;124;274;122;0,64;185;96;21;26;13;0,23;0,67;2/3;24;45;37;10;12;6;37;5;11;5;3
5919;VCT 2025: Pacific Kickoff;Main Event;Upper Final;HYUNMIN;DRX;75;123;270;121;0,71;181;93;17;23;15;0,27;0,33;2/6;25;70;58;13;17;11;37;5;11;5;3
5920;VCT 2025: Pacific Kickoff;Main Event;Upper Final;free1ng;DRX;75;99;207;96;0,73;148;73;28;9;4;0,27;0,1;1/10;28;55;57;21;7;3;14;5;11;5;3
5921;VCT 2025: Pacific Kickoff;Main Event;Upper Final;stax;T1;23;83;148;65;0,7;98;48;61;4;4;0,32;0,5;1/2;11;11;17;14;1;1;72;16;11;5;3
5922;VCT 2025: Pacific Kickoff;Main Event;Upper Final;stax;T1;75;84;154;77;0,72;98;53;37;4;5;0,23;0,1;1/10;15;40;52;28;3;4;72;16;11;5;3
5923;VCT 2025: Pacific Kickoff;Main Event;Upper Final;iZu;T1;52;122;224;137;0,75;145;79;12;6;1;0,36;0,2;2/10;22;41;30;6;3;5;71;16;11;5;3
5924;VCT 2025: Pacific Kickoff;Main Event;Upper Final;iZu;T1;75;115;213;124;0,73;142;75;16;7;8;0,35;0,14;2/14;22;56;45;12;5;6;71;16;11;5;3
5925;VCT 2025: Pacific Kickoff;Main Event;Upper Final;BuZz;T1;47;126;296;121;0,72;190;98;17;26;13;0,19;0,33;1/3;23;46;38;8;12;6;69;16;11;5;3
5926;VCT 2025: Pacific Kickoff;Main Event;Upper Final;BuZz;T1;75;115;272;114;0,71;171;89;23;24;16;0,23;0,17;1/6;23;67;59;17;18;12;69;16;11;5;3
5927;VCT 2025: Pacific Kickoff;Main Event;Grand Final;BeYN;DRX;26;77;133;58;0,77;87;42;62;0;8;0,23;0,5;1/2;11;11;19;16;0;2;15;5;11;5;4
5928;VCT 2025: Pacific Kickoff;Main Event;Grand Final;BeYN;DRX;107;101;155;9;0,77;98;51;45;7;5;0,22;0,11;1/9;17;55;61;48;8;5;15;5;11;5;4
5929;VCT 2025: Pacific Kickoff;Main Event;Grand Final;Flashback;DRX;45;101;199;97;0,73;134;71;22;4;7;0,3;0,1;1/10;22;32;33;10;2;3;38;5;11;5;4
5930;VCT 2025: Pacific Kickoff;Main Event;Grand Final;Flashback;DRX;107;106;206;107;0,78;138;73;27;8;7;0,26;0,07;1/14;22;78;73;29;9;8;38;5;11;5;4
5931;VCT 2025: Pacific Kickoff;Main Event;Grand Final;free1ng;DRX;107;115;212;123;0,72;140;76;24;8;1;0,29;0,27;4/15;21;81;66;26;9;11;14;5;11;5;4
5932;VCT 2025: Pacific Kickoff;Main Event;Grand Final;carpe;T1;48;118;200;97;0,85;128;69;6;6;2;0,25;0,25;3/12;19;33;34;29;3;1;240;16;11;5;4
5933;VCT 2025: Pacific Kickoff;Main Event;Grand Final;carpe;T1;107;106;176;92;0,81;109;61;66;4;7;0,29;0,15;3/20;19;65;71;71;4;7;240;16;11;5;4
5934;VCT 2025: Pacific Kickoff;Main Event;Grand Final;Meteor;T1;38;67;149;69;0,61;106;53;13;8;24;0,29;0,2;1/5;14;20;29;5;3;9;68;16;11;5;4
5935;VCT 2025: Pacific Kickoff;Main Event;Grand Final;Meteor;T1;26;89;196;84;0,58;138;62;15;12;8;0,17;0,5;1/2;16;16;19;4;3;2;68;16;11;5;4
5936;VCT 2025: Pacific Kickoff;Main Event;Grand Final;Meteor;T1;107;81;179;85;0,62;118;62;19;8;15;0,22;0,18;2/11;17;66;78;20;9;16;68;16;11;5;4
5937;VCT 2025: Pacific Kickoff;Main Event;Grand Final;BuZz;T1;91;132;272;14;0,8;187;96;2;24;15;0,2;0,14;1/7;28;87;62;18;22;14;69;16;11;5;4
5938;VCT 2025: Pacific Kickoff;Main Event;Grand Final;BuZz;T1;107;126;272;129;0,79;187;94;19;23;16;0,2;0,1;1/10;28;101;78;20;25;17;69;16;11;5;4
5939;VCT 2025: Pacific Kickoff;Main Event;Lower Round 1;Estrella;Rex Regum Qeon;17;165;216;28;0,82;129;82;71;6;6;0,37;0,75;3/4;14;14;5;12;1;1;187;12;11;5;5
5940;VCT 2025: Pacific Kickoff;Main Event;Lower Round 1;Estrella;Rex Regum Qeon;56;125;211;154;0,75;128;77;46;2;7;0,29;0,43;3/7;19;43;28;26;1;4;187;12;11;5;5
5941;VCT 2025: Pacific Kickoff;Main Event;Lower Round 1;xffero;Rex Regum Qeon;17;122;177;183;0,88;126;65;6;12;0;0,27;0,25;1/4;11;11;6;1;2;0;50;12;11;5;5
5942;VCT 2025: Pacific Kickoff;Main Event;Lower Round 1;xffero;Rex Regum Qeon;56;96;186;112;0,79;122;66;21;13;11;0,33;0,13;1/8;17;37;33;12;7;6;50;12;11;5;5
5943;VCT 2025: Pacific Kickoff;Main Event;Lower Round 1;Monyet;Rex Regum Qeon;39;13;237;168;0,72;154;95;15;3;8;0,37;0,33;1/3;22;37;22;6;1;3;56;12;11;5;5
5944;VCT 2025: Pacific Kickoff;Main Event;Lower Round 1;Monyet;Rex Regum Qeon;56;127;239;158;0,73;151;88;29;7;11;0,33;0,33;1/3;22;49;31;16;4;6;56;12;11;5;5
5945;VCT 2025: Pacific Kickoff;Main Event;Lower Round 1;Ivy;Nongshim RedForce;20;69;136;73;0,65;74;55;15;5;5;0,37;0,5;1/2;11;11;15;3;1;1;192;33;11;5;5
5946;VCT 2025: Pacific Kickoff;Main Event;Lower Round 1;Ivy;Nongshim RedForce;58;99;171;111;0,81;102;67;24;7;3;0,32;0,2;1/5;17;39;35;14;4;2;192;33;11;5;5
5947;VCT 2025: Pacific Kickoff;Main Event;Lower Round 1;Francis;Nongshim RedForce;42;106;196;115;0,74;128;74;29;5;17;0,27;0,2;1/5;21;31;27;12;2;7;175;33;11;5;5
5948;VCT 2025: Pacific Kickoff;Main Event;Lower Round 1;Francis;Nongshim RedForce;58;12;224;138;0,76;143;81;31;9;14;0,28;0,17;1/6;21;47;34;18;5;8;175;33;11;5;5
5949;VCT 2025: Pacific Kickoff;Main Event;Lower Round 1;Dambi;Nongshim RedForce;20;45;164;63;0,55;108;5;15;5;2;0,17;0,33;1/3;10;10;16;3;1;4;169;33;11;5;5
5950;VCT 2025: Pacific Kickoff;Main Event;Lower Round 1;Dambi;Nongshim RedForce;58;94;227;105;0,71;146;76;33;24;19;0,17;0,25;1/4;19;44;42;19;14;11;169;33;11;5;5
5951;VCT 2025: Pacific Kickoff;Main Event;Lower Round 1;Meiy;DetonatioN FocusMe;21;125;225;131;0,81;156;81;29;24;1;0,3;1;1/1;17;17;13;6;5;2;165;36;11;5;5
5952;VCT 2025: Pacific Kickoff;Main Event;Lower Round 1;Meiy;DetonatioN FocusMe;47;137;265;153;0,79;173;98;19;23;6;0,28;0,33;1/3;29;46;30;9;11;3;165;36;11;5;5
5953;VCT 2025: Pacific Kickoff;Main Event;Lower Round 1;Akame;DetonatioN FocusMe;26;151;255;171;0,73;165;92;19;12;8;0,43;0,33;1/3;24;24;14;5;3;2;166;36;11;5;5
5954;VCT 2025: Pacific Kickoff;Main Event;Lower Round 1;Akame;DetonatioN FocusMe;47;124;214;124;0,79;141;77;32;11;4;0,4;0,25;1/4;24;36;29;15;5;2;166;36;11;5;5
5955;VCT 2025: Pacific Kickoff;Main Event;Lower Round 1;gyen;DetonatioN FocusMe;47;94;172;104;0,62;120;6;17;6;11;0,33;0,2;1/5;17;28;27;8;3;5;167;36;11;5;5
5956;VCT 2025: Pacific Kickoff;Main Event;Lower Round 1;Art;DetonatioN FocusMe;21;97;148;10;0,86;101;57;38;1;14;0,21;0,33;1/3;12;12;12;8;2;3;246;36;11;5;5
5957;VCT 2025: Pacific Kickoff;Main Event;Lower Round 1;Art;DetonatioN FocusMe;47;87;158;9;0,79;104;57;32;6;17;0,22;0,25;1/4;15;27;30;15;3;8;246;36;11;5;5
5958;VCT 2025: Pacific Kickoff;Main Event;Lower Round 1;Deryeon;Global Esports;21;85;160;81;0,62;112;62;19;5;14;0,23;0,25;1/4;13;13;16;4;1;3;245;37;11;5;5
5959;VCT 2025: Pacific Kickoff;Main Event;Lower Round 1;Deryeon;Global Esports;47;89;164;82;0,66;120;6;21;4;11;0,25;0,14;1/7;15;28;34;10;2;5;245;37;11;5;5
5960;VCT 2025: Pacific Kickoff;Main Event;Lower Round 1;Kr1stal;Global Esports;21;104;190;88;0,71;121;67;29;14;1;0,21;0,75;3/4;14;14;16;6;3;2;172;37;11;5;5
5961;VCT 2025: Pacific Kickoff;Main Event;Lower Round 1;Kr1stal;Global Esports;47;9;177;81;0,7;117;62;36;11;6;0,18;0,43;3/7;15;29;36;17;5;3;172;37;11;5;5
5962;VCT 2025: Pacific Kickoff;Main Event;Lower Round 1;2GE;Team Secret;39;83;153;79;0,69;102;56;33;1;13;0,2;0,25;1/4;18;22;28;13;4;5;225;38;11;5;5
5963;VCT 2025: Pacific Kickoff;Main Event;Lower Round 1;2GE;Team Secret;56;78;153;73;0,7;99;54;32;9;16;0,19;0,2;1/5;18;30;41;18;5;9;225;38;11;5;5
5964;VCT 2025: Pacific Kickoff;Main Event;Lower Round 1;JessieVash;Team Secret;34;104;220;96;0,65;155;76;12;12;0;0,3;0,13;1/8;17;26;27;4;4;0;224;38;11;5;5
5965;VCT 2025: Pacific Kickoff;Main Event;Lower Round 1;JessieVash;Team Secret;56;121;239;117;0,7;169;86;18;11;2;0,33;0,1;1/10;22;48;41;10;6;1;224;38;11;5;5
5966;VCT 2025: Pacific Kickoff;Main Event;Lower Round 1;dos9;BOOM Esports;16;58;141;62;0,56;88;5;25;0;13;0,41;0,33;1/3;8;8;13;4;0;2;185;40;11;5;5
5967;VCT 2025: Pacific Kickoff;Main Event;Lower Round 1;dos9;BOOM Esports;20;148;256;164;0,85;148;9;4;2;0;0,25;0,33;1/3;18;18;11;8;4;0;185;40;11;5;5
5968;VCT 2025: Pacific Kickoff;Main Event;Lower Round 1;dos9;BOOM Esports;58;92;173;85;0,76;100;6;31;1;5;0,25;0,29;2/7;18;35;41;18;6;3;185;40;11;5;5
5969;VCT 2025: Pacific Kickoff;Main Event;Lower Round 1;BerserX;BOOM Esports;20;141;223;213;0,8;162;85;15;5;15;0,35;0,5;1/2;17;17;8;3;1;3;186;40;11;5;5
5970;VCT 2025: Pacific Kickoff;Main Event;Lower Round 1;BerserX;BOOM Esports;58;118;207;117;0,76;152;72;21;3;14;0,23;0,09;1/11;17;42;36;12;2;8;186;40;11;5;5
5971;VCT 2025: Pacific Kickoff;Main Event;Lower Round 1;Famouz;BOOM Esports;42;112;250;109;0,81;155;83;26;19;14;0,11;0,2;1/5;19;35;32;11;8;6;191;40;11;5;5
5972;VCT 2025: Pacific Kickoff;Main Event;Lower Round 1;Famouz;BOOM Esports;58;96;222;93;0,74;142;74;22;19;19;0,11;0,17;1/6;19;43;46;13;11;11;191;40;11;5;5
5973;VCT 2025: Pacific Kickoff;Main Event;Lower Round 1;mindfreak;Paper Rex;18;104;156;111;0,89;104;56;44;0;0;0,26;0,33;1/3;10;10;9;8;0;0;223;7;11;5;5
5974;VCT 2025: Pacific Kickoff;Main Event;Lower Round 1;mindfreak;Paper Rex;39;102;168;105;0,85;111;59;49;8;0;0,28;0,25;1/4;13;23;22;19;3;0;223;7;11;5;5
5975;VCT 2025: Pacific Kickoff;Main Event;Lower Round 1;d4v41;Paper Rex;21;147;262;20;0,95;189;95;14;14;5;0,28;0,33;1/3;20;20;10;3;3;1;22;7;11;5;5
5976;VCT 2025: Pacific Kickoff;Main Event;Lower Round 1;d4v41;Paper Rex;39;136;236;179;0,92;175;87;28;1;3;0,34;0,25;1/4;20;34;19;11;4;1;22;7;11;5;5
5977;VCT 2025: Pacific Kickoff;Main Event;Lower Round 1;CLZ;ZETA DIVISION;39;49;93;38;0,62;64;31;28;0;1;0,37;0,33;3/9;7;12;32;11;0;4;181;39;11;5;5
5978;VCT 2025: Pacific Kickoff;Main Event;Lower Round 1;SyouTa;ZETA DIVISION;18;106;219;10;0,61;145;83;0;11;17;0,54;0,17;1/6;15;15;15;0;2;3;226;39;11;5;5
5979;VCT 2025: Pacific Kickoff;Main Event;Lower Round 1;SyouTa;ZETA DIVISION;39;78;188;76;0,59;124;67;3;13;21;0,5;0,09;1/11;15;26;34;1;5;8;226;39;11;5;5
5980;VCT 2025: Pacific Kickoff;Main Event;Lower Round 1;Dep;ZETA DIVISION;39;106;229;10;0,62;137;79;15;1;21;0,37;0,5;2/4;21;31;31;6;4;8;184;39;11;5;5
5981;VCT 2025: Pacific Kickoff;Main Event;Lower Round 2;Persia;Nongshim RedForce;21;117;156;133;0,81;109;57;43;5;0;0,3;0,5;2/4;12;12;9;9;1;0;154;33;11;5;6
5982;VCT 2025: Pacific Kickoff;Main Event;Lower Round 2;Persia;Nongshim RedForce;26;49;121;5;0,69;86;38;31;0;12;0,29;0,5;1/2;10;10;20;8;0;3;154;33;11;5;6
5983;VCT 2025: Pacific Kickoff;Main Event;Lower Round 2;Persia;Nongshim RedForce;89;101;174;102;0,76;124;64;4;7;4;0,29;0,3;3/10;35;57;56;36;6;4;154;33;11;5;6
5984;VCT 2025: Pacific Kickoff;Main Event;Lower Round 2;Ivy;Nongshim RedForce;42;114;225;125;0,79;140;83;33;1;1;0,35;0,1;1/10;35;35;28;14;4;4;192;33;11;5;6
5985;VCT 2025: Pacific Kickoff;Main Event;Lower Round 2;Ivy;Nongshim RedForce;21;128;202;155;0,67;142;81;29;1;14;0,19;0,5;1/2;17;17;11;6;2;3;192;33;11;5;6
5986;VCT 2025: Pacific Kickoff;Main Event;Lower Round 2;Ivy;Nongshim RedForce;89;115;193;118;0,75;126;74;39;7;9;0,29;0,12;2/17;35;66;56;35;6;8;192;33;11;5;6
5987;VCT 2025: Pacific Kickoff;Main Event;Lower Round 2;margaret;Nongshim RedForce;63;119;218;112;0,75;150;73;32;14;5;0,33;0,25;2/8;31;46;41;20;9;3;221;33;11;5;6
5988;VCT 2025: Pacific Kickoff;Main Event;Lower Round 2;margaret;Nongshim RedForce;89;101;186;93;0,69;130;63;28;15;6;0,31;0,18;2/11;31;56;60;25;13;5;221;33;11;5;6
5989;VCT 2025: Pacific Kickoff;Main Event;Lower Round 2;Francis;Nongshim RedForce;47;128;268;124;0,72;188;87;34;6;0;0,22;0,25;2/8;23;41;33;16;3;0;175;33;11;5;6
5990;VCT 2025: Pacific Kickoff;Main Event;Lower Round 2;Francis;Nongshim RedForce;89;104;237;102;0,73;156;72;35;7;2;0,19;0,22;2/9;23;64;63;31;6;2;175;33;11;5;6
5991;VCT 2025: Pacific Kickoff;Main Event;Lower Round 2;Dambi;Nongshim RedForce;63;84;209;84;0,71;124;68;33;21;17;0,22;0,25;1/4;26;43;51;21;13;11;169;33;11;5;6
5992;VCT 2025: Pacific Kickoff;Main Event;Lower Round 2;Dambi;Nongshim RedForce;89;92;224;92;0,72;135;74;29;26;18;0,25;0,25;1/4;26;66;72;26;23;16;169;33;11;5;6
5993;VCT 2025: Pacific Kickoff;Main Event;Lower Round 2;Estrella;Rex Regum Qeon;21;97;157;63;0,71;112;48;62;0;0;0,26;0,17;1/6;10;10;16;13;0;0;187;12;11;5;6
5994;VCT 2025: Pacific Kickoff;Main Event;Lower Round 2;Estrella;Rex Regum Qeon;42;108;203;97;0,81;131;67;45;1;7;0,27;0,2;1/5;28;28;29;19;4;3;187;12;11;5;6
5995;VCT 2025: Pacific Kickoff;Main Event;Lower Round 2;Estrella;Rex Regum Qeon;89;112;184;98;0,81;131;65;47;6;3;0,31;0,15;2/13;28;58;59;42;5;3;187;12;11;5;6
5996;VCT 2025: Pacific Kickoff;Main Event;Lower Round 2;Jemkin;Rex Regum Qeon;26;141;263;171;0,81;175;92;58;12;8;0,33;0,25;1/4;24;24;14;15;3;2;57;12;11;5;6
5997;VCT 2025: Pacific Kickoff;Main Event;Lower Round 2;Jemkin;Rex Regum Qeon;89;118;243;125;0,75;164;85;34;16;24;0,24;0,09;1/11;38;76;61;30;14;21;57;12;11;5;6
5998;VCT 2025: Pacific Kickoff;Main Event;Lower Round 2;Kushy;Rex Regum Qeon;47;107;195;103;0,72;135;7;23;6;6;0,38;0,25;1/4;20;33;32;11;3;3;51;12;11;5;6
5999;VCT 2025: Pacific Kickoff;Main Event;Lower Round 2;Kushy;Rex Regum Qeon;89;89;181;82;0,71;118;6;35;4;9;0,27;0,13;1/8;20;53;65;31;4;8;51;12;11;5;6
6000;VCT 2025: Pacific Kickoff;Main Event;Lower Round 2;xffero;Rex Regum Qeon;63;97;190;10;0,7;123;7;3;3;8;0,22;0,2;2/10;31;44;44;19;2;5;50;12;11;5;6
6001;VCT 2025: Pacific Kickoff;Main Event;Lower Round 2;xffero;Rex Regum Qeon;89;106;214;112;0,73;141;75;29;6;1;0,22;0,17;2/12;31;67;60;26;5;9;50;12;11;5;6
6002;VCT 2025: Pacific Kickoff;Main Event;Lower Round 2;Monyet;Rex Regum Qeon;21;76;182;67;0,67;125;57;38;5;1;0,25;1;1/1;12;12;18;8;1;2;56;12;11;5;6
6003;VCT 2025: Pacific Kickoff;Main Event;Lower Round 2;Monyet;Rex Regum Qeon;89;86;172;83;0,72;119;6;26;8;15;0,26;0,2;1/5;27;53;64;23;7;13;56;12;11;5;6
6004;VCT 2025: Pacific Kickoff;Main Event;Lower Round 2;Jinboong;DetonatioN FocusMe;14;146;195;24;1;146;86;7;7;14;0,28;0,5;1/2;12;12;5;1;1;2;164;36;11;5;6
6005;VCT 2025: Pacific Kickoff;Main Event;Lower Round 2;Jinboong;DetonatioN FocusMe;37;115;182;124;0,81;122;7;24;3;19;0,27;0,33;1/3;14;26;21;9;1;7;164;36;11;5;6
6006;VCT 2025: Pacific Kickoff;Main Event;Lower Round 2;gyen;DetonatioN FocusMe;23;184;300;245;0,87;187;117;35;22;0;0,3;0,14;1/7;27;27;11;8;5;0;167;36;11;5;6
6007;VCT 2025: Pacific Kickoff;Main Event;Lower Round 2;gyen;DetonatioN FocusMe;37;146;232;171;0,84;148;97;41;22;3;0,25;0,14;1/7;27;36;21;15;8;1;167;36;11;5;6
6008;VCT 2025: Pacific Kickoff;Main Event;Lower Round 2;Meiy;DetonatioN FocusMe;37;15;326;162;0,84;212;114;27;19;8;0,33;0,33;1/3;23;42;26;10;7;3;165;36;11;5;6
6009;VCT 2025: Pacific Kickoff;Main Event;Lower Round 2;Akame;DetonatioN FocusMe;37;104;202;10;0,84;114;65;57;14;8;0,22;0,5;1/2;14;24;24;21;5;3;166;36;11;5;6
6010;VCT 2025: Pacific Kickoff;Main Event;Lower Round 2;Art;DetonatioN FocusMe;23;91;185;76;0,61;133;57;39;0;4;0,28;1;1/1;13;13;17;9;0;1;246;36;11;5;6
6011;VCT 2025: Pacific Kickoff;Main Event;Lower Round 2;Art;DetonatioN FocusMe;37;105;205;104;0,7;139;68;38;3;3;0,23;1;1/1;13;25;24;14;1;1;246;36;11;5;6
6012;VCT 2025: Pacific Kickoff;Main Event;Lower Round 2;something;Paper Rex;37;86;192;83;0,7;118;68;14;19;19;0,23;0,18;2/11;15;25;30;5;7;7;23;7;11;5;6
6013;VCT 2025: Pacific Kickoff;Main Event;Lower Round 2;d4v41;Paper Rex;23;53;112;39;0,65;84;3;7;0;9;0,25;0,25;1/4;7;7;18;16;0;2;22;7;11;5;6
6014;VCT 2025: Pacific Kickoff;Main Event;Lower Round 2;d4v41;Paper Rex;37;55;128;41;0,65;89;35;54;0;8;0,29;0,17;1/6;7;13;32;20;0;3;22;7;11;5;6
6015;VCT 2025: Pacific Kickoff;Main Event;Lower Round 3;JitBoyS;TALON;41;158;240;224;0,8;160;93;29;7;0;0,36;0,5;2/4;19;38;17;12;3;0;156;34;11;5;7
6016;VCT 2025: Pacific Kickoff;Main Event;Lower Round 3;JitBoyS;TALON;63;136;225;156;0,76;146;84;33;11;3;0,29;0,33;2/6;19;53;34;21;7;2;156;34;11;5;7
6017;VCT 2025: Pacific Kickoff;Main Event;Lower Round 3;primmie;TALON;22;143;266;144;0,73;184;105;23;5;9;0,38;0,25;1/4;23;23;16;5;1;2;157;34;11;5;7
6018;VCT 2025: Pacific Kickoff;Main Event;Lower Round 3;primmie;TALON;41;147;268;195;0,85;173;10;29;2;7;0,43;0,5;1/2;25;41;21;12;1;3;157;34;11;5;7
6019;VCT 2025: Pacific Kickoff;Main Event;Lower Round 3;primmie;TALON;63;146;267;173;0,81;177;102;27;3;8;0,41;0,33;2/6;25;64;37;17;2;5;157;34;11;5;7
6020;VCT 2025: Pacific Kickoff;Main Event;Lower Round 3;ban;TALON;22;76;169;82;0,55;107;64;14;0;14;0,32;0,25;1/4;14;14;17;3;0;3;171;34;11;5;7
6021;VCT 2025: Pacific Kickoff;Main Event;Lower Round 3;ban;TALON;63;71;153;73;0,68;100;52;25;6;13;0,28;0,14;1/7;14;33;45;16;4;8;171;34;11;5;7
6022;VCT 2025: Pacific Kickoff;Main Event;Lower Round 3;Crws;TALON;45;105;213;11;0,76;129;73;29;9;9;0,25;0,2;1/5;24;33;30;13;4;4;159;34;11;5;7
6023;VCT 2025: Pacific Kickoff;Main Event;Lower Round 3;Crws;TALON;63;95;183;98;0,79;113;65;4;1;1;0,25;0,2;1/5;24;41;42;25;6;6;159;34;11;5;7
6024;VCT 2025: Pacific Kickoff;Main Event;Lower Round 3;Governor;TALON;63;79;184;77;0,71;118;57;21;16;21;0,14;0,17;1/6;16;36;47;13;10;13;210;34;11;5;7
6025;VCT 2025: Pacific Kickoff;Main Event;Lower Round 3;Ivy;Nongshim RedForce;22;133;200;155;0,82;129;77;45;5;0;0,44;0,29;2/7;17;17;11;10;1;0;192;33;11;5;7
6026;VCT 2025: Pacific Kickoff;Main Event;Lower Round 3;Ivy;Nongshim RedForce;23;96;170;10;0,74;111;65;13;0;4;0,31;0,33;1/3;15;15;15;3;0;1;192;33;11;5;7
6027;VCT 2025: Pacific Kickoff;Main Event;Lower Round 3;Ivy;Nongshim RedForce;63;103;176;105;0,76;111;67;35;5;2;0,37;0,23;3/13;17;42;40;22;3;1;192;33;11;5;7
6028;VCT 2025: Pacific Kickoff;Main Event;Lower Round 3;Persia;Nongshim RedForce;18;96;173;92;0,5;108;61;22;11;17;0,22;0,33;1/3;11;11;12;4;2;3;154;33;11;5;7
6029;VCT 2025: Pacific Kickoff;Main Event;Lower Round 3;Persia;Nongshim RedForce;22;107;218;113;0,82;140;77;41;9;9;0,3;1;1/1;17;17;15;9;2;2;154;33;11;5;7
6030;VCT 2025: Pacific Kickoff;Main Event;Lower Round 3;Persia;Nongshim RedForce;63;99;189;95;0,76;121;65;38;8;1;0,27;0,29;2/7;17;41;43;24;5;6;154;33;11;5;7
6031;VCT 2025: Pacific Kickoff;Main Event;Lower Round 3;Francis;Nongshim RedForce;45;99;210;103;0,69;142;71;29;9;13;0,24;0,17;1/6;18;32;31;13;4;6;175;33;11;5;7
6032;VCT 2025: Pacific Kickoff;Main Event;Lower Round 3;Francis;Nongshim RedForce;63;93;198;87;0,67;136;65;27;6;11;0,24;0,09;1/11;18;41;47;17;4;7;175;33;11;5;7
6033;VCT 2025: Pacific Kickoff;Main Event;Lower Round 3;Dambi;Nongshim RedForce;63;89;217;84;0,68;142;68;33;17;14;0,25;0,5;1/2;18;43;51;21;11;9;169;33;11;5;7
6034;VCT 2025: Pacific Kickoff;Main Event;Lower Round 3;Foxy9;Gen.G;19;94;139;82;0,63;98;47;32;0;5;0,42;1;2/2;9;9;11;6;0;1;188;35;11;5;7
6035;VCT 2025: Pacific Kickoff;Main Event;Lower Round 3;Foxy9;Gen.G;38;118;199;14;0,71;143;74;18;3;11;0,41;0,67;2/3;19;28;20;7;1;4;188;35;11;5;7
6036;VCT 2025: Pacific Kickoff;Main Event;Lower Round 4;JitBoyS;TALON;15;9;143;73;0,6;107;53;2;7;7;0,47;0,5;1/2;8;8;11;3;1;1;156;34;11;5;37
6037;VCT 2025: Pacific Kickoff;Main Event;Lower Round 4;JitBoyS;TALON;35;66;111;5;0,51;73;37;23;6;9;0,48;0,33;1/3;8;13;26;8;2;3;156;34;11;5;37
6038;VCT 2025: Pacific Kickoff;Main Event;Lower Round 4;primmie;TALON;35;104;244;10;0,66;155;86;26;3;9;0,38;0,14;1/7;19;30;30;9;1;3;157;34;11;5;37
6039;VCT 2025: Pacific Kickoff;Main Event;Lower Round 4;Karon;Gen.G;20;178;308;267;0,9;185;12;5;2;0;0,4;0,33;1/3;24;24;9;10;4;0;163;35;11;5;37
6040;VCT 2025: Pacific Kickoff;Main Event;Lower Round 4;Karon;Gen.G;35;15;246;219;0,91;159;10;4;14;0;0,38;0,33;1/3;24;35;16;14;5;0;163;35;11;5;37
6041;VCT 2025: Pacific Kickoff;Main Event;Lower Round 4;yoman;Gen.G;35;156;214;208;0,91;130;77;46;9;6;0,33;0,33;1/3;15;27;13;16;3;2;173;35;11;5;37
6042;VCT 2025: Pacific Kickoff;Main Event;Lower Final;carpe;T1;21;164;204;20;0,86;154;86;48;5;0;0,45;0,33;1/3;18;18;9;10;1;0;240;16;11;5;8
6043;VCT 2025: Pacific Kickoff;Main Event;Lower Final;carpe;T1;23;125;220;12;0,87;136;78;43;9;4;0,31;0,5;1/2;18;18;15;10;2;1;240;16;11;5;8
6044;VCT 2025: Pacific Kickoff;Main Event;Lower Final;carpe;T1;71;84;185;75;0,69;120;61;42;11;3;0,3;0,11;1/9;15;43;57;30;8;2;240;16;11;5;8
6045;VCT 2025: Pacific Kickoff;Main Event;Lower Final;carpe;T1;115;107;196;98;0,76;130;69;43;1;3;0,33;0,21;3/14;18;79;81;50;11;3;240;16;11;5;8
6046;VCT 2025: Pacific Kickoff;Main Event;Lower Final;stax;T1;32;118;225;127;0,66;133;88;28;13;9;0,26;0,25;1/4;28;28;22;9;4;3;72;16;11;5;8
6047;VCT 2025: Pacific Kickoff;Main Event;Lower Final;stax;T1;23;121;191;131;0,74;136;74;35;4;4;0,27;0,5;1/2;17;17;13;8;1;1;72;16;11;5;8
6048;VCT 2025: Pacific Kickoff;Main Event;Lower Final;stax;T1;60;89;143;86;0,68;110;53;22;2;5;0,32;0,08;1/13;16;32;37;13;1;3;72;16;11;5;8
6049;VCT 2025: Pacific Kickoff;Main Event;Lower Final;stax;T1;115;104;169;107;0,69;122;67;26;5;6;0,29;0,16;3/19;28;77;72;30;6;7;72;16;11;5;8
6050;VCT 2025: Pacific Kickoff;Main Event;Lower Final;Meteor;T1;39;111;231;103;0,72;156;85;26;13;13;0,28;0,17;1/6;20;33;32;10;5;5;68;16;11;5;8
6051;VCT 2025: Pacific Kickoff;Main Event;Lower Final;Meteor;T1;21;11;204;107;0,71;142;71;19;5;1;0,23;0,33;1/3;15;15;14;4;1;2;68;16;11;5;8
6052;VCT 2025: Pacific Kickoff;Main Event;Lower Final;Meteor;T1;115;95;194;91;0,67;130;67;2;8;1;0,24;0,15;2/13;20;77;85;23;9;12;68;16;11;5;8
6053;VCT 2025: Pacific Kickoff;Main Event;Lower Final;Karon;Gen.G;53;136;220;148;0,83;146;75;55;4;4;0,29;0,08;1/12;22;40;27;29;2;2;163;35;11;5;8
6054;VCT 2025: Pacific Kickoff;Main Event;Lower Final;Karon;Gen.G;115;13;221;133;0,82;146;77;52;5;6;0,29;0,07;1/15;22;88;66;60;6;7;163;35;11;5;8
6055;VCT 2025: Pacific Kickoff;Main Event;Lower Final;Foxy9;Gen.G;60;94;182;105;0,63;120;67;15;12;12;0,26;0,25;2/8;15;40;38;9;7;7;188;35;11;5;8
6056;VCT 2025: Pacific Kickoff;Main Event;Lower Final;Foxy9;Gen.G;115;86;172;91;0,69;112;61;18;8;9;0,28;0,15;2/13;17;70;77;21;9;10;188;35;11;5;8
6057;VCT 2025: Pacific Kickoff;Main Event;Lower Final;t3xture;Gen.G;76;11;230;115;0,61;152;83;14;18;28;0,25;0,4;2/5;35;63;55;11;14;21;162;35;11;5;8
6058;VCT 2025: Pacific Kickoff;Main Event;Lower Final;t3xture;Gen.G;115;104;228;113;0,65;148;83;17;17;22;0,25;0,25;2/8;35;96;85;19;19;25;162;35;11;5;8
6059;VCT 2025: Pacific Kickoff;Main Event;Lower Final;Munchkin;Gen.G;62;118;217;115;0,82;133;73;47;8;5;0,22;0,11;1/9;18;45;39;29;5;3;189;35;11;5;8
6060;VCT 2025: Pacific Kickoff;Main Event;Lower Final;Munchkin;Gen.G;115;111;215;111;0,81;138;72;43;1;8;0,24;0,08;1/13;22;83;75;49;11;9;189;35;11;5;8
6061;VCT 2025: Pacific Kickoff;All Stages;All Match Types;Karon;Gen.G;53;136;220;148;0,83;146;75;55;4;4;0,29;0,08;1/12;22;40;27;29;2;2;163;35;11;3;25
6062;VCT 2025: Pacific Kickoff;All Stages;All Match Types;Karon;Gen.G;90;119;197;115;0,76;128;67;48;6;3;0,36;0,25;3/12;24;60;52;43;5;3;163;35;11;3;25
6063;VCT 2025: Pacific Kickoff;All Stages;All Match Types;Karon;Gen.G;304;12;205;125;0,78;136;74;45;5;8;0,32;0,12;4/33;24;224;179;138;14;24;163;35;11;3;25
6064;VCT 2025: Pacific Kickoff;All Stages;All Match Types;yoman;Gen.G;147;111;182;113;0,79;109;65;34;7;6;0,3;0,06;1/17;19;95;84;50;10;9;173;35;11;3;25
6065;VCT 2025: Pacific Kickoff;All Stages;All Match Types;yoman;Gen.G;125;87;157;87;0,66;105;54;23;4;5;0,33;0,06;1/16;15;68;78;29;5;6;173;35;11;3;25
6066;VCT 2025: Pacific Kickoff;All Stages;All Match Types;yoman;Gen.G;304;10;172;10;0,74;108;61;31;6;6;0,3;0,06;2/35;22;185;185;93;18;17;173;35;11;3;25
6067;VCT 2025: Pacific Kickoff;All Stages;All Match Types;Munchkin;Gen.G;62;105;207;10;0,81;138;66;58;11;6;0,27;0,2;1/5;16;41;41;36;7;4;189;35;11;3;25
6068;VCT 2025: Pacific Kickoff;All Stages;All Match Types;Munchkin;Gen.G;191;107;204;109;0,75;127;68;34;1;8;0,23;0,05;1/19;21;129;118;65;20;15;189;35;11;3;25
6069;VCT 2025: Pacific Kickoff;All Stages;All Match Types;Munchkin;Gen.G;304;103;202;103;0,75;130;67;37;1;9;0,24;0,06;2/31;22;205;199;113;30;26;189;35;11;3;25
6070;VCT 2025: Pacific Kickoff;All Stages;All Match Types;Foxy9;Gen.G;73;75;140;69;0,66;96;49;23;4;7;0,37;0,22;2/9;17;36;52;17;3;5;188;35;11;3;25
6071;VCT 2025: Pacific Kickoff;All Stages;All Match Types;Foxy9;Gen.G;160;104;211;118;0,65;135;77;11;11;1;0,32;0,26;5/19;20;123;104;17;17;16;188;35;11;3;25
6072;VCT 2025: Pacific Kickoff;All Stages;All Match Types;Foxy9;Gen.G;304;97;194;103;0,66;125;69;16;8;8;0,34;0,21;7/33;23;211;204;48;25;25;188;35;11;3;25
6073;VCT 2025: Pacific Kickoff;All Stages;All Match Types;t3xture;Gen.G;198;98;215;108;0,66;142;78;13;19;23;0,22;0,23;3/13;35;155;144;26;38;45;162;35;11;3;25
6074;VCT 2025: Pacific Kickoff;All Stages;All Match Types;t3xture;Gen.G;304;99;222;112;0,65;142;82;13;18;23;0,24;0,18;3/17;35;248;222;41;56;69;162;35;11;3;25
6075;VCT 2025: Pacific Kickoff;All Stages;All Match Types;Estrella;Rex Regum Qeon;54;135;192;141;0,76;125;7;5;6;6;0,34;0,38;5/13;14;38;27;27;3;3;187;12;11;3;25
6076;VCT 2025: Pacific Kickoff;All Stages;All Match Types;Estrella;Rex Regum Qeon;104;117;188;122;0,82;130;69;49;5;4;0,37;0,18;2/11;20;72;59;51;5;4;187;12;11;3;25
6077;VCT 2025: Pacific Kickoff;All Stages;All Match Types;Estrella;Rex Regum Qeon;42;108;203;97;0,81;131;67;45;1;7;0,27;0,2;1/5;28;28;29;19;4;3;187;12;11;3;25
6078;VCT 2025: Pacific Kickoff;All Stages;All Match Types;Estrella;Rex Regum Qeon;269;108;181;104;0,77;122;64;46;6;7;0,31;0,2;8/41;28;173;166;125;17;18;187;12;11;3;25
6079;VCT 2025: Pacific Kickoff;All Stages;All Match Types;xffero;Rex Regum Qeon;104;111;203;127;0,8;141;73;18;11;9;0,25;0,17;2/12;23;76;60;19;11;9;50;12;11;3;25
6080;VCT 2025: Pacific Kickoff;All Stages;All Match Types;xffero;Rex Regum Qeon;139;87;164;89;0,71;109;61;29;7;9;0,28;0,11;2/18;31;85;95;40;10;13;50;12;11;3;25
6081;VCT 2025: Pacific Kickoff;All Stages;All Match Types;xffero;Rex Regum Qeon;269;97;181;102;0,75;121;66;25;9;9;0,27;0,11;4/35;31;177;173;68;23;23;50;12;11;3;25
6082;VCT 2025: Pacific Kickoff;All Stages;All Match Types;Jemkin;Rex Regum Qeon;45;13;254;148;0,82;162;89;51;13;7;0,33;0,33;2/6;24;40;27;23;6;3;57;12;11;3;25
6083;VCT 2025: Pacific Kickoff;All Stages;All Match Types;Jemkin;Rex Regum Qeon;269;12;257;129;0,75;164;91;22;22;16;0,27;0,09;2/22;38;245;190;60;59;42;57;12;11;3;25
6084;VCT 2025: Pacific Kickoff;All Stages;All Match Types;Kushy;Rex Regum Qeon;85;81;175;73;0,67;108;56;44;5;12;0,25;0,1;1/10;20;48;66;37;4;10;51;12;11;3;25
6085;VCT 2025: Pacific Kickoff;All Stages;All Match Types;Kushy;Rex Regum Qeon;184;129;238;139;0,78;158;83;27;1;3;0,38;0,23;3/13;22;152;109;49;18;6;51;12;11;3;25
6086;VCT 2025: Pacific Kickoff;All Stages;All Match Types;Kushy;Rex Regum Qeon;269;114;222;114;0,74;143;74;32;8;6;0,34;0,17;4/23;22;200;175;86;22;16;51;12;11;3;25
6087;VCT 2025: Pacific Kickoff;All Stages;All Match Types;Monyet;Rex Regum Qeon;45;10;181;115;0,73;110;69;2;9;18;0,24;0,5;1/2;17;31;27;9;4;8;56;12;11;3;25
6088;VCT 2025: Pacific Kickoff;All Stages;All Match Types;Monyet;Rex Regum Qeon;128;101;182;109;0,69;115;68;34;5;11;0,37;0,14;1/7;22;87;80;44;6;14;56;12;11;3;25
6089;VCT 2025: Pacific Kickoff;All Stages;All Match Types;Monyet;Rex Regum Qeon;54;99;201;92;0,78;129;63;46;7;9;0,28;1;1/1;12;34;37;25;4;5;56;12;11;3;25
6090;VCT 2025: Pacific Kickoff;All Stages;All Match Types;Monyet;Rex Regum Qeon;269;99;188;102;0,72;120;67;32;7;12;0,31;0,23;3/13;27;179;175;87;18;31;56;12;11;3;25
6091;VCT 2025: Pacific Kickoff;All Stages;All Match Types;Persia;Nongshim RedForce;96;125;186;134;0,76;123;7;4;4;7;0,27;0,31;5/16;21;67;50;38;4;7;154;33;11;3;25
6092;VCT 2025: Pacific Kickoff;All Stages;All Match Types;Persia;Nongshim RedForce;91;82;174;73;0,76;111;54;48;3;9;0,29;0,18;2/11;14;49;67;44;3;8;154;33;11;3;25
6093;VCT 2025: Pacific Kickoff;All Stages;All Match Types;Persia;Nongshim RedForce;132;115;211;116;0,8;137;76;52;8;3;0,26;0,1;1/10;35;100;86;69;10;4;154;33;11;3;25
6094;VCT 2025: Pacific Kickoff;All Stages;All Match Types;Persia;Nongshim RedForce;319;109;191;106;0,78;126;68;47;5;6;0,27;0,22;8/37;35;216;203;151;17;19;154;33;11;3;25
6095;VCT 2025: Pacific Kickoff;All Stages;All Match Types;Ivy;Nongshim RedForce;64;121;212;133;0,8;136;81;38;8;6;0,37;0,18;3/17;35;52;39;24;5;4;192;33;11;3;25
6096;VCT 2025: Pacific Kickoff;All Stages;All Match Types;Ivy;Nongshim RedForce;20;69;136;73;0,65;74;55;15;5;5;0,37;0,5;1/2;11;11;15;3;1;1;192;33;11;3;25
6097;VCT 2025: Pacific Kickoff;All Stages;All Match Types;Ivy;Nongshim RedForce;22;143;292;16;0,73;181;109;23;14;0;0,31;0,67;2/3;24;24;15;5;3;0;192;33;11;3;25
6098;VCT 2025: Pacific Kickoff;All Stages;All Match Types;Ivy;Nongshim RedForce;43;125;205;143;0,74;138;77;35;9;12;0,21;0,33;1/3;17;33;23;15;4;5;192;33;11;3;25
6099;VCT 2025: Pacific Kickoff;All Stages;All Match Types;Ivy;Nongshim RedForce;58;115;185;143;0,79;116;74;12;5;5;0,29;0,63;5/8;17;43;30;7;3;3;192;33;11;3;25
6100;VCT 2025: Pacific Kickoff;All Stages;All Match Types;Ivy;Nongshim RedForce;319;111;196;116;0,78;124;73;35;7;5;0,3;0,26;12/47;35;232;200;112;22;16;192;33;11;3;25
6101;VCT 2025: Pacific Kickoff;All Stages;All Match Types;Francis;Nongshim RedForce;153;97;202;98;0,73;131;68;33;8;1;0,23;0,13;2/16;23;104;106;50;13;16;175;33;11;3;25
6102;VCT 2025: Pacific Kickoff;All Stages;All Match Types;Francis;Nongshim RedForce;65;114;237;102;0,69;170;77;31;5;2;0,22;0,15;2/13;23;50;49;20;3;1;175;33;11;3;25
6103;VCT 2025: Pacific Kickoff;All Stages;All Match Types;Francis;Nongshim RedForce;319;11;219;107;0,76;145;74;39;8;8;0,23;0,11;4/38;23;235;219;126;24;24;175;33;11;3;25
6104;VCT 2025: Pacific Kickoff;All Stages;All Match Types;margaret;Nongshim RedForce;112;84;150;81;0,7;97;54;24;13;11;0,25;0,06;1/17;16;60;74;27;14;12;221;33;11;3;25
6105;VCT 2025: Pacific Kickoff;All Stages;All Match Types;margaret;Nongshim RedForce;127;108;196;102;0,74;134;69;28;15;7;0,31;0,15;2/13;31;87;85;35;19;9;221;33;11;3;25
6106;VCT 2025: Pacific Kickoff;All Stages;All Match Types;margaret;Nongshim RedForce;319;96;181;96;0,72;122;65;23;13;8;0,28;0,08;3/36;31;206;215;73;43;27;221;33;11;3;25
6107;VCT 2025: Pacific Kickoff;All Stages;All Match Types;Dambi;Nongshim RedForce;273;88;220;87;0,74;135;71;38;2;19;0,2;0,17;2/12;26;193;221;103;55;51;169;33;11;3;25
6108;VCT 2025: Pacific Kickoff;All Stages;All Match Types;Dambi;Nongshim RedForce;46;83;210;89;0,65;138;72;17;24;2;0,25;0,33;1/3;23;33;37;8;11;9;169;33;11;3;25
6109;VCT 2025: Pacific Kickoff;All Stages;All Match Types;Dambi;Nongshim RedForce;319;87;218;88;0,73;136;71;35;21;19;0,2;0,2;3/15;26;226;258;111;66;60;169;33;11;3;25
6110;VCT 2025: Pacific Kickoff;All Stages;All Match Types;carpe;T1;37;121;170;118;0,68;124;7;38;3;5;0,48;0,17;1/6;18;26;22;14;1;2;240;16;11;3;25
6111;VCT 2025: Pacific Kickoff;All Stages;All Match Types;carpe;T1;94;117;207;103;0,82;132;72;54;5;4;0,3;0,21;4/19;19;68;66;51;5;4;240;16;11;3;25
6112;VCT 2025: Pacific Kickoff;All Stages;All Match Types;carpe;T1;166;9;169;79;0,73;109;56;57;8;6;0,34;0,06;1/18;16;93;118;94;13;10;240;16;11;3;25
6113;VCT 2025: Pacific Kickoff;All Stages;All Match Types;carpe;T1;297;102;181;91;0,75;118;63;54;6;5;0,34;0,14;6/43;19;187;206;159;19;16;240;16;11;3;25
6114;VCT 2025: Pacific Kickoff;All Stages;All Match Types;Sylvan;T1;24;85;147;88;0,75;97;58;46;8;0;0,3;0,4;2/5;14;14;16;11;2;0;219;16;11;3;25
6115;VCT 2025: Pacific Kickoff;All Stages;All Match Types;Sylvan;T1;116;96;182;86;0,78;124;59;57;6;15;0,23;0,25;2/8;19;69;80;66;7;17;219;16;11;3;25
6116;VCT 2025: Pacific Kickoff;All Stages;All Match Types;Sylvan;T1;46;9;176;88;0,72;116;61;46;2;7;0,33;0,14;1/7;17;28;32;21;1;3;219;16;11;3;25
6117;VCT 2025: Pacific Kickoff;All Stages;All Match Types;Sylvan;T1;186;93;176;87;0,76;119;6;53;5;11;0,26;0,25;5/20;19;111;128;98;10;20;219;16;11;3;25
6118;VCT 2025: Pacific Kickoff;All Stages;All Match Types;stax;T1;120;89;149;74;0,72;98;49;53;4;5;0,24;0,14;2/14;13;59;80;64;5;6;72;16;11;3;25
6119;VCT 2025: Pacific Kickoff;All Stages;All Match Types;stax;T1;32;118;225;127;0,66;133;88;28;13;9;0,26;0,25;1/4;28;28;22;9;4;3;72;16;11;3;25
6120;VCT 2025: Pacific Kickoff;All Stages;All Match Types;stax;T1;106;94;163;82;0,71;117;56;51;6;5;0,26;0,08;1/13;17;59;72;54;6;5;72;16;11;3;25
6121;VCT 2025: Pacific Kickoff;All Stages;All Match Types;stax;T1;48;138;253;14;0,79;166;88;42;6;1;0,3;0,17;1/6;24;42;30;20;3;5;72;16;11;3;25
6122;VCT 2025: Pacific Kickoff;All Stages;All Match Types;stax;T1;177;95;162;95;0,73;113;59;24;5;6;0,27;0,04;1/25;16;104;110;43;9;10;72;16;11;3;25
6123;VCT 2025: Pacific Kickoff;All Stages;All Match Types;stax;T1;483;99;170;93;0,72;117;6;39;6;6;0,26;0,1;6/62;28;292;314;190;27;29;72;16;11;3;25
6124;VCT 2025: Pacific Kickoff;All Stages;All Match Types;Meteor;T1;79;8;176;8;0,66;124;61;23;1;22;0,28;0,14;1/7;15;48;60;18;8;17;68;16;11;3;25
6125;VCT 2025: Pacific Kickoff;All Stages;All Match Types;Meteor;T1;132;109;236;114;0,73;160;85;23;1;1;0,32;0,13;1/8;23;112;98;31;13;13;68;16;11;3;25
6126;VCT 2025: Pacific Kickoff;All Stages;All Match Types;Meteor;T1;86;114;245;121;0,73;167;87;15;14;8;0,3;0,09;1/11;25;75;62;13;12;7;68;16;11;3;25
6127;VCT 2025: Pacific Kickoff;All Stages;All Match Types;Meteor;T1;106;78;174;81;0,58;112;59;11;8;13;0,27;0,08;1/13;16;63;78;12;8;14;68;16;11;3;25
6128;VCT 2025: Pacific Kickoff;All Stages;All Match Types;Meteor;T1;483;93;203;97;0,66;137;72;18;1;13;0,28;0,09;4/46;25;346;357;86;50;61;68;16;11;3;25
6129;VCT 2025: Pacific Kickoff;All Stages;All Match Types;iZu;T1;132;11;189;125;0,75;129;72;17;5;1;0,35;0,17;3/18;22;95;76;22;7;13;71;16;11;3;25
6130;VCT 2025: Pacific Kickoff;All Stages;All Match Types;iZu;T1;106;9;172;86;0,73;115;6;25;8;7;0,27;0,07;1/14;15;64;74;26;8;7;71;16;11;3;25
6131;VCT 2025: Pacific Kickoff;All Stages;All Match Types;iZu;T1;63;97;158;103;0,73;111;57;24;8;6;0,3;0,13;1/8;15;36;35;15;5;4;71;16;11;3;25
6132;VCT 2025: Pacific Kickoff;All Stages;All Match Types;iZu;T1;80;114;231;113;0,71;165;78;34;5;9;0,28;0,08;1/13;29;62;55;27;4;7;71;16;11;3;25
6133;VCT 2025: Pacific Kickoff;All Stages;All Match Types;iZu;T1;483;10;184;102;0,72;127;66;22;7;9;0,28;0,1;6/59;29;321;316;108;34;42;71;16;11;3;25
6134;VCT 2025: Pacific Kickoff;All Stages;All Match Types;BuZz;T1;86;83;172;84;0,64;112;59;2;15;19;0,23;0,25;1/4;16;51;61;17;13;16;69;16;11;3;25
6135;VCT 2025: Pacific Kickoff;All Stages;All Match Types;BuZz;T1;313;115;258;117;0,73;169;88;2;22;14;0,17;0,18;4/22;28;275;235;62;70;45;69;16;11;3;25
6136;VCT 2025: Pacific Kickoff;All Stages;All Match Types;BuZz;T1;84;101;226;98;0,69;147;77;26;2;18;0,27;0,22;2/9;22;65;66;22;17;15;69;16;11;3;25
6137;VCT 2025: Pacific Kickoff;All Stages;All Match Types;BuZz;T1;483;107;237;108;0,71;155;81;21;21;16;0,19;0,2;7/35;28;391;362;101;100;76;69;16;11;3;25
6138;VCT 2025: Pacific Kickoff;All Stages;All Match Types;JitBoyS;TALON;119;119;205;13;0,74;132;76;29;12;4;0,38;0,15;2/13;19;91;70;35;14;5;156;34;11;3;25
6139;VCT 2025: Pacific Kickoff;All Stages;All Match Types;JitBoyS;TALON;18;82;149;64;0,89;92;5;61;0;11;0,56;0,5;1/2;9;9;14;11;0;2;156;34;11;3;25
6140;VCT 2025: Pacific Kickoff;All Stages;All Match Types;JitBoyS;TALON;80;10;178;92;0,68;122;68;29;8;9;0,27;0,2;2/10;16;54;59;23;6;7;156;34;11;3;25
6141;VCT 2025: Pacific Kickoff;All Stages;All Match Types;JitBoyS;TALON;217;109;190;108;0,73;125;71;32;9;6;0,34;0,2;5/25;19;154;143;69;20;14;156;34;11;3;25
6142;VCT 2025: Pacific Kickoff;All Stages;All Match Types;Crws;TALON;118;81;153;76;0,71;103;52;31;6;8;0,25;0,18;2/11;24;61;80;36;7;9;159;34;11;3;25
6143;VCT 2025: Pacific Kickoff;All Stages;All Match Types;Crws;TALON;22;89;110;9;0,68;84;41;14;0;0;0,24;0,25;1/4;9;9;10;3;0;0;159;34;11;3;25
6144;VCT 2025: Pacific Kickoff;All Stages;All Match Types;Crws;TALON;217;75;146;71;0,69;96;49;31;5;8;0,25;0,14;3/22;24;107;151;68;11;18;159;34;11;3;25
6145;VCT 2025: Pacific Kickoff;All Stages;All Match Types;primmie;TALON;43;149;278;17;0,77;180;107;26;7;7;0,33;0,17;1/6;23;46;27;11;3;3;157;34;11;3;25
6146;VCT 2025: Pacific Kickoff;All Stages;All Match Types;primmie;TALON;115;121;237;136;0,8;152;88;23;4;6;0,43;0,18;2/11;25;101;74;26;5;7;157;34;11;3;25
6147;VCT 2025: Pacific Kickoff;All Stages;All Match Types;primmie;TALON;217;119;235;13;0,75;152;87;19;5;6;0,36;0,13;3/23;25;189;145;42;11;13;157;34;11;3;25
6148;VCT 2025: Pacific Kickoff;All Stages;All Match Types;ban;TALON;61;75;162;8;0,64;107;59;18;5;11;0,33;0,25;2/8;14;36;45;11;3;7;171;34;11;3;25
6149;VCT 2025: Pacific Kickoff;All Stages;All Match Types;ban;TALON;22;84;164;86;0,68;121;55;18;5;14;0,42;0,67;2/3;12;12;14;4;1;3;171;34;11;3;25
6150;VCT 2025: Pacific Kickoff;All Stages;All Match Types;ban;TALON;217;89;184;94;0,67;117;64;2;1;12;0,34;0,13;4/31;19;139;148;44;22;27;171;34;11;3;25
6151;VCT 2025: Pacific Kickoff;All Stages;All Match Types;Governor;TALON;173;71;169;74;0,66;108;57;16;17;23;0,17;0,07;1/15;18;98;132;28;30;39;210;34;11;3;25
6152;VCT 2025: Pacific Kickoff;All Stages;All Match Types;Governor;TALON;217;75;174;77;0,65;112;58;16;17;2;0,19;0,06;1/17;18;126;163;35;36;44;210;34;11;3;25
6153;VCT 2025: Pacific Kickoff;All Stages;All Match Types;MaKo;DRX;57;106;172;106;0,75;122;6;47;7;11;0,19;0,13;1/8;13;34;32;27;4;6;16;5;11;3;25
6154;VCT 2025: Pacific Kickoff;All Stages;All Match Types;MaKo;DRX;121;112;225;108;0,79;143;75;55;8;9;0,26;0,1;1/10;25;91;84;66;10;11;16;5;11;3;25
6155;VCT 2025: Pacific Kickoff;All Stages;All Match Types;MaKo;DRX;119;114;204;11;0,8;133;71;42;1;8;0,3;0,5;6/12;22;85;77;50;12;10;16;5;11;3;25
6156;VCT 2025: Pacific Kickoff;All Stages;All Match Types;MaKo;DRX;297;112;205;109;0,78;135;71;48;9;9;0,26;0,27;8/30;25;210;193;143;26;27;16;5;11;3;25
6157;VCT 2025: Pacific Kickoff;All Stages;All Match Types;BeYN;DRX;67;81;148;69;0,69;108;49;34;1;3;0,25;0,14;2/14;13;33;48;23;1;2;15;5;11;3;25
6158;VCT 2025: Pacific Kickoff;All Stages;All Match Types;BeYN;DRX;54;81;148;74;0,76;104;52;52;6;9;0,27;0,25;1/4;17;28;38;28;3;5;15;5;11;3;25
6159;VCT 2025: Pacific Kickoff;All Stages;All Match Types;BeYN;DRX;297;95;160;88;0,75;106;56;4;5;5;0,27;0,09;3/33;23;165;187;118;15;15;15;5;11;3;25
6160;VCT 2025: Pacific Kickoff;All Stages;All Match Types;Flashback;DRX;90;102;186;104;0,78;124;64;26;13;11;0,26;0,14;1/7;18;58;56;23;12;10;38;5;11;3;25
6161;VCT 2025: Pacific Kickoff;All Stages;All Match Types;Flashback;DRX;41;106;211;119;0,8;150;76;2;7;5;0,16;0,11;1/9;18;31;26;8;3;2;38;5;11;3;25
6162;VCT 2025: Pacific Kickoff;All Stages;All Match Types;Flashback;DRX;97;94;190;9;0,76;129;63;3;7;11;0,28;0,06;1/17;22;61;68;29;7;11;38;5;11;3;25
6163;VCT 2025: Pacific Kickoff;All Stages;All Match Types;Flashback;DRX;69;77;155;81;0,64;92;55;2;4;16;0,22;0,17;1/6;16;38;47;14;3;11;38;5;11;3;25
6164;VCT 2025: Pacific Kickoff;All Stages;All Match Types;Flashback;DRX;297;94;184;95;0,74;122;63;25;8;11;0,24;0,1;4/39;22;188;197;74;25;34;38;5;11;3;25
6165;VCT 2025: Pacific Kickoff;All Stages;All Match Types;HYUNMIN;DRX;212;114;256;118;0,73;171;89;17;24;12;0,27;0,2;2/10;29;189;160;35;51;25;37;5;11;3;25
6166;VCT 2025: Pacific Kickoff;All Stages;All Match Types;HYUNMIN;DRX;297;111;245;115;0,73;166;86;16;22;13;0,28;0,11;2/18;29;255;221;49;65;40;37;5;11;3;25
6167;VCT 2025: Pacific Kickoff;All Stages;All Match Types;free1ng;DRX;297;116;222;124;0,75;146;81;24;1;7;0,29;0,18;6/33;28;241;195;70;30;20;14;5;11;3;25
6168;VCT 2025: Pacific Kickoff;All Stages;All Match Types;Papi;Global Esports;148;10;172;10;0,74;111;63;32;8;5;0,38;0,23;5/22;16;93;93;48;12;7;170;37;11;3;25
6169;VCT 2025: Pacific Kickoff;All Stages;All Match Types;Papi;Global Esports;164;10;174;99;0,73;113;63;32;8;4;0,39;0,19;5/27;16;103;104;52;13;7;170;37;11;3;25
6170;VCT 2025: Pacific Kickoff;All Stages;All Match Types;Deryeon;Global Esports;64;84;163;85;0,59;107;61;13;11;17;0,29;0,11;1/9;18;39;46;8;7;11;245;37;11;3;25
6171;VCT 2025: Pacific Kickoff;All Stages;All Match Types;Deryeon;Global Esports;65;85;139;76;0,69;104;49;23;5;9;0,28;0,2;1/5;15;32;42;15;3;6;245;37;11;3;25
6172;VCT 2025: Pacific Kickoff;All Stages;All Match Types;Deryeon;Global Esports;164;89;155;89;0,67;107;58;18;7;12;0,26;0,1;2/20;18;95;107;29;11;19;245;37;11;3;25
6173;VCT 2025: Pacific Kickoff;All Stages;All Match Types;Kr1stal;Global Esports;65;121;217;128;0,72;140;78;31;6;11;0,21;0,11;1/9;19;51;40;20;4;7;172;37;11;3;25
6174;VCT 2025: Pacific Kickoff;All Stages;All Match Types;Kr1stal;Global Esports;78;107;204;10;0,74;139;67;28;14;9;0,26;0,25;3/12;15;52;52;22;11;7;172;37;11;3;25
6175;VCT 2025: Pacific Kickoff;All Stages;All Match Types;Kr1stal;Global Esports;164;11;207;107;0,72;139;7;28;1;9;0,24;0,18;4/22;19;115;107;46;17;14;172;37;11;3;25
6176;VCT 2025: Pacific Kickoff;All Stages;All Match Types;dos9;BOOM Esports;40;99;181;97;0,68;117;7;25;3;8;0,34;0,2;2/10;20;28;29;10;1;3;185;40;11;3;25
6177;VCT 2025: Pacific Kickoff;All Stages;All Match Types;dos9;BOOM Esports;61;113;199;10;0,84;130;66;56;1;2;0,27;0,08;1/12;18;40;40;34;6;1;185;40;11;3;25
6178;VCT 2025: Pacific Kickoff;All Stages;All Match Types;dos9;BOOM Esports;123;10;180;9;0,78;115;63;41;7;4;0,28;0,13;3/23;20;77;86;50;9;5;185;40;11;3;25
6179;VCT 2025: Pacific Kickoff;All Stages;All Match Types;BerserX;BOOM Esports;20;64;139;63;0,55;102;5;1;15;0;0,23;0,33;1/3;10;10;16;2;3;0;186;40;11;3;25
6180;VCT 2025: Pacific Kickoff;All Stages;All Match Types;BerserX;BOOM Esports;41;145;253;205;0,78;167;95;17;1;1;0,35;0,2;1/5;22;39;19;7;4;4;186;40;11;3;25
6181;VCT 2025: Pacific Kickoff;All Stages;All Match Types;BerserX;BOOM Esports;123;114;209;119;0,73;145;75;18;7;9;0,25;0,11;2/19;22;92;77;22;9;11;186;40;11;3;25
6182;VCT 2025: Pacific Kickoff;All Stages;All Match Types;Shiro;BOOM Esports;81;10;178;86;0,78;114;59;56;14;1;0,2;0,17;1/6;18;48;56;45;11;8;194;40;11;3;25
6183;VCT 2025: Pacific Kickoff;All Stages;All Match Types;Shiro;BOOM Esports;123;92;174;82;0,75;114;59;46;12;1;0,2;0,14;1/7;18;72;88;57;15;12;194;40;11;3;25
6184;VCT 2025: Pacific Kickoff;All Stages;All Match Types;Famouz;BOOM Esports;60;91;209;91;0,63;124;72;13;23;28;0,12;0,13;1/8;24;43;47;8;14;17;191;40;11;3;25
6185;VCT 2025: Pacific Kickoff;All Stages;All Match Types;Famouz;BOOM Esports;63;117;252;123;0,79;161;86;25;16;11;0,14;0,2;1/5;19;54;44;16;10;7;191;40;11;3;25
6186;VCT 2025: Pacific Kickoff;All Stages;All Match Types;Famouz;BOOM Esports;123;104;230;107;0,72;143;79;2;2;2;0,13;0,15;2/13;24;97;91;24;24;24;191;40;11;3;25
6187;VCT 2025: Pacific Kickoff;All Stages;All Match Types;Jinboong;DetonatioN FocusMe;89;94;190;94;0,67;121;67;31;4;15;0,37;0,09;1/11;21;60;64;28;4;13;164;36;11;3;25
6188;VCT 2025: Pacific Kickoff;All Stages;All Match Types;Jinboong;DetonatioN FocusMe;42;74;122;62;0,67;88;43;19;2;5;0,3;0,13;1/8;13;18;29;8;1;2;164;36;11;3;25
6189;VCT 2025: Pacific Kickoff;All Stages;All Match Types;Jinboong;DetonatioN FocusMe;30;114;192;144;0,87;135;77;3;13;17;0,29;0,33;1/3;12;23;16;1;4;5;164;36;11;3;25
6190;VCT 2025: Pacific Kickoff;All Stages;All Match Types;Jinboong;DetonatioN FocusMe;180;92;170;92;0,7;112;62;23;6;12;0,34;0,13;3/24;21;111;121;41;11;21;164;36;11;3;25
6191;VCT 2025: Pacific Kickoff;All Stages;All Match Types;gyen;DetonatioN FocusMe;49;65;133;57;0,67;79;43;43;8;4;0,17;0,11;1/9;9;21;37;21;4;2;167;36;11;3;25
6192;VCT 2025: Pacific Kickoff;All Stages;All Match Types;gyen;DetonatioN FocusMe;131;101;185;105;0,66;122;68;23;8;8;0,3;0,11;2/18;27;89;85;30;10;11;167;36;11;3;25
6193;VCT 2025: Pacific Kickoff;All Stages;All Match Types;gyen;DetonatioN FocusMe;180;91;168;9;0,66;110;61;28;8;7;0,27;0,11;3/27;27;110;122;51;14;13;167;36;11;3;25
6194;VCT 2025: Pacific Kickoff;All Stages;All Match Types;Akame;DetonatioN FocusMe;103;97;194;88;0,8;123;61;44;11;5;0,27;0,2;1/5;14;63;72;45;11;5;166;36;11;3;25
6195;VCT 2025: Pacific Kickoff;All Stages;All Match Types;Akame;DetonatioN FocusMe;45;123;222;123;0,71;144;82;16;11;7;0,35;0,14;1/7;24;37;30;7;5;3;166;36;11;3;25
6196;VCT 2025: Pacific Kickoff;All Stages;All Match Types;Akame;DetonatioN FocusMe;180;10;202;94;0,76;130;68;32;11;8;0,31;0,12;2/17;24;123;131;58;19;14;166;36;11;3;25
6197;VCT 2025: Pacific Kickoff;All Stages;All Match Types;Meiy;DetonatioN FocusMe;103;137;278;145;0,75;183;10;17;19;12;0,34;0,38;5/13;32;103;71;18;20;12;165;36;11;3;25
6198;VCT 2025: Pacific Kickoff;All Stages;All Match Types;Meiy;DetonatioN FocusMe;180;119;240;121;0,72;161;88;16;18;11;0,31;0,28;5/18;32;159;131;29;32;20;165;36;11;3;25
6199;VCT 2025: Pacific Kickoff;All Stages;All Match Types;Art;DetonatioN FocusMe;121;83;175;76;0,65;118;56;26;8;1;0,22;0,15;2/13;16;68;90;32;10;12;246;36;11;3;25
6200;VCT 2025: Pacific Kickoff;All Stages;All Match Types;Art;DetonatioN FocusMe;180;85;177;8;0,68;116;58;3;8;12;0,19;0,12;2/17;16;104;130;54;14;21;246;36;11;3;25
6201;VCT 2025: Pacific Kickoff;All Stages;All Match Types;2GE;Team Secret;55;102;192;10;0,78;118;69;4;13;9;0,16;0,29;2/7;18;38;38;22;7;5;225;38;11;3;25
6202;VCT 2025: Pacific Kickoff;All Stages;All Match Types;2GE;Team Secret;111;84;166;81;0,72;102;57;33;12;14;0,16;0,14;2/14;18;63;78;37;13;15;225;38;11;3;25
6203;VCT 2025: Pacific Kickoff;All Stages;All Match Types;invy;Team Secret;52;85;163;71;0,81;104;52;5;2;8;0,33;0,25;1/4;14;27;38;26;1;4;193;38;11;3;25
6204;VCT 2025: Pacific Kickoff;All Stages;All Match Types;invy;Team Secret;111;89;174;8;0,79;117;59;45;5;6;0,32;0,08;1/12;22;66;83;50;6;7;193;38;11;3;25
6205;VCT 2025: Pacific Kickoff;All Stages;All Match Types;JessieVash;Team Secret;20;104;227;107;0,65;161;8;2;5;5;0,33;0,14;1/7;16;16;15;4;1;1;224;38;11;3;25
6206;VCT 2025: Pacific Kickoff;All Stages;All Match Types;JessieVash;Team Secret;69;10;200;96;0,65;142;71;22;7;7;0,38;0,15;2/13;17;49;51;15;5;5;224;38;11;3;25
6207;VCT 2025: Pacific Kickoff;All Stages;All Match Types;JessieVash;Team Secret;111;11;218;109;0,68;156;78;23;7;6;0,36;0,14;3/22;22;87;80;25;8;7;224;38;11;3;25
6208;VCT 2025: Pacific Kickoff;All Stages;All Match Types;Jremy;Team Secret;69;98;221;106;0,62;135;77;7;14;19;0,3;0,2;1/5;21;53;50;5;10;13;220;38;11;3;25
6209;VCT 2025: Pacific Kickoff;All Stages;All Match Types;Jremy;Team Secret;111;89;215;10;0,61;130;75;8;17;16;0,26;0,14;1/7;21;83;83;9;19;18;220;38;11;3;25
6210;VCT 2025: Pacific Kickoff;All Stages;All Match Types;mindfreak;Paper Rex;61;97;166;8;0,7;107;52;54;7;5;0,36;0,2;1/5;13;32;40;33;4;3;223;7;11;3;25
6211;VCT 2025: Pacific Kickoff;All Stages;All Match Types;mindfreak;Paper Rex;65;98;195;10;0,74;126;69;38;3;2;0,26;0,11;1/9;19;45;45;25;2;1;223;7;11;3;25
6212;VCT 2025: Pacific Kickoff;All Stages;All Match Types;mindfreak;Paper Rex;140;9;169;83;0,7;111;59;44;4;4;0,3;0,13;2/15;19;82;99;62;6;6;223;7;11;3;25
6213;VCT 2025: Pacific Kickoff;All Stages;All Match Types;something;Paper Rex;42;99;200;119;0,76;132;74;26;12;14;0,29;0,25;1/4;18;31;26;11;5;6;23;7;11;3;25
6214;VCT 2025: Pacific Kickoff;All Stages;All Match Types;something;Paper Rex;79;104;232;103;0,71;140;8;18;2;16;0,19;0,13;2/15;21;63;61;14;16;13;23;7;11;3;25
6215;VCT 2025: Pacific Kickoff;All Stages;All Match Types;something;Paper Rex;140;98;210;101;0,72;131;74;22;16;14;0,22;0,14;3/22;21;103;102;31;22;20;23;7;11;3;25
6216;VCT 2025: Pacific Kickoff;All Stages;All Match Types;d4v41;Paper Rex;23;53;112;39;0,65;84;3;7;0;9;0,25;0,25;1/4;7;7;18;16;0;2;22;7;11;3;25
6217;VCT 2025: Pacific Kickoff;All Stages;All Match Types;d4v41;Paper Rex;42;115;226;138;0,86;162;79;14;12;12;0,26;0,25;1/4;20;33;24;6;5;5;22;7;11;3;25
6218;VCT 2025: Pacific Kickoff;All Stages;All Match Types;d4v41;Paper Rex;140;10;194;99;0,79;139;69;31;6;7;0,32;0,13;2/15;27;97;98;44;9;10;22;7;11;3;25
6219;VCT 2025: Pacific Kickoff;All Stages;All Match Types;Jinggg;Paper Rex;103;113;225;124;0,74;148;82;16;16;17;0,16;0,14;1/7;21;84;68;16;16;17;27;7;11;3;25
6220;VCT 2025: Pacific Kickoff;All Stages;All Match Types;Jinggg;Paper Rex;140;104;218;11;0,71;144;77;16;14;16;0,2;0,08;1/12;21;108;98;23;20;22;27;7;11;3;25
6221;VCT 2025: Pacific Kickoff;All Stages;All Match Types;CLZ;ZETA DIVISION;83;78;142;65;0,7;96;49;33;1;11;0,37;0,14;3/21;15;41;63;27;1;9;181;39;11;3;25
6222;VCT 2025: Pacific Kickoff;All Stages;All Match Types;SugarZ3ro;ZETA DIVISION;62;86;182;77;0,74;120;58;44;8;6;0,36;0,2;1/5;16;36;47;27;5;4;180;39;11;3;25
6223;VCT 2025: Pacific Kickoff;All Stages;All Match Types;SugarZ3ro;ZETA DIVISION;83;8;176;72;0,72;114;57;41;6;6;0,33;0,17;1/6;16;47;65;34;5;5;180;39;11;3;25
6224;VCT 2025: Pacific Kickoff;All Stages;All Match Types;SyouTa;ZETA DIVISION;62;83;185;82;0,63;117;68;13;1;1;0,44;0,17;2/12;15;42;51;8;6;6;226;39;11;3;25
6225;VCT 2025: Pacific Kickoff;All Stages;All Match Types;SyouTa;ZETA DIVISION;83;75;178;76;0,61;114;64;11;11;13;0,44;0,12;2/17;15;53;70;9;9;11;226;39;11;3;25
6226;VCT 2025: Pacific Kickoff;All Stages;All Match Types;Dep;ZETA DIVISION;61;105;218;10;0,62;130;75;21;15;18;0,36;0,5;2/4;21;46;46;13;9;11;184;39;11;3;25
6227;VCT 2025: Pacific Kickoff;All Stages;All Match Types;Dep;ZETA DIVISION;83;104;227;103;0,64;135;78;19;14;19;0,28;0,33;2/6;21;65;63;16;12;16;184;39;11;3;25
6228;VCT 2025: Americas Kickoff;Main Event;Upper Round 1;supamen;Evil Geniuses;23;101;169;107;0,65;97;65;26;4;13;0,48;1;1/1;15;15;14;6;1;3;127;28;12;5;26
6229;VCT 2025: Americas Kickoff;Main Event;Upper Round 1;supamen;Evil Geniuses;49;93;162;97;0,69;95;61;29;6;8;0,25;0,2;1/5;15;30;31;14;3;4;127;28;12;5;26
6230;VCT 2025: Americas Kickoff;Main Event;Upper Round 1;yay;Evil Geniuses;26;106;180;12;0,54;112;69;4;19;12;0,22;0,17;1/6;18;18;15;1;5;3;147;28;12;5;26
6231;VCT 2025: Americas Kickoff;Main Event;Upper Round 1;yay;Evil Geniuses;49;10;208;106;0,57;142;71;18;16;12;0,29;0,17;1/6;18;35;33;9;8;6;147;28;12;5;26
6232;VCT 2025: Americas Kickoff;Main Event;Upper Round 1;v1nny;LOUD;23;146;251;154;0,83;180;87;65;4;4;0,29;0,5;1/2;20;20;13;15;1;1;235;32;12;5;26
6233;VCT 2025: Americas Kickoff;Main Event;Upper Round 1;v1nny;LOUD;49;119;191;114;0,76;134;67;55;4;6;0,3;0,17;1/6;20;33;29;27;2;3;235;32;12;5;26
6234;VCT 2025: Americas Kickoff;Main Event;Upper Round 1;tuyz;LOUD;49;71;129;71;0,65;85;49;31;8;8;0,29;0,5;1/2;16;24;34;15;4;4;138;32;12;5;26
6235;VCT 2025: Americas Kickoff;Main Event;Upper Round 1;dgzin;LOUD;26;163;299;20;0,69;185;108;8;27;12;0,21;0,33;1/3;28;28;14;2;7;3;236;32;12;5;26
6236;VCT 2025: Americas Kickoff;Main Event;Upper Round 1;dgzin;LOUD;49;126;244;137;0,69;164;84;16;27;12;0,25;0,2;1/5;28;41;30;8;13;6;236;32;12;5;26
6237;VCT 2025: Americas Kickoff;Main Event;Upper Round 1;cauanzin;LOUD;23;131;281;129;0,7;184;96;9;17;9;0,36;1;1/1;22;22;17;2;4;2;145;32;12;5;26
6238;VCT 2025: Americas Kickoff;Main Event;Upper Round 1;cauanzin;LOUD;49;122;260;117;0,65;172;84;22;1;16;0,33;0,5;1/2;22;41;35;11;5;8;145;32;12;5;26
6239;VCT 2025: Americas Kickoff;Main Event;Upper Round 1;mitch;Cloud9;23;135;220;121;0,87;138;74;7;0;4;0,21;0,5;1/2;17;17;14;16;0;1;123;27;12;5;26
6240;VCT 2025: Americas Kickoff;Main Event;Upper Round 1;mitch;Cloud9;49;103;185;97;0,71;119;61;41;1;1;0,18;0,33;1/3;17;30;31;20;5;5;123;27;12;5;26
6241;VCT 2025: Americas Kickoff;Main Event;Upper Round 1;Xeppaa;Cloud9;23;13;287;153;0,83;171;113;22;17;4;0,16;0,33;2/6;26;26;17;5;4;1;119;27;12;5;26
6242;VCT 2025: Americas Kickoff;Main Event;Upper Round 1;Xeppaa;Cloud9;49;121;296;129;0,78;179;11;22;16;1;0,17;0,22;2/9;28;54;42;11;8;5;119;27;12;5;26
6243;VCT 2025: Americas Kickoff;Main Event;Upper Round 1;neT;Cloud9;23;101;202;106;0,74;142;78;22;13;13;0,27;0,25;1/4;18;18;17;5;3;3;121;27;12;5;26
6244;VCT 2025: Americas Kickoff;Main Event;Upper Round 1;neT;Cloud9;49;9;161;94;0,78;116;61;18;6;8;0,27;0,14;1/7;18;30;32;9;3;4;121;27;12;5;26
6245;VCT 2025: Americas Kickoff;Main Event;Upper Round 1;penny;FURIA;20;85;192;107;0,75;110;75;5;15;1;0,24;0,33;1/3;15;15;14;1;3;2;103;31;12;5;26
6246;VCT 2025: Americas Kickoff;Main Event;Upper Round 1;penny;FURIA;38;137;266;168;0,82;166;97;21;18;11;0,24;0,25;1/4;22;37;22;8;7;4;103;31;12;5;26
6247;VCT 2025: Americas Kickoff;Main Event;Upper Round 1;stellar;FURIA;38;108;204;121;0,76;143;76;29;11;16;0,19;1;2/2;15;29;24;11;4;6;247;31;12;5;26
6248;VCT 2025: Americas Kickoff;Main Event;Upper Round 1;eeiu;100 Thieves;39;129;193;158;0,77;132;77;36;8;0;0,43;0,5;1/2;19;30;19;14;3;0;125;26;12;5;26
6249;VCT 2025: Americas Kickoff;Main Event;Upper Round 1;Asuna;100 Thieves;17;17;367;23;0,88;220;135;35;35;0;0,28;1;1/1;23;23;10;6;6;0;126;26;12;5;26
6250;VCT 2025: Americas Kickoff;Main Event;Upper Round 1;Asuna;100 Thieves;39;141;305;171;0,82;187;105;28;36;1;0,25;1;1/1;23;41;24;11;14;4;126;26;12;5;26
6251;VCT 2025: Americas Kickoff;Main Event;Upper Round 1;zander;100 Thieves;17;11;157;125;0,82;83;59;47;12;0;0,25;0,5;1/2;10;10;8;8;2;0;118;26;12;5;26
6252;VCT 2025: Americas Kickoff;Main Event;Upper Round 1;zander;100 Thieves;39;87;159;84;0,79;100;54;33;13;8;0,23;0,25;1/4;11;21;25;13;5;3;118;26;12;5;26
6253;VCT 2025: Americas Kickoff;Main Event;Upper Round 1;nzr;MIBR;22;62;119;53;0,5;97;36;14;9;18;0,19;0,25;1/4;8;8;15;3;2;4;248;4;12;5;26
6254;VCT 2025: Americas Kickoff;Main Event;Upper Round 1;nzr;MIBR;39;87;166;75;0,54;111;54;21;5;1;0,31;0,14;1/7;13;21;28;8;2;4;248;4;12;5;26
6255;VCT 2025: Americas Kickoff;Main Event;Upper Round 1;Ethan;Mega Minors;26;91;133;77;0,77;84;38;54;0;0;0,2;0,2;1/5;10;10;13;14;0;0;31;8;12;5;26
6256;VCT 2025: Americas Kickoff;Main Event;Upper Round 1;Ethan;Mega Minors;23;121;233;133;0,7;156;87;39;4;9;0,37;1;1/1;20;20;15;9;1;2;31;8;12;5;26
6257;VCT 2025: Americas Kickoff;Main Event;Upper Round 1;Ethan;Mega Minors;49;105;183;107;0,73;118;61;47;2;4;0,29;0,33;2/6;20;30;28;23;1;2;31;8;12;5;26
6258;VCT 2025: Americas Kickoff;Main Event;Upper Round 1;s0m;Mega Minors;26;172;324;20;0,81;195;115;54;23;8;0,39;0,33;1/3;30;30;15;14;6;2;28;8;12;5;26
6259;VCT 2025: Americas Kickoff;Main Event;Upper Round 1;s0m;Mega Minors;49;135;276;14;0,82;167;10;45;18;8;0,26;0,17;1/6;30;49;35;22;9;4;28;8;12;5;26
6260;VCT 2025: Americas Kickoff;Main Event;Upper Round 1;Verno;Mega Minors;23;102;191;113;0,78;125;74;22;17;4;0,47;0,25;1/4;17;17;15;5;4;1;13;8;12;5;26
6261;VCT 2025: Americas Kickoff;Main Event;Upper Round 1;Verno;Mega Minors;49;92;174;10;0,8;113;63;16;1;4;0,35;0,14;1/7;17;31;31;8;5;2;13;8;12;5;26
6262;VCT 2025: Americas Kickoff;Main Event;Upper Round 1;lz;2Game Esports;38;98;200;87;0,66;134;68;34;13;13;0,48;0,25;1/4;14;26;30;13;5;5;136;30;12;5;26
6263;VCT 2025: Americas Kickoff;Main Event;Upper Round 1;gobera;2Game Esports;38;121;264;117;0,74;179;92;26;11;8;0,32;0,09;1/11;23;35;30;10;4;3;133;30;12;5;26
6264;VCT 2025: Americas Kickoff;Main Event;Upper Quarterfinals;bang;Sentinels;22;118;175;115;0,86;109;68;45;5;5;0,3;1;1/1;15;15;13;10;1;1;47;9;12;5;1
6265;VCT 2025: Americas Kickoff;Main Event;Upper Quarterfinals;bang;Sentinels;61;97;188;10;0,79;129;69;3;8;1;0,32;0,2;1/5;19;42;42;18;5;6;47;9;12;5;1
6266;VCT 2025: Americas Kickoff;Main Event;Upper Quarterfinals;Zellsis;Sentinels;22;85;144;71;0,86;105;45;36;5;14;0,3;0,33;1/3;10;10;14;8;1;3;122;9;12;5;1
6267;VCT 2025: Americas Kickoff;Main Event;Upper Quarterfinals;Zellsis;Sentinels;61;87;164;78;0,74;105;52;33;8;13;0,27;0,13;1/8;11;32;41;20;5;8;122;9;12;5;1
6268;VCT 2025: Americas Kickoff;Main Event;Upper Quarterfinals;zekken;Sentinels;39;91;212;9;0,77;140;72;26;26;26;0,14;0,2;1/5;17;28;31;10;10;10;42;9;12;5;1
6269;VCT 2025: Americas Kickoff;Main Event;Upper Quarterfinals;zekken;Sentinels;61;104;217;109;0,8;144;79;23;23;23;0,15;0,17;1/6;20;48;44;14;14;14;42;9;12;5;1
6270;VCT 2025: Americas Kickoff;Main Event;Upper Quarterfinals;johnqt;Sentinels;61;134;225;142;0,8;143;84;25;5;0;0,27;0,13;1/8;22;51;36;15;3;0;48;9;12;5;1
6271;VCT 2025: Americas Kickoff;Main Event;Upper Quarterfinals;zander;100 Thieves;39;101;173;105;0,77;108;59;44;8;5;0,21;0,33;1/3;15;23;22;17;3;2;118;26;12;5;1
6272;VCT 2025: Americas Kickoff;Main Event;Upper Quarterfinals;zander;100 Thieves;61;9;158;86;0,72;99;52;36;5;8;0,2;0,25;1/4;15;32;37;22;3;5;118;26;12;5;1
6273;VCT 2025: Americas Kickoff;Main Event;Upper Quarterfinals;Boostio;100 Thieves;22;53;149;63;0,55;101;55;9;9;9;0,24;0,5;1/2;12;12;19;2;2;2;227;26;12;5;1
6274;VCT 2025: Americas Kickoff;Main Event;Upper Quarterfinals;Boostio;100 Thieves;61;71;159;74;0,64;103;56;26;8;7;0,2;0,2;1/5;12;34;46;16;5;4;227;26;12;5;1
6275;VCT 2025: Americas Kickoff;Main Event;Upper Quarterfinals;Cryocells;100 Thieves;22;88;191;78;0,73;125;64;41;14;14;0,26;0,33;1/3;14;14;18;9;3;3;124;26;12;5;1
6276;VCT 2025: Americas Kickoff;Main Event;Upper Quarterfinals;Cryocells;100 Thieves;17;213;338;30;0,94;233;141;24;12;0;0,46;0,67;2/3;24;24;8;4;2;0;124;26;12;5;1
6277;VCT 2025: Americas Kickoff;Main Event;Upper Quarterfinals;Cryocells;100 Thieves;61;125;247;126;0,8;160;87;3;16;11;0,37;0,43;3/7;24;53;42;18;10;7;124;26;12;5;1
6278;VCT 2025: Americas Kickoff;Main Event;Upper Quarterfinals;Asuna;100 Thieves;39;104;246;11;0,72;160;87;15;21;23;0,16;0,67;2/3;21;34;31;6;8;9;126;26;12;5;1
6279;VCT 2025: Americas Kickoff;Main Event;Upper Quarterfinals;Asuna;100 Thieves;61;92;225;96;0,7;142;77;21;15;18;0,17;0,29;2/7;21;47;49;13;9;11;126;26;12;5;1
6280;VCT 2025: Americas Kickoff;Main Event;Upper Quarterfinals;pANcada;LOUD;23;95;179;10;0,7;110;65;9;13;13;0,43;0,33;1/3;15;15;15;2;3;3;140;32;12;5;1
6281;VCT 2025: Americas Kickoff;Main Event;Upper Quarterfinals;pANcada;LOUD;43;108;186;121;0,74;119;67;12;9;9;0,46;0,14;1/7;15;29;24;5;4;4;140;32;12;5;1
6282;VCT 2025: Americas Kickoff;Main Event;Upper Quarterfinals;v1nny;LOUD;43;103;178;107;0,79;122;67;35;5;9;0,37;0,33;2/6;17;29;27;15;2;4;235;32;12;5;1
6283;VCT 2025: Americas Kickoff;Main Event;Upper Quarterfinals;tuyz;LOUD;43;10;190;9;0,7;133;6;35;7;12;0,26;0,67;2/3;14;26;29;15;3;5;138;32;12;5;1
6284;VCT 2025: Americas Kickoff;Main Event;Upper Quarterfinals;dgzin;LOUD;20;147;229;271;0,85;138;95;15;2;1;0,11;1;1/1;19;19;7;3;4;2;236;32;12;5;1
6285;VCT 2025: Americas Kickoff;Main Event;Upper Quarterfinals;dgzin;LOUD;43;125;232;161;0,74;145;86;14;16;14;0,2;0,33;1/3;19;37;23;6;7;6;236;32;12;5;1
6286;VCT 2025: Americas Kickoff;Main Event;Upper Quarterfinals;JonahP;G2 Esports;40;137;203;15;0,88;132;75;68;8;3;0,37;0,17;1/6;18;30;20;27;3;1;36;3;12;5;1
6287;VCT 2025: Americas Kickoff;Main Event;Upper Quarterfinals;leaf;G2 Esports;21;149;271;183;0,62;168;105;14;24;1;0,28;1;1/1;22;22;12;3;5;2;8;3;12;5;1
6288;VCT 2025: Americas Kickoff;Main Event;Upper Quarterfinals;leaf;G2 Esports;19;164;296;20;0,89;208;116;21;11;0;0,33;0,33;1/3;22;22;11;4;2;0;8;3;12;5;1
6289;VCT 2025: Americas Kickoff;Main Event;Upper Quarterfinals;leaf;G2 Esports;40;156;284;191;0,75;187;11;18;18;5;0,31;0,5;2/4;22;44;23;7;7;2;8;3;12;5;1
6290;VCT 2025: Americas Kickoff;Main Event;Upper Quarterfinals;v1c;Cloud9;40;66;137;5;0,6;92;4;43;8;8;0,14;0,14;1/7;10;16;32;17;3;3;120;27;12;5;1
6291;VCT 2025: Americas Kickoff;Main Event;Upper Quarterfinals;Xeppaa;Cloud9;21;96;168;92;0,67;117;57;38;0;0;0,24;0,25;1/4;12;12;13;8;0;0;119;27;12;5;1
6292;VCT 2025: Americas Kickoff;Main Event;Upper Quarterfinals;Xeppaa;Cloud9;19;123;238;10;0,74;174;79;26;5;11;0,22;0,33;1/3;15;15;15;5;1;2;119;27;12;5;1
6293;VCT 2025: Americas Kickoff;Main Event;Upper Quarterfinals;Xeppaa;Cloud9;40;109;203;96;0,7;144;68;33;3;5;0,23;0,29;2/7;15;27;28;13;1;2;119;27;12;5;1
6294;VCT 2025: Americas Kickoff;Main Event;Upper Quarterfinals;nataNk;LEVIATÃN;21;112;192;108;0,81;113;62;67;1;1;0,23;0,5;1/2;13;13;12;14;2;2;95;25;12;5;1
6295;VCT 2025: Americas Kickoff;Main Event;Upper Quarterfinals;nataNk;LEVIATÃN;19;145;213;175;0,79;142;74;42;11;11;0,31;0,5;1/2;14;14;8;8;2;2;95;25;12;5;1
6296;VCT 2025: Americas Kickoff;Main Event;Upper Quarterfinals;nataNk;LEVIATÃN;40;128;202;135;0,8;127;68;55;1;1;0,27;0,5;2/4;14;27;20;22;4;4;95;25;12;5;1
6297;VCT 2025: Americas Kickoff;Main Event;Upper Quarterfinals;C0M;LEVIATÃN;21;166;330;193;0,9;221;129;14;1;5;0,29;0,5;2/4;27;27;14;3;2;1;115;25;12;5;1
6298;VCT 2025: Americas Kickoff;Main Event;Upper Quarterfinals;C0M;LEVIATÃN;40;134;276;152;0,8;193;103;23;8;8;0,26;0,5;2/4;27;41;27;9;3;3;115;25;12;5;1
6299;VCT 2025: Americas Kickoff;Main Event;Upper Quarterfinals;raafa;FURIA;21;74;150;69;0,57;111;52;24;0;1;0,23;0,5;1/2;11;11;16;5;0;2;229;31;12;5;1
6300;VCT 2025: Americas Kickoff;Main Event;Upper Quarterfinals;raafa;FURIA;40;66;122;59;0,58;90;43;23;0;5;0,16;0,14;1/7;11;17;29;9;0;2;229;31;12;5;1
6301;VCT 2025: Americas Kickoff;Main Event;Upper Quarterfinals;Shyy;KRÃœ Esports;43;115;196;111;0,74;125;72;21;7;2;0,37;0,1;1/10;18;31;28;9;3;1;129;29;12;5;1
6302;VCT 2025: Americas Kickoff;Main Event;Upper Quarterfinals;adverso;KRÃœ Esports;20;62;109;56;0,5;77;45;1;0;0;0,4;1;1/1;9;9;16;2;0;0;139;29;12;5;1
6303;VCT 2025: Americas Kickoff;Main Event;Upper Quarterfinals;adverso;KRÃœ Esports;43;68;130;61;0,63;97;47;14;7;5;0,27;1;1/1;11;20;33;6;3;2;139;29;12;5;1
6304;VCT 2025: Americas Kickoff;Main Event;Upper Semifinals;kiNgg;LEVIATÃN;22;105;201;10;0,77;138;73;59;5;9;0,23;0,5;1/2;16;16;16;13;1;2;128;25;12;5;2
6305;VCT 2025: Americas Kickoff;Main Event;Upper Semifinals;kiNgg;LEVIATÃN;40;104;226;94;0,78;146;78;48;1;8;0,27;0,13;1/8;16;31;33;19;4;3;128;25;12;5;2
6306;VCT 2025: Americas Kickoff;Main Event;Upper Semifinals;nataNk;LEVIATÃN;22;104;253;112;0,73;167;86;18;32;23;0,24;0,33;1/3;19;19;17;4;7;5;95;25;12;5;2
6307;VCT 2025: Americas Kickoff;Main Event;Upper Semifinals;nataNk;LEVIATÃN;40;99;227;103;0,68;144;8;23;2;2;0,26;0,25;1/4;19;32;31;9;8;8;95;25;12;5;2
6308;VCT 2025: Americas Kickoff;Main Event;Upper Semifinals;tex;LEVIATÃN;22;81;198;84;0,64;134;73;9;0;14;0,39;0,2;1/5;16;16;19;2;0;3;114;25;12;5;2
6309;VCT 2025: Americas Kickoff;Main Event;Upper Semifinals;tex;LEVIATÃN;40;102;215;103;0,63;143;8;5;3;18;0,42;0,14;1/7;16;32;31;2;1;7;114;25;12;5;2
6310;VCT 2025: Americas Kickoff;Main Event;Upper Semifinals;valyn;G2 Esports;18;99;162;109;0,83;111;67;33;6;6;0,27;1;1/1;12;12;11;6;1;1;35;3;12;5;2
6311;VCT 2025: Americas Kickoff;Main Event;Upper Semifinals;valyn;G2 Esports;40;78;152;72;0,7;112;53;43;8;8;0,21;0,5;1/2;12;21;29;17;3;3;35;3;12;5;2
6312;VCT 2025: Americas Kickoff;Main Event;Upper Semifinals;leaf;G2 Esports;22;16;317;16;0,77;221;109;36;9;0;0,24;0,33;3/9;24;24;15;8;2;0;8;3;12;5;2
6313;VCT 2025: Americas Kickoff;Main Event;Upper Semifinals;leaf;G2 Esports;40;153;298;183;0,8;196;11;23;2;5;0,26;0,33;3/9;24;44;24;9;8;2;8;3;12;5;2
6314;VCT 2025: Americas Kickoff;Main Event;Upper Semifinals;trent;G2 Esports;18;169;255;257;0,94;178;10;44;0;6;0,28;0,5;2/4;18;18;7;8;0;1;9;3;12;5;2
6315;VCT 2025: Americas Kickoff;Main Event;Upper Semifinals;trent;G2 Esports;22;139;218;136;0,86;156;86;18;14;9;0,36;0,67;2/3;19;19;14;4;3;2;9;3;12;5;2
6316;VCT 2025: Americas Kickoff;Main Event;Upper Semifinals;trent;G2 Esports;40;153;236;176;0,9;166;93;3;8;8;0,32;0,57;4/7;19;37;21;12;3;3;9;3;12;5;2
6317;VCT 2025: Americas Kickoff;Main Event;Upper Semifinals;pANcada;LOUD;46;95;194;103;0,67;128;72;35;4;9;0,37;0,13;1/8;18;33;32;16;2;4;140;32;12;5;2
6318;VCT 2025: Americas Kickoff;Main Event;Upper Semifinals;pANcada;LOUD;70;108;204;115;0,7;132;76;4;1;6;0,37;0,08;1/13;20;53;46;28;7;4;140;32;12;5;2
6319;VCT 2025: Americas Kickoff;Main Event;Upper Semifinals;tuyz;LOUD;70;82;133;83;0,73;85;5;1;6;7;0,34;0,25;2/8;14;35;42;7;4;5;138;32;12;5;2
6320;VCT 2025: Americas Kickoff;Main Event;Upper Semifinals;bang;Sentinels;46;105;200;106;0,72;122;74;24;7;9;0,29;0,2;1/5;18;34;32;11;3;4;47;9;12;5;2
6321;VCT 2025: Americas Kickoff;Main Event;Upper Semifinals;bang;Sentinels;70;10;186;104;0,74;117;69;24;7;1;0,3;0,2;1/5;18;48;46;17;5;7;47;9;12;5;2
6322;VCT 2025: Americas Kickoff;Main Event;Upper Semifinals;N4RRATE;Sentinels;46;87;145;72;0,74;99;5;41;0;9;0,14;0,17;1/6;14;23;32;19;0;4;41;9;12;5;2
6323;VCT 2025: Americas Kickoff;Main Event;Upper Semifinals;N4RRATE;Sentinels;70;89;150;77;0,71;102;51;41;1;9;0,14;0,13;1/8;14;36;47;29;1;6;41;9;12;5;2
6324;VCT 2025: Americas Kickoff;Main Event;Upper Semifinals;Zellsis;Sentinels;22;11;205;12;0,68;120;82;9;5;14;0,18;0,2;1/5;18;18;15;2;1;3;122;9;12;5;2
6325;VCT 2025: Americas Kickoff;Main Event;Upper Semifinals;Zellsis;Sentinels;48;98;184;87;0,71;116;56;4;8;17;0,17;0,2;1/5;15;27;31;19;4;8;122;9;12;5;2
6326;VCT 2025: Americas Kickoff;Main Event;Upper Semifinals;Zellsis;Sentinels;70;102;191;98;0,7;118;64;3;7;16;0,17;0,2;2/10;18;45;46;21;5;11;122;9;12;5;2
6327;VCT 2025: Americas Kickoff;Main Event;Upper Semifinals;zekken;Sentinels;70;121;253;13;0,81;161;87;3;21;17;0,24;0,13;1/8;23;61;47;21;15;12;42;9;12;5;2
6328;VCT 2025: Americas Kickoff;Main Event;Upper Final;valyn;G2 Esports;40;104;198;125;0,65;121;75;28;5;1;0,22;0,5;1/2;20;30;24;11;2;4;35;3;12;5;3
6329;VCT 2025: Americas Kickoff;Main Event;Upper Final;JonahP;G2 Esports;20;118;195;118;0,8;148;65;55;1;5;0,2;0,25;1/4;13;13;11;11;2;1;36;3;12;5;3
6330;VCT 2025: Americas Kickoff;Main Event;Upper Final;JonahP;G2 Esports;40;118;182;13;0,75;125;65;5;1;5;0,21;0,25;1/4;13;26;20;20;4;2;36;3;12;5;3
6331;VCT 2025: Americas Kickoff;Main Event;Upper Final;trent;G2 Esports;40;117;214;135;0,68;140;78;23;5;8;0,22;0,25;1/4;16;31;23;9;2;3;9;3;12;5;3
6332;VCT 2025: Americas Kickoff;Main Event;Upper Final;jawgemo;G2 Esports;40;12;254;124;0,7;160;9;4;23;8;0,18;1;2/2;21;36;29;16;9;3;10;3;12;5;3
6333;VCT 2025: Americas Kickoff;Main Event;Upper Final;bang;Sentinels;40;95;179;93;0,73;119;63;35;5;15;0,3;0,33;2/6;14;25;27;14;2;6;47;9;12;5;3
6334;VCT 2025: Americas Kickoff;Main Event;Upper Final;N4RRATE;Sentinels;20;127;268;127;0,85;185;95;35;5;15;0,28;0,25;1/4;19;19;15;7;1;3;41;9;12;5;3
6335;VCT 2025: Americas Kickoff;Main Event;Upper Final;N4RRATE;Sentinels;40;78;186;76;0,68;127;63;35;5;2;0,31;0,25;1/4;19;25;33;14;2;8;41;9;12;5;3
6336;VCT 2025: Americas Kickoff;Main Event;Upper Final;zekken;Sentinels;20;73;167;79;0,6;111;55;1;2;15;0,16;0,33;1/3;11;11;14;2;4;3;42;9;12;5;3
6337;VCT 2025: Americas Kickoff;Main Event;Upper Final;zekken;Sentinels;40;79;193;79;0,65;121;65;18;2;1;0,23;0,17;1/6;15;26;33;7;8;4;42;9;12;5;3
6338;VCT 2025: Americas Kickoff;Main Event;Grand Final;N4RRATE;Sentinels;35;107;196;104;0,74;127;71;34;11;9;0,27;0,5;2/4;16;25;24;12;4;3;41;9;12;5;4
6339;VCT 2025: Americas Kickoff;Main Event;Grand Final;N4RRATE;Sentinels;22;101;162;108;0,73;113;64;14;9;0;0,33;0,33;1/3;14;14;13;3;2;0;41;9;12;5;4
6340;VCT 2025: Americas Kickoff;Main Event;Grand Final;N4RRATE;Sentinels;101;98;197;10;0,73;127;7;29;16;7;0,27;0,43;3/7;21;71;71;29;16;7;41;9;12;5;4
6341;VCT 2025: Americas Kickoff;Main Event;Grand Final;Zellsis;Sentinels;23;51;124;5;0,57;80;39;26;4;13;0,26;0,25;1/4;9;9;18;6;1;3;122;9;12;5;4
6342;VCT 2025: Americas Kickoff;Main Event;Grand Final;Zellsis;Sentinels;17;121;268;164;0,88;174;106;12;18;6;0,24;1;1/1;18;18;11;2;3;1;122;9;12;5;4
6343;VCT 2025: Americas Kickoff;Main Event;Grand Final;Zellsis;Sentinels;101;89;183;86;0,67;119;62;35;5;13;0,22;0,17;2/12;18;63;73;35;5;13;122;9;12;5;4
6344;VCT 2025: Americas Kickoff;Main Event;Grand Final;zekken;Sentinels;79;96;198;102;0,68;129;73;14;1;15;0,27;0,1;1/10;17;58;57;11;8;12;42;9;12;5;4
6345;VCT 2025: Americas Kickoff;Main Event;Grand Final;zekken;Sentinels;101;95;197;106;0,66;130;73;13;12;17;0,28;0,09;1/11;17;74;70;13;12;17;42;9;12;5;4
6346;VCT 2025: Americas Kickoff;Main Event;Grand Final;johnqt;Sentinels;78;117;198;113;0,72;139;69;26;9;5;0,31;0,18;2/11;20;54;48;20;7;4;48;9;12;5;4
6347;VCT 2025: Americas Kickoff;Main Event;Grand Final;johnqt;Sentinels;101;114;199;108;0,71;143;68;27;8;6;0,32;0,13;2/16;20;69;64;27;8;6;48;9;12;5;4
6348;VCT 2025: Americas Kickoff;Main Event;Grand Final;valyn;G2 Esports;83;104;185;96;0,67;125;63;36;6;8;0,21;0,3;3/10;19;52;54;30;5;7;35;3;12;5;4
6349;VCT 2025: Americas Kickoff;Main Event;Grand Final;valyn;G2 Esports;101;11;195;11;0,71;129;68;4;7;7;0,2;0,3;3/10;19;69;63;40;7;7;35;3;12;5;4
6350;VCT 2025: Americas Kickoff;Main Event;Grand Final;JonahP;G2 Esports;80;83;140;74;0,73;87;5;4;3;6;0,2;0,09;1/11;15;40;54;32;2;5;36;3;12;5;4
6351;VCT 2025: Americas Kickoff;Main Event;Grand Final;JonahP;G2 Esports;21;112;223;129;0,81;119;86;43;5;14;0,23;1;1/1;18;18;14;9;1;3;36;3;12;5;4
6352;VCT 2025: Americas Kickoff;Main Event;Grand Final;JonahP;G2 Esports;101;89;157;85;0,74;93;57;41;3;8;0,21;0,17;2/12;18;58;68;41;3;8;36;3;12;5;4
6353;VCT 2025: Americas Kickoff;Main Event;Grand Final;leaf;G2 Esports;43;111;200;107;0,7;132;72;14;19;12;0,33;0,25;2/8;17;31;29;6;8;5;8;3;12;5;4
6354;VCT 2025: Americas Kickoff;Main Event;Grand Final;leaf;G2 Esports;101;97;189;96;0,67;126;67;2;13;1;0,26;0,13;2/15;17;68;71;20;13;10;8;3;12;5;4
6355;VCT 2025: Americas Kickoff;Main Event;Grand Final;trent;G2 Esports;58;13;228;142;0,72;158;88;14;16;9;0,26;0,2;2/10;23;51;36;8;9;5;9;3;12;5;4
6356;VCT 2025: Americas Kickoff;Main Event;Grand Final;trent;G2 Esports;101;122;221;127;0,72;153;79;21;13;5;0,25;0,13;2/15;23;80;63;21;13;5;9;3;12;5;4
6357;VCT 2025: Americas Kickoff;Main Event;Lower Round 1;FiNESSE;Mega Minors;22;103;155;10;0,77;103;5;36;9;9;0,08;0,33;1/3;11;11;11;8;2;2;228;8;12;5;5
6358;VCT 2025: Americas Kickoff;Main Event;Lower Round 1;FiNESSE;Mega Minors;70;11;169;103;0,77;112;56;44;6;6;0,14;0,1;1/10;15;39;38;31;4;4;228;8;12;5;5
6359;VCT 2025: Americas Kickoff;Main Event;Lower Round 1;mada;Mega Minors;48;137;287;147;0,79;172;98;21;23;27;0,12;0,33;1/3;27;47;32;10;11;13;29;8;12;5;5
6360;VCT 2025: Americas Kickoff;Main Event;Lower Round 1;mada;Mega Minors;70;146;300;155;0,81;184;104;2;24;21;0,17;0,25;1/4;27;73;47;14;17;15;29;8;12;5;5
6361;VCT 2025: Americas Kickoff;Main Event;Lower Round 1;Melser;KRÃœ Esports;15;152;217;20;0,87;158;8;33;7;7;0,39;1;2/2;12;12;6;5;1;1;152;29;12;5;5
6362;VCT 2025: Americas Kickoff;Main Event;Lower Round 1;Melser;KRÃœ Esports;31;146;240;20;0,87;158;9;29;13;1;0,42;0,67;2/3;16;28;14;9;4;3;152;29;12;5;5
6363;VCT 2025: Americas Kickoff;Main Event;Lower Round 1;Shyy;KRÃœ Esports;16;109;196;133;0,75;130;75;13;13;0;0,35;1;2/2;12;12;9;2;2;0;129;29;12;5;5
6364;VCT 2025: Americas Kickoff;Main Event;Lower Round 1;Shyy;KRÃœ Esports;31;106;193;121;0,81;132;74;26;1;3;0,24;1;2/2;12;23;19;8;3;1;129;29;12;5;5
6365;VCT 2025: Americas Kickoff;Main Event;Lower Round 1;keznit;KRÃœ Esports;16;158;328;225;0,88;209;113;25;31;13;0,27;0,5;1/2;18;18;8;4;5;2;144;29;12;5;5
6366;VCT 2025: Americas Kickoff;Main Event;Lower Round 1;keznit;KRÃœ Esports;31;15;295;206;0,84;186;106;23;19;1;0,23;0,5;1/2;18;33;16;7;6;3;144;29;12;5;5
6367;VCT 2025: Americas Kickoff;Main Event;Lower Round 1;adverso;KRÃœ Esports;16;10;145;114;0,75;96;5;38;0;0;0,29;0,5;1/2;8;8;7;6;0;0;139;29;12;5;5
6368;VCT 2025: Americas Kickoff;Main Event;Lower Round 1;adverso;KRÃœ Esports;15;122;257;127;0,8;152;93;47;13;27;0,34;0,5;2/4;14;14;11;7;2;4;139;29;12;5;5
6369;VCT 2025: Americas Kickoff;Main Event;Lower Round 1;adverso;KRÃœ Esports;31;111;201;122;0,77;123;71;42;6;13;0,32;0,5;3/6;14;22;18;13;2;4;139;29;12;5;5
6370;VCT 2025: Americas Kickoff;Main Event;Lower Round 1;v1c;Cloud9;20;135;255;138;0,75;158;9;4;1;5;0,23;0,38;3/8;18;18;13;8;2;1;120;27;12;5;5
6371;VCT 2025: Americas Kickoff;Main Event;Lower Round 1;v1c;Cloud9;43;13;208;146;0,79;143;81;42;5;2;0,31;0,36;4/11;21;35;24;18;2;1;120;27;12;5;5
6372;VCT 2025: Americas Kickoff;Main Event;Lower Round 1;v1c;Cloud9;63;132;223;143;0,78;147;84;41;6;3;0,28;0,37;7/19;21;53;37;26;4;2;120;27;12;5;5
6373;VCT 2025: Americas Kickoff;Main Event;Lower Round 1;neT;Cloud9;23;63;159;74;0,61;92;61;35;4;13;0,8;0,33;1/3;14;14;19;8;1;3;121;27;12;5;5
6374;VCT 2025: Americas Kickoff;Main Event;Lower Round 1;neT;Cloud9;63;85;181;87;0,7;116;63;35;13;6;0,5;0,2;1/5;15;40;46;22;8;4;121;27;12;5;5
6375;VCT 2025: Americas Kickoff;Main Event;Lower Round 1;mitch;Cloud9;20;117;192;10;0,8;117;6;85;15;1;0,16;0,25;1/4;12;12;12;17;3;2;123;27;12;5;5
6376;VCT 2025: Americas Kickoff;Main Event;Lower Round 1;mitch;Cloud9;63;74;162;68;0,68;102;51;52;6;16;0,19;0,2;1/5;12;32;47;33;4;10;123;27;12;5;5
6377;VCT 2025: Americas Kickoff;Main Event;Lower Round 1;OXY;Cloud9;23;112;288;121;0,65;177;10;9;26;17;0,27;1;1/1;23;23;19;2;6;4;132;27;12;5;5
6378;VCT 2025: Americas Kickoff;Main Event;Lower Round 1;OXY;Cloud9;63;104;254;112;0,67;163;9;17;24;19;0,28;0,25;1/4;24;57;51;11;15;12;132;27;12;5;5
6379;VCT 2025: Americas Kickoff;Main Event;Lower Round 1;xenom;MIBR;43;134;196;162;0,81;131;79;49;2;2;0,32;0,43;3/7;19;34;21;21;1;1;39;4;12;5;5
6380;VCT 2025: Americas Kickoff;Main Event;Lower Round 1;xenom;MIBR;63;117;175;123;0,75;115;68;43;2;2;0,3;0,27;3/11;19;43;35;27;1;1;39;4;12;5;5
6381;VCT 2025: Americas Kickoff;Main Event;Lower Round 1;aspas;MIBR;43;141;260;175;0,79;167;98;16;23;21;0,18;0,25;1/4;25;42;24;7;10;9;12;4;12;5;5
6382;VCT 2025: Americas Kickoff;Main Event;Lower Round 1;aspas;MIBR;63;127;246;143;0,75;166;9;16;17;21;0,21;0,13;1/8;25;57;40;10;11;13;12;4;12;5;5
6383;VCT 2025: Americas Kickoff;Main Event;Lower Round 1;yay;Evil Geniuses;20;123;188;14;0,8;115;7;2;15;0;0,36;1;1/1;14;14;10;4;3;0;147;28;12;5;5
6384;VCT 2025: Americas Kickoff;Main Event;Lower Round 1;yay;Evil Geniuses;40;12;202;122;0,8;133;7;3;2;0;0,26;0,33;1/3;14;28;23;12;8;0;147;28;12;5;5
6385;VCT 2025: Americas Kickoff;Main Event;Lower Round 1;NaturE;Evil Geniuses;20;142;215;164;0,75;139;9;4;0;0;0,22;0,5;1/2;18;18;11;8;0;0;146;28;12;5;5
6386;VCT 2025: Americas Kickoff;Main Event;Lower Round 1;NaturE;Evil Geniuses;40;124;184;138;0,73;125;73;33;0;5;0,26;0,5;1/2;18;29;21;13;0;2;146;28;12;5;5
6387;VCT 2025: Americas Kickoff;Main Event;Lower Round 1;supamen;Evil Geniuses;20;121;204;118;0,8;151;65;65;2;1;0,47;1;2/2;13;13;11;13;4;2;127;28;12;5;5
6388;VCT 2025: Americas Kickoff;Main Event;Lower Round 1;supamen;Evil Geniuses;40;99;182;96;0,8;126;6;45;13;5;0,46;0,5;2/4;13;24;25;18;5;2;127;28;12;5;5
6389;VCT 2025: Americas Kickoff;Main Event;Lower Round 1;Derrek;Evil Geniuses;20;147;260;167;0,9;166;10;2;5;15;0,37;0,33;1/3;20;20;12;4;1;3;142;28;12;5;5
6390;VCT 2025: Americas Kickoff;Main Event;Lower Round 1;Derrek;Evil Geniuses;40;109;204;115;0,8;132;78;28;3;15;0,36;0,17;1/6;20;31;27;11;1;6;142;28;12;5;5
6391;VCT 2025: Americas Kickoff;Main Event;Lower Round 1;lz;2Game Esports;16;58;152;64;0,56;96;56;13;0;38;0,37;0,5;1/2;9;9;14;2;0;6;136;30;12;5;5
6392;VCT 2025: Americas Kickoff;Main Event;Lower Round 1;lz;2Game Esports;31;59;142;59;0,55;99;52;16;1;23;0,39;0,17;1/6;9;16;27;5;3;7;136;30;12;5;5
6393;VCT 2025: Americas Kickoff;Main Event;Lower Round 1;zander;100 Thieves;22;12;240;127;0,82;148;86;23;23;0;0,39;0,29;2/7;19;19;15;5;5;0;118;26;12;5;5
6394;VCT 2025: Americas Kickoff;Main Event;Lower Round 1;zander;100 Thieves;70;9;193;92;0,71;117;67;3;14;13;0,3;0,18;2/11;19;47;51;21;10;9;118;26;12;5;5
6395;VCT 2025: Americas Kickoff;Main Event;Lower Round 1;Cryocells;100 Thieves;26;99;229;95;0,85;156;73;35;15;8;0,28;0,33;1/3;19;19;20;9;4;2;124;26;12;5;5
6396;VCT 2025: Americas Kickoff;Main Event;Lower Round 1;Cryocells;100 Thieves;70;89;194;92;0,79;127;67;2;1;6;0,29;0,11;1/9;19;47;51;14;7;4;124;26;12;5;5
6397;VCT 2025: Americas Kickoff;Main Event;Lower Round 1;eeiu;100 Thieves;70;111;204;13;0,81;125;81;21;7;4;0,39;0,27;3/11;26;57;44;15;5;3;125;26;12;5;5
6398;VCT 2025: Americas Kickoff;Main Event;Lower Round 1;Asuna;100 Thieves;22;88;156;86;0,64;102;55;45;9;9;0,29;1;2/2;12;12;14;10;2;2;126;26;12;5;5
6399;VCT 2025: Americas Kickoff;Main Event;Lower Round 1;Asuna;100 Thieves;22;85;202;71;0,64;138;55;32;23;14;0,15;0,33;1/3;12;12;17;7;5;3;126;26;12;5;5
6400;VCT 2025: Americas Kickoff;Main Event;Lower Round 1;Asuna;100 Thieves;70;93;196;9;0,66;136;63;33;14;17;0,25;0,5;3/6;20;44;49;23;10;12;126;26;12;5;5
6401;VCT 2025: Americas Kickoff;Main Event;Lower Round 1;Khalil;FURIA;20;141;264;136;0,85;184;95;3;5;0;0,37;0,25;1/4;19;19;14;6;1;0;230;31;12;5;5
6402;VCT 2025: Americas Kickoff;Main Event;Lower Round 1;Khalil;FURIA;40;122;235;117;0,8;154;85;3;1;0;0,36;0,13;1/8;19;34;29;12;4;0;230;31;12;5;5
6403;VCT 2025: Americas Kickoff;Main Event;Lower Round 1;heat;FURIA;40;95;189;10;0,73;126;68;13;1;5;0,46;0,17;1/6;16;27;27;5;4;2;149;31;12;5;5
6404;VCT 2025: Americas Kickoff;Main Event;Lower Round 2;Melser;KRÃœ Esports;21;142;231;146;0,71;156;9;24;14;0;0,45;1;1/1;19;19;13;5;3;0;152;29;12;5;6
6405;VCT 2025: Americas Kickoff;Main Event;Lower Round 2;Melser;KRÃœ Esports;23;124;207;158;0,83;133;83;43;13;4;0,29;0,25;1/4;19;19;12;10;3;1;152;29;12;5;6
6406;VCT 2025: Americas Kickoff;Main Event;Lower Round 2;Melser;KRÃœ Esports;64;118;188;141;0,8;122;75;33;9;5;0,33;0,4;2/5;19;48;34;21;6;3;152;29;12;5;6
6407;VCT 2025: Americas Kickoff;Main Event;Lower Round 2;Shyy;KRÃœ Esports;21;46;122;44;0,48;90;38;1;1;14;0,23;1;1/1;8;8;18;2;2;3;129;29;12;5;6
6408;VCT 2025: Americas Kickoff;Main Event;Lower Round 2;Shyy;KRÃœ Esports;64;107;205;114;0,72;129;75;17;11;5;0,29;0,2;1/5;25;48;42;11;7;3;129;29;12;5;6
6409;VCT 2025: Americas Kickoff;Main Event;Lower Round 2;keznit;KRÃœ Esports;44;94;197;10;0,7;133;7;9;16;18;0,37;0,33;1/3;19;31;31;4;7;8;144;29;12;5;6
6410;VCT 2025: Americas Kickoff;Main Event;Lower Round 2;keznit;KRÃœ Esports;64;101;207;105;0,73;138;7;19;17;14;0,28;0,33;1/3;19;45;43;12;11;9;144;29;12;5;6
6411;VCT 2025: Americas Kickoff;Main Event;Lower Round 2;cortezia;MIBR;16;111;278;133;0,94;186;10;31;19;13;0,38;1;1/1;16;16;12;5;3;2;53;4;12;5;6
6412;VCT 2025: Americas Kickoff;Main Event;Lower Round 2;cortezia;MIBR;39;116;247;14;0,79;160;9;18;15;8;0,42;0,33;1/3;19;35;25;7;6;3;53;4;12;5;6
6413;VCT 2025: Americas Kickoff;Main Event;Lower Round 2;nzr;MIBR;16;176;257;214;0,88;188;94;56;13;0;0,21;0,33;1/3;15;15;7;9;2;0;248;4;12;5;6
6414;VCT 2025: Americas Kickoff;Main Event;Lower Round 2;nzr;MIBR;39;115;196;124;0,79;139;67;38;8;3;0,24;0,2;1/5;15;26;21;15;3;1;248;4;12;5;6
6415;VCT 2025: Americas Kickoff;Main Event;Lower Round 2;yay;Evil Geniuses;23;68;155;67;0,52;110;52;17;9;13;0,32;0,5;1/2;12;12;18;4;2;3;147;28;12;5;6
6416;VCT 2025: Americas Kickoff;Main Event;Lower Round 2;yay;Evil Geniuses;39;69;170;67;0,49;110;56;1;1;18;0,37;0,5;1/2;12;22;33;4;4;7;147;28;12;5;6
6417;VCT 2025: Americas Kickoff;Main Event;Lower Round 2;icy;Evil Geniuses;23;54;146;63;0,48;84;52;0;13;3;0,26;0,2;1/5;12;12;19;0;3;7;143;28;12;5;6
6418;VCT 2025: Americas Kickoff;Main Event;Lower Round 2;icy;Evil Geniuses;39;65;181;68;0,56;112;59;1;15;23;0,2;0,17;1/6;12;23;34;4;6;9;143;28;12;5;6
6419;VCT 2025: Americas Kickoff;Main Event;Lower Round 2;supamen;Evil Geniuses;39;114;227;11;0,62;156;87;13;8;1;0,38;0,25;2/8;25;34;31;5;3;4;127;28;12;5;6
6420;VCT 2025: Americas Kickoff;Main Event;Lower Round 2;NaturE;Evil Geniuses;16;46;120;43;0,5;77;38;13;0;13;0,15;0,2;1/5;6;6;14;2;0;2;146;28;12;5;6
6421;VCT 2025: Americas Kickoff;Main Event;Lower Round 2;NaturE;Evil Geniuses;23;76;147;53;0,7;99;39;52;0;13;0,3;0,33;1/3;9;9;17;12;0;3;146;28;12;5;6
6422;VCT 2025: Americas Kickoff;Main Event;Lower Round 2;NaturE;Evil Geniuses;39;64;134;48;0,62;90;38;36;0;13;0,24;0,25;2/8;9;15;31;14;0;5;146;28;12;5;6
6423;VCT 2025: Americas Kickoff;Main Event;Lower Round 2;Ethan;Mega Minors;20;57;110;4;0,65;76;3;6;0;5;0,13;0,5;2/4;6;6;15;12;0;1;31;8;12;5;6
6424;VCT 2025: Americas Kickoff;Main Event;Lower Round 2;Ethan;Mega Minors;21;142;278;14;0,81;173;10;52;14;1;0,27;0,25;1/4;21;21;15;11;3;2;31;8;12;5;6
6425;VCT 2025: Americas Kickoff;Main Event;Lower Round 2;Ethan;Mega Minors;64;123;234;111;0,73;153;8;53;8;6;0,26;0,3;3/10;24;51;46;34;5;4;31;8;12;5;6
6426;VCT 2025: Americas Kickoff;Main Event;Lower Round 2;s0m;Mega Minors;23;74;121;67;0,65;83;43;35;4;9;0,41;0,33;1/3;10;10;15;8;1;2;28;8;12;5;6
6427;VCT 2025: Americas Kickoff;Main Event;Lower Round 2;s0m;Mega Minors;64;91;193;89;0,78;128;66;39;5;8;0,27;0,13;1/8;18;42;47;25;3;5;28;8;12;5;6
6428;VCT 2025: Americas Kickoff;Main Event;Lower Round 2;Verno;Mega Minors;44;74;134;61;0,68;98;43;25;2;11;0,24;0,13;1/8;10;19;31;11;1;5;13;8;12;5;6
6429;VCT 2025: Americas Kickoff;Main Event;Lower Round 2;Verno;Mega Minors;64;74;135;63;0,69;94;45;25;3;11;0,27;0,13;1/8;10;29;46;16;2;7;13;8;12;5;6
6430;VCT 2025: Americas Kickoff;Main Event;Lower Round 2;mada;Mega Minors;23;164;354;214;0,78;210;13;9;17;17;0,25;0,5;1/2;30;30;14;2;4;4;29;8;12;5;6
6431;VCT 2025: Americas Kickoff;Main Event;Lower Round 2;mada;Mega Minors;20;83;195;93;0,6;120;7;1;15;25;0,36;0,33;1/3;14;14;15;2;3;5;29;8;12;5;6
6432;VCT 2025: Americas Kickoff;Main Event;Lower Round 2;mada;Mega Minors;21;133;300;133;0,81;197;95;38;14;14;0,27;0,33;2/6;20;20;15;8;3;3;29;8;12;5;6
6433;VCT 2025: Americas Kickoff;Main Event;Lower Round 2;mada;Mega Minors;64;129;283;145;0,73;178;10;19;16;19;0,28;0,36;4/11;30;64;44;12;10;12;29;8;12;5;6
6434;VCT 2025: Americas Kickoff;Main Event;Lower Round 3;xenom;MIBR;48;118;195;137;0,79;124;77;31;4;1;0,4;0,18;2/11;20;37;27;15;2;5;39;4;12;5;7
6435;VCT 2025: Americas Kickoff;Main Event;Lower Round 3;xenom;MIBR;68;99;164;105;0,74;106;65;28;4;12;0,35;0,15;2/13;20;44;42;19;3;8;39;4;12;5;7
6436;VCT 2025: Americas Kickoff;Main Event;Lower Round 3;artzin;MIBR;26;138;313;124;0,77;205;10;23;31;23;0,1;1;1/1;26;26;21;6;8;6;11;4;12;5;7
6437;VCT 2025: Americas Kickoff;Main Event;Lower Round 3;artzin;MIBR;68;108;230;96;0,72;162;75;34;18;16;0,12;0,33;1/3;26;51;53;23;12;11;11;4;12;5;7
6438;VCT 2025: Americas Kickoff;Main Event;Lower Round 3;aspas;MIBR;20;124;260;107;0,65;176;8;1;35;5;0,18;0,25;1/4;16;16;15;2;7;1;12;4;12;5;7
6439;VCT 2025: Americas Kickoff;Main Event;Lower Round 3;aspas;MIBR;68;114;222;113;0,75;143;75;13;22;7;0,18;0,17;1/6;19;51;45;9;15;5;12;4;12;5;7
6440;VCT 2025: Americas Kickoff;Main Event;Lower Round 3;kiNgg;LEVIATÃN;22;75;142;69;0,82;102;5;27;5;5;0,31;0,17;1/6;11;11;16;6;1;1;128;25;12;5;7
6441;VCT 2025: Americas Kickoff;Main Event;Lower Round 3;kiNgg;LEVIATÃN;46;101;208;103;0,8;143;72;37;9;11;0,29;0,33;1/3;17;33;32;17;4;5;128;25;12;5;7
6442;VCT 2025: Americas Kickoff;Main Event;Lower Round 3;kiNgg;LEVIATÃN;68;92;186;92;0,81;129;65;34;7;9;0,3;0,22;2/9;17;44;48;23;5;6;128;25;12;5;7
6443;VCT 2025: Americas Kickoff;Main Event;Lower Round 3;tex;LEVIATÃN;26;106;167;106;0,65;122;65;8;8;4;0,34;0,4;2/5;17;17;16;2;2;1;114;25;12;5;7
6444;VCT 2025: Americas Kickoff;Main Event;Lower Round 3;tex;LEVIATÃN;20;126;197;178;0,85;126;8;5;5;1;0,41;0,33;1/3;16;16;9;1;1;2;114;25;12;5;7
6445;VCT 2025: Americas Kickoff;Main Event;Lower Round 3;tex;LEVIATÃN;22;112;188;107;0,73;122;68;23;5;9;0,33;0,67;2/3;15;15;14;5;1;2;114;25;12;5;7
6446;VCT 2025: Americas Kickoff;Main Event;Lower Round 3;tex;LEVIATÃN;68;114;184;123;0,74;123;71;12;6;7;0,36;0,45;5/11;17;48;39;8;4;5;114;25;12;5;7
6447;VCT 2025: Americas Kickoff;Main Event;Lower Round 3;nataNk;LEVIATÃN;20;114;192;163;0,9;138;65;25;5;15;0,24;1;1/1;13;13;8;5;1;3;95;25;12;5;7
6448;VCT 2025: Americas Kickoff;Main Event;Lower Round 3;nataNk;LEVIATÃN;68;95;197;98;0,79;139;66;37;1;13;0,24;0,14;1/7;20;45;46;25;7;9;95;25;12;5;7
6449;VCT 2025: Americas Kickoff;Main Event;Lower Round 3;C0M;LEVIATÃN;46;9;182;9;0,8;116;59;33;7;11;0,15;0,17;1/6;14;27;30;15;3;5;115;25;12;5;7
6450;VCT 2025: Americas Kickoff;Main Event;Lower Round 3;C0M;LEVIATÃN;68;82;170;83;0,76;111;57;31;7;1;0,17;0,13;1/8;14;39;47;21;5;7;115;25;12;5;7
6451;VCT 2025: Americas Kickoff;Main Event;Lower Round 3;Melser;KRÃœ Esports;18;204;345;325;1;222;144;44;17;0;0,25;0,5;1/2;26;26;8;8;3;0;152;29;12;5;7
6452;VCT 2025: Americas Kickoff;Main Event;Lower Round 3;Melser;KRÃœ Esports;42;145;282;18;0,86;168;107;33;12;2;0,28;0,2;1/5;26;45;25;14;5;1;152;29;12;5;7
6453;VCT 2025: Americas Kickoff;Main Event;Lower Round 3;Shyy;KRÃœ Esports;24;141;225;129;0,79;160;75;25;4;0;0,28;0,5;1/2;18;18;14;6;1;0;129;29;12;5;7
6454;VCT 2025: Americas Kickoff;Main Event;Lower Round 3;Shyy;KRÃœ Esports;42;122;196;116;0,79;140;69;26;5;5;0,27;0,33;1/3;18;29;25;11;2;2;129;29;12;5;7
6455;VCT 2025: Americas Kickoff;Main Event;Lower Round 3;keznit;KRÃœ Esports;18;107;201;10;0,78;144;67;39;17;17;0,13;1;1/1;12;12;12;7;3;3;144;29;12;5;7
6456;VCT 2025: Americas Kickoff;Main Event;Lower Round 3;keznit;KRÃœ Esports;42;96;188;93;0,71;130;64;19;14;21;0,18;0,25;1/4;15;27;29;8;6;9;144;29;12;5;7
6457;VCT 2025: Americas Kickoff;Main Event;Lower Round 3;adverso;KRÃœ Esports;24;72;152;59;0,63;102;42;42;13;21;0,12;1;1/1;10;10;17;10;3;5;139;29;12;5;7
6458;VCT 2025: Americas Kickoff;Main Event;Lower Round 3;adverso;KRÃœ Esports;18;137;252;145;0,89;164;89;44;6;0;0,12;0,33;1/3;16;16;11;8;1;0;139;29;12;5;7
6459;VCT 2025: Americas Kickoff;Main Event;Lower Round 3;adverso;KRÃœ Esports;42;10;202;93;0,74;129;62;43;1;12;0,12;0,5;2/4;16;26;28;18;4;5;139;29;12;5;7
6460;VCT 2025: Americas Kickoff;Main Event;Lower Round 3;tuyz;LOUD;18;116;204;93;0,72;132;72;28;17;6;0,37;0,33;1/3;13;13;14;5;3;1;138;32;12;5;7
6461;VCT 2025: Americas Kickoff;Main Event;Lower Round 3;tuyz;LOUD;42;106;194;97;0,71;124;67;31;14;7;0,35;0,25;1/4;15;28;29;13;6;3;138;32;12;5;7
6462;VCT 2025: Americas Kickoff;Main Event;Lower Round 4;artzin;MIBR;21;69;178;76;0,71;116;62;33;19;24;0,28;1;1/1;13;13;17;7;4;5;11;4;12;5;37
6463;VCT 2025: Americas Kickoff;Main Event;Lower Round 4;artzin;MIBR;66;74;187;83;0,71;120;65;27;18;2;0,21;0,2;1/5;17;43;52;18;12;13;11;4;12;5;37
6464;VCT 2025: Americas Kickoff;Main Event;Lower Round 4;nzr;MIBR;45;86;142;73;0,69;100;49;51;0;2;0,22;0,5;1/2;15;22;30;23;0;1;248;4;12;5;37
6465;VCT 2025: Americas Kickoff;Main Event;Lower Round 4;nzr;MIBR;66;85;141;76;0,7;95;48;41;0;3;0,23;0,5;1/2;15;32;42;27;0;2;248;4;12;5;37
6466;VCT 2025: Americas Kickoff;Main Event;Lower Round 4;Melser;KRÃœ Esports;21;117;239;12;0,86;132;86;71;1;5;0,29;0,5;1/2;18;18;15;15;2;1;152;29;12;5;37
6467;VCT 2025: Americas Kickoff;Main Event;Lower Round 4;Melser;KRÃœ Esports;24;87;144;75;0,75;93;5;42;0;13;0,31;0,25;1/4;12;12;16;10;0;3;152;29;12;5;37
6468;VCT 2025: Americas Kickoff;Main Event;Lower Round 4;Melser;KRÃœ Esports;66;97;185;89;0,76;109;64;48;8;9;0,32;0,25;2/8;18;42;47;32;5;6;152;29;12;5;37
6469;VCT 2025: Americas Kickoff;Main Event;Lower Round 4;Shyy;KRÃœ Esports;24;121;201;129;0,79;147;75;8;4;4;0,33;0,5;2/4;18;18;14;2;1;1;129;29;12;5;37
6470;VCT 2025: Americas Kickoff;Main Event;Lower Round 4;Shyy;KRÃœ Esports;21;114;248;94;0,76;152;76;38;5;5;0,15;0,14;1/7;16;16;17;8;1;1;129;29;12;5;37
6471;VCT 2025: Americas Kickoff;Main Event;Lower Round 4;Shyy;KRÃœ Esports;21;189;321;256;0,86;217;11;33;1;0;0,28;0,14;1/7;23;23;9;7;2;0;129;29;12;5;37
6472;VCT 2025: Americas Kickoff;Main Event;Lower Round 4;Shyy;KRÃœ Esports;66;14;257;143;0,8;171;86;26;6;3;0,25;0,22;4/18;23;57;40;17;4;2;129;29;12;5;37
6473;VCT 2025: Americas Kickoff;Main Event;Lower Round 4;Mazino;KRÃœ Esports;21;85;151;71;0,76;76;57;71;14;5;0,26;0,33;2/6;12;12;17;15;3;1;130;29;12;5;37
6474;VCT 2025: Americas Kickoff;Main Event;Lower Round 4;Mazino;KRÃœ Esports;66;75;146;68;0,68;92;52;5;8;14;0,25;0,29;2/7;12;34;50;33;5;9;130;29;12;5;37
6475;VCT 2025: Americas Kickoff;Main Event;Lower Round 4;adverso;KRÃœ Esports;45;84;178;8;0,67;120;62;24;7;18;0,19;0,25;1/4;18;28;35;11;3;8;139;29;12;5;37
6476;VCT 2025: Americas Kickoff;Main Event;Lower Round 4;adverso;KRÃœ Esports;66;87;182;82;0,68;122;62;3;5;15;0,19;0,25;1/4;18;41;50;20;3;10;139;29;12;5;37
6477;VCT 2025: Americas Kickoff;Main Event;Lower Final;bang;Sentinels;58;114;212;95;0,84;144;64;67;9;5;0,38;0,2;1/5;24;37;39;39;5;3;47;9;12;5;8
6478;VCT 2025: Americas Kickoff;Main Event;Lower Final;bang;Sentinels;98;106;191;94;0,8;126;62;55;9;8;0,37;0,14;1/7;24;61;65;54;9;8;47;9;12;5;8
6479;VCT 2025: Americas Kickoff;Main Event;Lower Final;N4RRATE;Sentinels;20;119;200;15;0,8;109;75;35;5;5;0,26;0,5;1/2;15;15;10;7;1;1;41;9;12;5;8
6480;VCT 2025: Americas Kickoff;Main Event;Lower Final;N4RRATE;Sentinels;60;111;209;10;0,73;120;63;3;2;8;0,19;0,33;2/6;19;38;38;18;1;5;41;9;12;5;8
6481;VCT 2025: Americas Kickoff;Main Event;Lower Final;N4RRATE;Sentinels;18;116;229;108;0,89;148;78;72;6;0;0,22;0,5;1/2;14;14;13;13;1;0;41;9;12;5;8
6482;VCT 2025: Americas Kickoff;Main Event;Lower Final;N4RRATE;Sentinels;98;113;212;11;0,78;123;68;39;3;6;0,21;0,4;4/10;19;67;61;38;3;6;41;9;12;5;8
6483;VCT 2025: Americas Kickoff;Main Event;Lower Final;zekken;Sentinels;60;116;272;122;0,67;157;92;28;25;22;0,24;0,17;1/6;32;55;45;17;15;13;42;9;12;5;8
6484;VCT 2025: Americas Kickoff;Main Event;Lower Final;zekken;Sentinels;98;111;239;117;0,7;158;84;27;22;21;0,25;0,17;1/6;32;82;70;26;22;21;42;9;12;5;8
6485;VCT 2025: Americas Kickoff;Main Event;Lower Final;Zellsis;Sentinels;60;117;268;125;0,7;172;92;25;13;3;0,33;0,1;1/10;31;55;44;15;8;2;122;9;12;5;8
6486;VCT 2025: Americas Kickoff;Main Event;Lower Final;Zellsis;Sentinels;98;121;252;123;0,71;162;87;44;1;4;0,28;0,07;1/15;31;85;69;43;10;4;122;9;12;5;8
6487;VCT 2025: Americas Kickoff;Main Event;Lower Final;johnqt;Sentinels;60;101;180;95;0,75;124;63;23;7;1;0,21;0,14;1/7;27;38;40;14;4;6;48;9;12;5;8
6488;VCT 2025: Americas Kickoff;Main Event;Lower Final;johnqt;Sentinels;98;107;169;10;0,78;117;6;35;8;7;0,23;0,13;1/8;27;59;59;34;8;7;48;9;12;5;8
6489;VCT 2025: Americas Kickoff;Main Event;Lower Final;xenom;MIBR;78;114;205;116;0,76;140;74;4;8;4;0,28;0,29;4/14;33;58;50;31;6;3;39;4;12;5;8
6490;VCT 2025: Americas Kickoff;Main Event;Lower Final;xenom;MIBR;98;111;204;114;0,76;138;73;36;8;4;0,31;0,24;4/17;33;72;63;35;8;4;39;4;12;5;8
6491;VCT 2025: Americas Kickoff;Main Event;Lower Final;nzr;MIBR;20;119;272;119;0,75;180;95;3;2;5;0,3;0,25;1/4;19;19;16;6;4;1;248;4;12;5;8
6492;VCT 2025: Americas Kickoff;Main Event;Lower Final;nzr;MIBR;98;89;195;89;0,7;130;66;24;5;3;0,31;0,05;1/19;23;65;73;24;5;3;248;4;12;5;8
6493;VCT 2025: Americas Kickoff;Main Event;Lower Final;cortezia;MIBR;40;101;210;107;0,68;154;73;15;3;5;0,27;0,2;1/5;29;29;27;6;1;2;53;4;12;5;8
6494;VCT 2025: Americas Kickoff;Main Event;Lower Final;cortezia;MIBR;98;78;169;82;0,59;123;61;14;2;6;0,28;0,11;1/9;29;60;73;14;2;6;53;4;12;5;8
6495;VCT 2025: Americas Kickoff;Main Event;Lower Final;aspas;MIBR;98;94;202;107;0,69;139;76;9;19;15;0,31;0,1;1/10;37;74;69;9;19;15;12;4;12;5;8
6496;VCT 2025: Americas Kickoff;Main Event;Lower Final;artzin;MIBR;40;68;158;65;0,63;109;5;2;1;23;0,21;0,4;2/5;10;20;31;8;4;9;11;4;12;5;8
6497;VCT 2025: Americas Kickoff;Main Event;Lower Final;artzin;MIBR;98;65;152;67;0,61;109;52;24;12;24;0,22;0,33;2/6;28;51;76;24;12;24;11;4;12;5;8
6498;VCT 2025: Americas Kickoff;All Stages;All Match Types;s0m;Mega Minors;68;13;239;136;0,85;150;84;59;1;7;0,24;0,17;1/6;30;57;42;40;7;5;28;8;12;3;25
6499;VCT 2025: Americas Kickoff;All Stages;All Match Types;s0m;Mega Minors;49;81;138;74;0,67;88;51;37;4;6;0,33;0,25;1/4;15;25;34;18;2;3;28;8;12;3;25
6500;VCT 2025: Americas Kickoff;All Stages;All Match Types;s0m;Mega Minors;183;111;215;11;0,81;134;75;44;1;8;0,24;0,11;2/18;30;138;125;81;19;14;28;8;12;3;25
6501;VCT 2025: Americas Kickoff;All Stages;All Match Types;Ethan;Mega Minors;49;125;224;117;0,76;140;69;51;4;2;0,27;0,14;1/7;24;34;29;25;2;1;31;8;12;3;25
6502;VCT 2025: Americas Kickoff;All Stages;All Match Types;Ethan;Mega Minors;42;75;134;57;0,69;93;4;64;0;7;0,2;0,29;2/7;11;17;30;27;0;3;31;8;12;3;25
6503;VCT 2025: Americas Kickoff;All Stages;All Match Types;Ethan;Mega Minors;44;131;256;137;0,75;164;93;45;9;9;0,32;0,4;2/5;21;41;30;20;4;4;31;8;12;3;25
6504;VCT 2025: Americas Kickoff;All Stages;All Match Types;Ethan;Mega Minors;183;101;188;94;0,72;123;62;44;4;8;0,27;0,25;5/20;24;114;121;81;8;15;31;8;12;3;25
6505;VCT 2025: Americas Kickoff;All Stages;All Match Types;FiNESSE;Mega Minors;42;84;160;79;0,67;105;52;26;12;14;0,14;0,14;1/7;11;22;28;11;5;6;228;8;12;3;25
6506;VCT 2025: Americas Kickoff;All Stages;All Match Types;FiNESSE;Mega Minors;183;79;145;68;0,68;100;47;32;5;1;0,18;0,05;1/20;16;86;126;59;9;18;228;8;12;3;25
6507;VCT 2025: Americas Kickoff;All Stages;All Match Types;Verno;Mega Minors;65;104;196;109;0,75;124;74;31;9;8;0,41;0,17;1/6;21;48;44;20;6;5;13;8;12;3;25
6508;VCT 2025: Americas Kickoff;All Stages;All Match Types;Verno;Mega Minors;70;78;141;7;0,73;100;47;2;3;9;0,24;0,09;1/11;14;33;47;14;2;6;13;8;12;3;25
6509;VCT 2025: Americas Kickoff;All Stages;All Match Types;Verno;Mega Minors;183;94;172;97;0,77;114;63;23;6;7;0,33;0,09;2/23;24;116;120;42;11;12;13;8;12;3;25
6510;VCT 2025: Americas Kickoff;All Stages;All Match Types;mada;Mega Minors;23;164;354;214;0,78;210;13;9;17;17;0,25;0,5;1/2;30;30;14;2;4;4;29;8;12;3;25
6511;VCT 2025: Americas Kickoff;All Stages;All Match Types;mada;Mega Minors;117;115;248;119;0,71;155;87;18;21;26;0,19;0,2;2/10;27;102;86;21;24;30;29;8;12;3;25
6512;VCT 2025: Americas Kickoff;All Stages;All Match Types;mada;Mega Minors;21;133;300;133;0,81;197;95;38;14;14;0,27;0,33;2/6;20;20;15;8;3;3;29;8;12;3;25
6513;VCT 2025: Americas Kickoff;All Stages;All Match Types;mada;Mega Minors;183;129;277;137;0,75;174;97;19;2;21;0,22;0,26;5/19;30;178;130;35;37;39;29;8;12;3;25
6514;VCT 2025: Americas Kickoff;All Stages;All Match Types;v1c;Cloud9;20;135;255;138;0,75;158;9;4;1;5;0,23;0,38;3/8;18;18;13;8;2;1;120;27;12;3;25
6515;VCT 2025: Americas Kickoff;All Stages;All Match Types;v1c;Cloud9;106;92;164;84;0,69;112;58;42;6;5;0,23;0,25;5/20;21;61;73;44;6;5;120;27;12;3;25
6516;VCT 2025: Americas Kickoff;All Stages;All Match Types;v1c;Cloud9;152;97;174;91;0,72;115;61;39;7;5;0,24;0,26;8/31;21;92;101;60;10;7;120;27;12;3;25
6517;VCT 2025: Americas Kickoff;All Stages;All Match Types;neT;Cloud9;44;68;165;77;0,57;100;61;25;7;2;0,62;0,17;1/6;14;27;35;11;3;9;121;27;12;3;25
6518;VCT 2025: Americas Kickoff;All Stages;All Match Types;neT;Cloud9;62;91;182;91;0,69;125;66;27;6;6;0,32;0,11;1/9;18;41;45;17;4;4;121;27;12;3;25
6519;VCT 2025: Americas Kickoff;All Stages;All Match Types;neT;Cloud9;152;83;175;86;0,68;116;63;23;9;1;0,4;0,1;2/20;18;95;110;35;13;15;121;27;12;3;25
6520;VCT 2025: Americas Kickoff;All Stages;All Match Types;mitch;Cloud9;62;104;175;88;0,77;109;58;63;8;6;0,19;0,22;2/9;17;36;41;39;5;4;123;27;12;3;25
6521;VCT 2025: Americas Kickoff;All Stages;All Match Types;mitch;Cloud9;152;8;163;71;0,67;103;52;47;8;12;0,2;0,14;2/14;17;79;111;71;12;18;123;27;12;3;25
6522;VCT 2025: Americas Kickoff;All Stages;All Match Types;Xeppaa;Cloud9;44;91;160;8;0,7;110;55;36;2;0;0,33;0,13;1/8;12;24;30;16;1;0;119;27;12;3;25
6523;VCT 2025: Americas Kickoff;All Stages;All Match Types;Xeppaa;Cloud9;62;109;217;114;0,77;146;81;24;1;5;0,19;0,33;3/9;26;50;44;15;6;3;119;27;12;3;25
6524;VCT 2025: Americas Kickoff;All Stages;All Match Types;Xeppaa;Cloud9;152;96;195;93;0,71;131;7;27;7;5;0,21;0,17;4/23;28;107;115;41;11;8;119;27;12;3;25
6525;VCT 2025: Americas Kickoff;All Stages;All Match Types;OXY;Cloud9;44;107;262;117;0,61;172;95;9;23;18;0,23;1;1/1;23;42;36;4;10;8;132;27;12;3;25
6526;VCT 2025: Americas Kickoff;All Stages;All Match Types;OXY;Cloud9;152;88;222;93;0,66;146;78;2;16;22;0,23;0,17;1/6;24;118;127;30;25;33;132;27;12;3;25
6527;VCT 2025: Americas Kickoff;All Stages;All Match Types;Melser;KRÃœ Esports;58;123;223;127;0,74;138;81;28;16;7;0,43;0,25;1/4;19;47;37;16;9;4;152;29;12;3;25
6528;VCT 2025: Americas Kickoff;All Stages;All Match Types;Melser;KRÃœ Esports;59;133;236;169;0,9;140;92;49;8;5;0,26;0,5;2/4;26;54;32;29;5;3;152;29;12;3;25
6529;VCT 2025: Americas Kickoff;All Stages;All Match Types;Melser;KRÃœ Esports;129;10;178;103;0,74;114;63;33;8;7;0,32;0,21;4/19;19;81;79;43;10;9;152;29;12;3;25
6530;VCT 2025: Americas Kickoff;All Stages;All Match Types;Melser;KRÃœ Esports;246;114;204;123;0,78;126;74;36;1;7;0,33;0,26;7/27;26;182;148;88;24;16;152;29;12;3;25
6531;VCT 2025: Americas Kickoff;All Stages;All Match Types;Mazino;KRÃœ Esports;58;119;206;113;0,83;120;74;67;14;3;0,23;0,22;2/9;20;43;38;39;8;2;130;29;12;3;25
6532;VCT 2025: Americas Kickoff;All Stages;All Match Types;Mazino;KRÃœ Esports;246;89;182;89;0,72;118;65;45;9;13;0,27;0,1;2/20;21;159;178;110;22;31;130;29;12;3;25
6533;VCT 2025: Americas Kickoff;All Stages;All Match Types;Shyy;KRÃœ Esports;129;116;197;113;0,79;134;72;22;6;2;0,29;0,21;4/19;18;93;82;28;8;3;129;29;12;3;25
6534;VCT 2025: Americas Kickoff;All Stages;All Match Types;Shyy;KRÃœ Esports;58;88;189;82;0,66;124;62;21;9;7;0,22;0,4;4/10;16;36;44;12;5;4;129;29;12;3;25
6535;VCT 2025: Americas Kickoff;All Stages;All Match Types;Shyy;KRÃœ Esports;59;16;270;211;0,83;176;10;27;1;3;0,3;0,11;1/9;25;59;28;16;6;2;129;29;12;3;25
6536;VCT 2025: Americas Kickoff;All Stages;All Match Types;Shyy;KRÃœ Esports;246;12;213;122;0,77;142;76;23;8;4;0,28;0,24;9/38;25;188;154;56;19;9;129;29;12;3;25
6537;VCT 2025: Americas Kickoff;All Stages;All Match Types;keznit;KRÃœ Esports;125;92;196;98;0,67;122;69;1;19;22;0,3;0,18;2/11;19;86;88;12;24;27;144;29;12;3;25
6538;VCT 2025: Americas Kickoff;All Stages;All Match Types;keznit;KRÃœ Esports;121;116;234;123;0,79;154;8;23;16;1;0,17;0,14;1/7;24;97;79;28;19;12;144;29;12;3;25
6539;VCT 2025: Americas Kickoff;All Stages;All Match Types;keznit;KRÃœ Esports;246;103;215;11;0,73;138;74;16;17;16;0,22;0,17;3/18;24;183;167;40;43;39;144;29;12;3;25
6540;VCT 2025: Americas Kickoff;All Stages;All Match Types;adverso;KRÃœ Esports;125;83;157;79;0,66;106;54;3;5;6;0,19;0,27;3/11;14;67;85;37;6;8;139;29;12;3;25
6541;VCT 2025: Americas Kickoff;All Stages;All Match Types;adverso;KRÃœ Esports;121;107;216;107;0,75;139;74;33;11;13;0,19;0,31;4/13;21;90;84;40;13;16;139;29;12;3;25
6542;VCT 2025: Americas Kickoff;All Stages;All Match Types;adverso;KRÃœ Esports;246;94;186;93;0,71;122;64;31;8;1;0,19;0,29;7/24;21;157;169;77;19;24;139;29;12;3;25
6543;VCT 2025: Americas Kickoff;All Stages;All Match Types;xenom;MIBR;253;117;194;123;0,81;127;72;47;6;5;0,31;0,24;9/38;33;182;148;119;15;12;39;4;12;3;25
6544;VCT 2025: Americas Kickoff;All Stages;All Match Types;xenom;MIBR;373;104;183;103;0,76;118;66;42;6;6;0,31;0,17;9/53;33;247;240;155;21;24;39;4;12;3;25
6545;VCT 2025: Americas Kickoff;All Stages;All Match Types;nzr;MIBR;129;95;177;84;0,7;122;57;42;6;5;0,24;0,24;4/17;19;73;87;54;8;6;248;4;12;3;25
6546;VCT 2025: Americas Kickoff;All Stages;All Match Types;nzr;MIBR;373;93;172;86;0,69;119;58;33;4;3;0,27;0,08;4/49;23;216;250;122;14;13;248;4;12;3;25
6547;VCT 2025: Americas Kickoff;All Stages;All Match Types;artzin;MIBR;167;88;192;87;0,73;125;65;4;12;17;0,19;0,25;1/4;28;109;126;66;20;28;11;4;12;3;25
6548;VCT 2025: Americas Kickoff;All Stages;All Match Types;artzin;MIBR;106;98;228;105;0,71;145;78;19;17;22;0,15;0,38;3/8;26;83;79;20;18;23;11;4;12;3;25
6549;VCT 2025: Americas Kickoff;All Stages;All Match Types;artzin;MIBR;373;85;193;84;0,68;126;65;3;13;19;0,18;0,18;4/22;28;243;288;112;49;71;11;4;12;3;25
6550;VCT 2025: Americas Kickoff;All Stages;All Match Types;cortezia;MIBR;99;82;149;84;0,63;117;58;11;5;9;0,3;0,09;1/11;29;57;68;11;5;9;53;4;12;3;25
6551;VCT 2025: Americas Kickoff;All Stages;All Match Types;cortezia;MIBR;107;92;212;101;0,78;137;7;3;11;5;0,26;0,13;1/8;22;75;74;32;12;5;53;4;12;3;25
6552;VCT 2025: Americas Kickoff;All Stages;All Match Types;cortezia;MIBR;373;86;184;92;0,67;126;66;18;8;8;0,34;0,06;2/33;29;245;267;67;31;30;53;4;12;3;25
6553;VCT 2025: Americas Kickoff;All Stages;All Match Types;aspas;MIBR;273;126;246;147;0,78;158;9;12;21;12;0,22;0,08;2/25;37;247;168;33;57;33;12;4;12;3;25
6554;VCT 2025: Americas Kickoff;All Stages;All Match Types;aspas;MIBR;100;126;254;116;0,73;177;85;15;16;12;0,25;0,06;1/17;24;85;73;15;16;12;12;4;12;3;25
6555;VCT 2025: Americas Kickoff;All Stages;All Match Types;aspas;MIBR;373;126;249;138;0,77;163;89;13;2;12;0,23;0,07;3/42;37;332;241;48;73;45;12;4;12;3;25
6556;VCT 2025: Americas Kickoff;All Stages;All Match Types;bang;Sentinels;187;105;190;98;0,8;126;64;49;7;9;0,34;0,24;4/17;24;119;121;91;13;17;47;9;12;3;25
6557;VCT 2025: Americas Kickoff;All Stages;All Match Types;bang;Sentinels;143;98;192;96;0,75;123;69;34;1;9;0,35;0,09;1/11;19;98;102;49;14;13;47;9;12;3;25
6558;VCT 2025: Americas Kickoff;All Stages;All Match Types;bang;Sentinels;370;10;189;96;0,76;124;65;41;8;9;0,34;0,15;5/33;24;242;252;152;31;34;47;9;12;3;25
6559;VCT 2025: Americas Kickoff;All Stages;All Match Types;N4RRATE;Sentinels;118;10;178;94;0,75;112;64;42;5;8;0,21;0,29;4/14;16;75;80;50;6;9;41;9;12;3;25
6560;VCT 2025: Americas Kickoff;All Stages;All Match Types;N4RRATE;Sentinels;147;106;204;10;0,76;130;67;35;5;8;0,21;0,23;3/13;19;98;98;52;7;12;41;9;12;3;25
6561;VCT 2025: Americas Kickoff;All Stages;All Match Types;N4RRATE;Sentinels;60;82;165;77;0,7;109;57;38;7;8;0,29;0,4;2/5;14;34;44;23;4;5;41;9;12;3;25
6562;VCT 2025: Americas Kickoff;All Stages;All Match Types;N4RRATE;Sentinels;370;10;194;95;0,74;125;66;38;7;8;0,23;0,28;9/32;21;244;258;140;27;28;41;9;12;3;25
6563;VCT 2025: Americas Kickoff;All Stages;All Match Types;Zellsis;Sentinels;23;51;124;5;0,57;80;39;26;4;13;0,26;0,25;1/4;9;9;18;6;1;3;122;9;12;3;25
6564;VCT 2025: Americas Kickoff;All Stages;All Match Types;Zellsis;Sentinels;76;105;214;113;0,71;138;78;24;8;11;0,21;0,18;2/11;18;59;52;18;6;8;122;9;12;3;25
6565;VCT 2025: Americas Kickoff;All Stages;All Match Types;Zellsis;Sentinels;189;99;195;93;0,7;136;66;29;8;13;0,25;0,1;3/29;31;125;134;55;15;24;122;9;12;3;25
6566;VCT 2025: Americas Kickoff;All Stages;All Match Types;Zellsis;Sentinels;370;101;200;97;0,7;130;69;35;8;11;0,24;0,11;6/54;31;254;261;129;29;40;122;9;12;3;25
6567;VCT 2025: Americas Kickoff;All Stages;All Match Types;zekken;Sentinels;60;96;197;116;0,65;140;73;13;2;2;0,26;0,25;1/4;17;44;38;8;12;12;42;9;12;3;25
6568;VCT 2025: Americas Kickoff;All Stages;All Match Types;zekken;Sentinels;268;106;228;109;0,73;145;81;24;19;18;0,23;0,13;4/32;32;217;199;64;52;48;42;9;12;3;25
6569;VCT 2025: Americas Kickoff;All Stages;All Match Types;zekken;Sentinels;370;104;220;11;0,72;144;79;22;19;18;0,23;0,14;5/37;32;291;264;81;71;68;42;9;12;3;25
6570;VCT 2025: Americas Kickoff;All Stages;All Match Types;johnqt;Sentinels;289;111;194;108;0,74;131;68;24;7;5;0,26;0,12;4/34;27;197;182;69;19;15;48;9;12;3;25
6571;VCT 2025: Americas Kickoff;All Stages;All Match Types;johnqt;Sentinels;370;109;186;105;0,74;128;65;27;6;5;0,27;0,1;4/40;27;242;231;100;24;18;48;9;12;3;25
6572;VCT 2025: Americas Kickoff;All Stages;All Match Types;valyn;G2 Esports;162;102;182;101;0,7;119;64;35;5;8;0,22;0,38;5/13;20;104;103;56;8;13;35;3;12;3;25
6573;VCT 2025: Americas Kickoff;All Stages;All Match Types;valyn;G2 Esports;221;103;188;103;0,72;123;66;4;6;7;0,2;0,29;5/17;20;145;141;89;14;16;35;3;12;3;25
6574;VCT 2025: Americas Kickoff;All Stages;All Match Types;JonahP;G2 Esports;162;103;167;98;0,77;104;61;52;6;6;0,25;0,12;2/17;18;99;101;85;9;9;36;3;12;3;25
6575;VCT 2025: Americas Kickoff;All Stages;All Match Types;JonahP;G2 Esports;59;112;210;122;0,81;140;76;47;5;7;0,23;0,4;2/5;18;45;37;28;3;4;36;3;12;3;25
6576;VCT 2025: Americas Kickoff;All Stages;All Match Types;JonahP;G2 Esports;221;105;179;104;0,78;114;65;51;5;6;0,24;0,18;4/22;18;144;138;113;12;13;36;3;12;3;25
6577;VCT 2025: Americas Kickoff;All Stages;All Match Types;leaf;G2 Esports;122;12;229;132;0,7;144;84;15;2;11;0,29;0,23;3/13;22;103;78;18;25;14;8;3;12;3;25
6578;VCT 2025: Americas Kickoff;All Stages;All Match Types;leaf;G2 Esports;36;12;235;115;0,81;171;86;22;8;3;0,25;0,25;1/4;22;31;27;8;3;1;8;3;12;3;25
6579;VCT 2025: Americas Kickoff;All Stages;All Match Types;leaf;G2 Esports;63;117;229;127;0,68;154;83;29;1;6;0,26;0,2;3/15;24;52;41;18;6;4;8;3;12;3;25
6580;VCT 2025: Americas Kickoff;All Stages;All Match Types;leaf;G2 Esports;221;119;230;127;0,71;152;84;2;15;9;0,27;0,22;7/32;24;186;146;44;34;19;8;3;12;3;25
6581;VCT 2025: Americas Kickoff;All Stages;All Match Types;jawgemo;G2 Esports;181;95;209;95;0,71;134;72;3;18;14;0,2;0,18;2/11;21;131;138;54;33;26;10;3;12;3;25
6582;VCT 2025: Americas Kickoff;All Stages;All Match Types;jawgemo;G2 Esports;221;97;217;99;0,72;137;76;3;19;15;0,18;0,17;2/12;21;167;169;66;43;33;10;3;12;3;25
6583;VCT 2025: Americas Kickoff;All Stages;All Match Types;trent;G2 Esports;122;127;219;146;0,75;151;78;27;6;4;0,27;0,21;3/14;18;95;65;33;7;5;9;3;12;3;25
6584;VCT 2025: Americas Kickoff;All Stages;All Match Types;trent;G2 Esports;99;124;215;138;0,76;150;85;14;14;11;0,28;0,31;4/13;23;84;61;14;14;11;9;3;12;3;25
6585;VCT 2025: Americas Kickoff;All Stages;All Match Types;trent;G2 Esports;221;126;217;142;0,75;151;81;21;1;7;0,28;0,26;7/27;23;179;126;47;21;16;9;3;12;3;25
6586;VCT 2025: Americas Kickoff;All Stages;All Match Types;supamen;Evil Geniuses;23;101;169;107;0,65;97;65;26;4;13;0,48;1;1/1;15;15;14;6;1;3;127;28;12;3;25
6587;VCT 2025: Americas Kickoff;All Stages;All Match Types;supamen;Evil Geniuses;20;121;204;118;0,8;151;65;65;2;1;0,47;1;2/2;13;13;11;13;4;2;127;28;12;3;25
6588;VCT 2025: Americas Kickoff;All Stages;All Match Types;supamen;Evil Geniuses;85;96;192;97;0,69;124;71;21;7;6;0,31;0,14;2/14;25;60;62;18;6;5;127;28;12;3;25
6589;VCT 2025: Americas Kickoff;All Stages;All Match Types;supamen;Evil Geniuses;128;101;190;101;0,7;123;69;29;9;8;0,35;0,29;5/17;25;88;87;37;11;10;127;28;12;3;25
6590;VCT 2025: Americas Kickoff;All Stages;All Match Types;yay;Evil Geniuses;43;94;172;93;0,65;113;6;19;12;7;0,34;0,67;2/3;14;26;28;8;5;3;147;28;12;3;25
6591;VCT 2025: Americas Kickoff;All Stages;All Match Types;yay;Evil Geniuses;42;93;183;93;0,5;111;67;2;17;17;0,3;0,17;1/6;18;28;30;1;7;7;147;28;12;3;25
6592;VCT 2025: Americas Kickoff;All Stages;All Match Types;yay;Evil Geniuses;128;97;194;96;0,62;129;66;2;16;1;0,3;0,27;3/11;18;85;89;25;20;13;147;28;12;3;25
6593;VCT 2025: Americas Kickoff;All Stages;All Match Types;NaturE;Evil Geniuses;20;142;215;164;0,75;139;9;4;0;0;0,22;0,5;1/2;18;18;11;8;0;0;146;28;12;3;25
6594;VCT 2025: Americas Kickoff;All Stages;All Match Types;NaturE;Evil Geniuses;42;72;158;74;0,62;108;55;14;1;7;0,2;0,17;1/6;17;23;31;6;4;3;146;28;12;3;25
6595;VCT 2025: Americas Kickoff;All Stages;All Match Types;NaturE;Evil Geniuses;66;95;166;82;0,71;117;55;33;2;9;0,29;0,17;1/6;16;36;44;22;1;6;146;28;12;3;25
6596;VCT 2025: Americas Kickoff;All Stages;All Match Types;NaturE;Evil Geniuses;128;95;172;9;0,69;117;6;28;4;7;0,25;0,21;3/14;18;77;86;36;5;9;146;28;12;3;25
6597;VCT 2025: Americas Kickoff;All Stages;All Match Types;icy;Evil Geniuses;66;88;203;96;0,59;125;71;11;15;27;0,23;0,09;1/11;19;47;49;7;10;18;143;28;12;3;25
6598;VCT 2025: Americas Kickoff;All Stages;All Match Types;icy;Evil Geniuses;128;94;216;96;0,66;141;74;16;14;2;0,21;0,06;1/16;19;95;99;20;18;25;143;28;12;3;25
6599;VCT 2025: Americas Kickoff;All Stages;All Match Types;Derrek;Evil Geniuses;66;109;212;107;0,77;144;73;3;6;6;0,36;0,09;1/11;20;48;45;20;4;4;142;28;12;3;25
6600;VCT 2025: Americas Kickoff;All Stages;All Match Types;Derrek;Evil Geniuses;128;85;175;83;0,73;115;61;34;4;9;0,35;0,05;1/19;20;78;94;44;5;12;142;28;12;3;25
6601;VCT 2025: Americas Kickoff;All Stages;All Match Types;pANcada;LOUD;118;96;177;10;0,74;116;64;31;6;8;0,38;0,11;2/19;18;76;76;37;7;9;140;32;12;3;25
6602;VCT 2025: Americas Kickoff;All Stages;All Match Types;pANcada;LOUD;204;108;193;108;0,75;129;7;31;8;5;0,39;0,05;2/38;20;142;131;63;17;11;140;32;12;3;25
6603;VCT 2025: Americas Kickoff;All Stages;All Match Types;v1nny;LOUD;139;84;146;81;0,72;101;53;29;4;6;0,34;0,11;2/19;17;74;91;40;6;9;235;32;12;3;25
6604;VCT 2025: Americas Kickoff;All Stages;All Match Types;v1nny;LOUD;65;98;169;84;0,71;124;57;6;2;11;0,34;0,17;1/6;20;37;44;39;1;7;235;32;12;3;25
6605;VCT 2025: Americas Kickoff;All Stages;All Match Types;v1nny;LOUD;204;88;154;82;0,72;108;54;39;3;8;0,34;0,12;3/25;20;111;135;79;7;16;235;32;12;3;25
6606;VCT 2025: Americas Kickoff;All Stages;All Match Types;tuyz;LOUD;186;85;153;83;0,7;100;54;24;8;9;0,3;0,36;5/14;16;100;120;45;14;16;138;32;12;3;25
6607;VCT 2025: Americas Kickoff;All Stages;All Match Types;tuyz;LOUD;18;116;204;93;0,72;132;72;28;17;6;0,37;0,33;1/3;13;13;14;5;3;1;138;32;12;3;25
6608;VCT 2025: Americas Kickoff;All Stages;All Match Types;tuyz;LOUD;204;88;159;84;0,7;103;55;25;8;8;0,31;0,35;6/17;16;113;134;50;17;17;138;32;12;3;25
6609;VCT 2025: Americas Kickoff;All Stages;All Match Types;cauanzin;LOUD;91;102;221;103;0,65;145;75;15;13;11;0,33;0,33;1/3;22;68;66;14;12;10;145;32;12;3;25
6610;VCT 2025: Americas Kickoff;All Stages;All Match Types;cauanzin;LOUD;204;94;211;93;0,65;138;7;24;13;13;0,28;0,13;1/8;22;142;153;49;26;27;145;32;12;3;25
6611;VCT 2025: Americas Kickoff;All Stages;All Match Types;dgzin;LOUD;91;114;222;137;0,7;149;81;11;25;1;0,27;0,17;1/6;23;74;54;10;23;9;236;32;12;3;25
6612;VCT 2025: Americas Kickoff;All Stages;All Match Types;dgzin;LOUD;113;123;252;133;0,69;162;89;13;17;13;0,26;0,1;1/10;28;101;76;15;19;15;236;32;12;3;25
6613;VCT 2025: Americas Kickoff;All Stages;All Match Types;dgzin;LOUD;204;119;239;135;0,7;156;86;12;21;12;0,26;0,13;2/16;28;175;130;25;42;24;236;32;12;3;25
6614;VCT 2025: Americas Kickoff;All Stages;All Match Types;kiNgg;LEVIATÃN;40;88;197;79;0,8;126;65;3;1;5;0,31;0,08;1/12;15;26;33;12;4;2;128;25;12;3;25
6615;VCT 2025: Americas Kickoff;All Stages;All Match Types;kiNgg;LEVIATÃN;22;105;201;10;0,77;138;73;59;5;9;0,23;0,5;1/2;16;16;16;13;1;2;128;25;12;3;25
6616;VCT 2025: Americas Kickoff;All Stages;All Match Types;kiNgg;LEVIATÃN;86;12;229;127;0,81;144;81;37;1;1;0,34;0,2;1/5;20;70;55;32;9;9;128;25;12;3;25
6617;VCT 2025: Americas Kickoff;All Stages;All Match Types;kiNgg;LEVIATÃN;148;109;216;108;0,8;138;76;39;9;9;0,32;0,16;3/19;20;112;104;57;14;13;128;25;12;3;25
6618;VCT 2025: Americas Kickoff;All Stages;All Match Types;nataNk;LEVIATÃN;21;112;192;108;0,81;113;62;67;1;1;0,23;0,5;1/2;13;13;12;14;2;2;95;25;12;3;25
6619;VCT 2025: Americas Kickoff;All Stages;All Match Types;nataNk;LEVIATÃN;38;105;196;118;0,76;127;68;26;5;16;0,26;0,5;1/2;13;26;22;10;2;6;95;25;12;3;25
6620;VCT 2025: Americas Kickoff;All Stages;All Match Types;nataNk;LEVIATÃN;22;104;253;112;0,73;167;86;18;32;23;0,24;0,33;1/3;19;19;17;4;7;5;95;25;12;3;25
6621;VCT 2025: Americas Kickoff;All Stages;All Match Types;nataNk;LEVIATÃN;45;12;216;126;0,76;150;76;38;13;13;0,31;0,17;1/6;20;34;27;17;6;6;95;25;12;3;25
6622;VCT 2025: Americas Kickoff;All Stages;All Match Types;nataNk;LEVIATÃN;148;105;207;107;0,76;137;7;38;13;14;0,25;0,27;4/15;20;104;97;56;19;21;95;25;12;3;25
6623;VCT 2025: Americas Kickoff;All Stages;All Match Types;tex;LEVIATÃN;66;94;164;10;0,68;111;62;9;9;8;0,32;0,29;2/7;17;41;41;6;6;5;114;25;12;3;25
6624;VCT 2025: Americas Kickoff;All Stages;All Match Types;tex;LEVIATÃN;42;102;198;114;0,74;130;76;7;2;12;0,4;0,25;2/8;16;32;28;3;1;5;114;25;12;3;25
6625;VCT 2025: Americas Kickoff;All Stages;All Match Types;tex;LEVIATÃN;40;119;210;119;0,68;137;78;13;5;15;0,4;0,4;2/5;16;31;26;5;2;6;114;25;12;3;25
6626;VCT 2025: Americas Kickoff;All Stages;All Match Types;tex;LEVIATÃN;148;103;187;109;0,7;123;7;9;6;11;0,36;0,3;6/20;17;104;95;14;9;16;114;25;12;3;25
6627;VCT 2025: Americas Kickoff;All Stages;All Match Types;C0M;LEVIATÃN;65;112;235;123;0,77;156;89;22;8;6;0,28;0,2;2/10;27;58;47;14;5;4;115;25;12;3;25
6628;VCT 2025: Americas Kickoff;All Stages;All Match Types;C0M;LEVIATÃN;65;92;196;95;0,77;130;63;32;6;11;0,18;0,17;1/6;14;41;43;21;4;7;115;25;12;3;25
6629;VCT 2025: Americas Kickoff;All Stages;All Match Types;C0M;LEVIATÃN;148;94;196;97;0,74;132;7;26;6;7;0,21;0,17;3/18;27;103;106;38;9;11;115;25;12;3;25
6630;VCT 2025: Americas Kickoff;All Stages;All Match Types;zander;100 Thieves;61;8;164;81;0,72;102;56;41;7;13;0,24;0,17;1/6;15;34;42;25;4;8;118;26;12;3;25
6631;VCT 2025: Americas Kickoff;All Stages;All Match Types;zander;100 Thieves;43;106;175;113;0,74;100;63;37;14;7;0,23;0,33;1/3;17;27;24;16;6;3;118;26;12;3;25
6632;VCT 2025: Americas Kickoff;All Stages;All Match Types;zander;100 Thieves;66;86;177;83;0,74;115;59;23;12;9;0,26;0,2;2/10;19;39;47;15;8;6;118;26;12;3;25
6633;VCT 2025: Americas Kickoff;All Stages;All Match Types;zander;100 Thieves;170;89;172;88;0,74;107;59;33;11;1;0,25;0,21;4/19;19;100;113;56;18;17;118;26;12;3;25
6634;VCT 2025: Americas Kickoff;All Stages;All Match Types;Boostio;100 Thieves;22;53;149;63;0,55;101;55;9;9;9;0,24;0,5;1/2;12;12;19;2;2;2;227;26;12;3;25
6635;VCT 2025: Americas Kickoff;All Stages;All Match Types;Boostio;100 Thieves;170;69;138;68;0,69;86;48;33;5;7;0,23;0,07;1/14;14;81;119;56;9;12;227;26;12;3;25
6636;VCT 2025: Americas Kickoff;All Stages;All Match Types;Cryocells;100 Thieves;66;113;215;107;0,82;145;74;29;11;5;0,31;0,11;1/9;22;49;46;19;7;3;124;26;12;3;25
6637;VCT 2025: Americas Kickoff;All Stages;All Match Types;Cryocells;100 Thieves;43;109;246;117;0,84;166;81;28;19;9;0,23;0,33;1/3;19;35;30;12;8;4;124;26;12;3;25
6638;VCT 2025: Americas Kickoff;All Stages;All Match Types;Cryocells;100 Thieves;17;213;338;30;0,94;233;141;24;12;0;0,46;0,67;2/3;24;24;8;4;2;0;124;26;12;3;25
6639;VCT 2025: Americas Kickoff;All Stages;All Match Types;Cryocells;100 Thieves;170;115;234;12;0,81;154;81;24;14;8;0,29;0,2;4/20;24;138;115;41;23;13;124;26;12;3;25
6640;VCT 2025: Americas Kickoff;All Stages;All Match Types;eeiu;100 Thieves;153;107;188;119;0,78;121;73;32;5;5;0,41;0,18;4/22;26;112;94;49;8;7;125;26;12;3;25
6641;VCT 2025: Americas Kickoff;All Stages;All Match Types;eeiu;100 Thieves;170;109;198;121;0,78;129;76;32;6;5;0,41;0,17;4/23;26;129;107;55;10;8;125;26;12;3;25
6642;VCT 2025: Americas Kickoff;All Stages;All Match Types;Asuna;100 Thieves;44;8;170;78;0,66;106;57;39;7;9;0,23;0,33;2/6;13;25;32;17;3;4;126;26;12;3;25
6643;VCT 2025: Americas Kickoff;All Stages;All Match Types;Asuna;100 Thieves;43;129;298;154;0,77;185;10;28;21;16;0,3;0,5;1/2;23;43;28;12;9;7;126;26;12;3;25
6644;VCT 2025: Americas Kickoff;All Stages;All Match Types;Asuna;100 Thieves;83;103;234;103;0,71;154;77;22;25;19;0,17;0,5;3/6;21;64;62;18;21;16;126;26;12;3;25
6645;VCT 2025: Americas Kickoff;All Stages;All Match Types;Asuna;100 Thieves;170;104;234;108;0,71;150;78;28;19;16;0,22;0,43;6/14;23;132;122;47;33;27;126;26;12;3;25
6646;VCT 2025: Americas Kickoff;All Stages;All Match Types;lz;2Game Esports;16;58;152;64;0,56;96;56;13;0;38;0,37;0,5;1/2;9;9;14;2;0;6;136;30;12;3;25
6647;VCT 2025: Americas Kickoff;All Stages;All Match Types;lz;2Game Esports;38;98;200;87;0,66;134;68;34;13;13;0,48;0,25;1/4;14;26;30;13;5;5;136;30;12;3;25
6648;VCT 2025: Americas Kickoff;All Stages;All Match Types;lz;2Game Esports;69;8;171;74;0,61;118;61;26;12;17;0,44;0,2;2/10;14;42;57;18;8;12;136;30;12;3;25
6649;VCT 2025: Americas Kickoff;All Stages;All Match Types;gobera;2Game Esports;38;121;264;117;0,74;179;92;26;11;8;0,32;0,09;1/11;23;35;30;10;4;3;133;30;12;3;25
6650;VCT 2025: Americas Kickoff;All Stages;All Match Types;gobera;2Game Esports;69;116;240;107;0,75;157;84;29;1;6;0,32;0,06;1/18;23;58;54;20;7;4;133;30;12;3;25
6651;VCT 2025: Americas Kickoff;All Stages;All Match Types;raafa;FURIA;21;74;150;69;0,57;111;52;24;0;1;0,23;0,5;1/2;11;11;16;5;0;2;229;31;12;3;25
6652;VCT 2025: Americas Kickoff;All Stages;All Match Types;raafa;FURIA;80;6;136;56;0,55;94;44;25;3;13;0,21;0,08;1/12;12;35;63;20;2;10;229;31;12;3;25
6653;VCT 2025: Americas Kickoff;All Stages;All Match Types;Khalil;FURIA;20;141;264;136;0,85;184;95;3;5;0;0,37;0,25;1/4;19;19;14;6;1;0;230;31;12;3;25
6654;VCT 2025: Americas Kickoff;All Stages;All Match Types;Khalil;FURIA;80;11;211;107;0,79;137;78;26;9;4;0,39;0,07;1/14;19;62;58;21;7;3;230;31;12;3;25
6655;VCT 2025: Americas Kickoff;All Stages;All Match Types;heat;FURIA;61;82;176;89;0,66;119;64;1;1;11;0,44;0,11;1/9;16;39;44;6;6;7;149;31;12;3;25
6656;VCT 2025: Americas Kickoff;All Stages;All Match Types;heat;FURIA;80;79;172;83;0,61;116;61;9;9;13;0,41;0,11;1/9;16;49;59;7;7;10;149;31;12;3;25
6657;VCT 2025: Americas Kickoff;All Stages;All Match Types;penny;FURIA;20;85;192;107;0,75;110;75;5;15;1;0,24;0,33;1/3;15;15;14;1;3;2;103;31;12;3;25
6658;VCT 2025: Americas Kickoff;All Stages;All Match Types;penny;FURIA;38;137;266;168;0,82;166;97;21;18;11;0,24;0,25;1/4;22;37;22;8;7;4;103;31;12;3;25
6659;VCT 2025: Americas Kickoff;All Stages;All Match Types;stellar;FURIA;38;108;204;121;0,76;143;76;29;11;16;0,19;1;2/2;15;29;24;11;4;6;247;31;12;3;25
